bird,year,timestamp,lat,lon,bird_type,displacement_km,displacement_km_log,move_direction,ground_speed,is_moving,u_925,v_925,w_925,t_925,z_925,q_925,u_850,v_850,w_850,t_850,z_850,q_850,u_700,v_700,w_700,t_700,z_700,q_700,ws_925,ws_850,ws_700,wspeed_850,lapse_rate,daylength_h,bird_Art,bird_Bea,bird_Bergen,bird_Caley,bird_Clyde,bird_Hudson,bird_Isabel,bird_Jill,bird_Whit
Art,2012,2012-09-11 15:00:00,43.47333,-71.64667,wind,22.332439367560642,3.1498446398284647,193.26435812253894,18.00555556,1,3.110382080078125,-4.5463104248046875,0.13167476654052734,282.37841796875,8319.25,0.004696941934525967,0.1891937255859375,-7.046234130859375,-0.2458019256591797,281.32763671875,15168.86328125,0.0012225629761815071,5.5107879638671875,-9.800338745117188,0.4635896682739258,275.050048828125,30641.8203125,0.0011068006278946996,3.711363537850864,6.8148438009430805,8.274464323221295,7.048773630404701,7.328369140625,12.676944444444445,1,0,0,0,0,0,0,0,0
Art,2012,2012-09-11 16:00:00,43.18783,-71.8215,wind,34.75316730793447,3.5766388612417597,204.07002318871955,18.00555556,1,2.6235198974609375,-3.7492523193359375,0.12494659423828125,283.9814453125,8342.6875,0.0043096719309687614,0.126922607421875,-6.1878662109375,-0.06495952606201172,280.914306640625,15195.36328125,0.0012923027388751507,5.39471435546875,-9.975128173828125,0.5681915283203125,276.263671875,30693.40234375,0.0011748723918572068,2.3532361875846166,5.598051197022662,6.907518283636658,6.189167762529691,7.7177734375,12.671111111111111,1,0,0,0,0,0,0,0,0
Art,2012,2012-09-11 21:00:00,42.19867,-73.00833,wind,17.285305864585904,2.906097779084404,224.6626458343055,0.0,0,3.874481201171875,-1.4063873291015625,0.2044057846069336,287.732421875,8406.60546875,0.0046687740832567215,5.42181396484375,-3.5010986328125,0.38284778594970703,282.41796875,15329.49609375,0.0022812604438513517,4.98193359375,-8.086349487304688,0.2141704559326172,277.782470703125,31002.57421875,0.0016331396764144301,-1.7231894057136437,-1.3209778278894828,2.2495236935784826,6.45397228891295,9.949951171875,12.650555555555556,1,0,0,0,0,0,0,0,0
Art,2012,2012-09-12 14:00:00,42.02,-73.16317,wind,23.494471786436574,3.1984474507199017,212.90390985168713,0.0,0,0.2904510498046875,-1.8894805908203125,0.03357982635498047,288.034423828125,8800.13671875,0.00507598789408803,1.087554931640625,-2.1110992431640625,0.14267826080322266,284.852783203125,15761.5546875,0.003418366424739361,0.977874755859375,-4.2218475341796875,0.12841129302978516,279.05419921875,31549.80078125,0.0027195916045457125,1.4285931679399826,1.1816482438145015,3.0133779498233193,2.374766460901729,8.980224609375,12.600555555555555,1,0,0,0,0,0,0,0,0
Art,2012,2012-09-12 16:00:00,41.86717,-73.33217,wind,22.32019259875809,3.1493196204000773,220.25253003093817,8.231111111,1,0.3867034912109375,0.4628143310546875,-0.1161956787109375,288.1689453125,8851.23046875,0.006217428483068943,1.4850311279296875,-2.018524169921875,0.15479087829589844,285.5068359375,15813.4140625,0.003255917225033045,0.43841552734375,-4.4512176513671875,0.08780574798583984,279.404052734375,31626.5703125,0.002692891750484705,-0.6030931512302106,0.5809813248782577,3.113901279368762,2.505944387946172,8.764892578125,12.597777777777777,1,0,0,0,0,0,0,0,0
Art,2012,2012-09-12 17:00:00,41.7245,-73.634,wind,29.626579061266426,3.4218682287198687,237.7248109802651,17.49111111,1,0.581787109375,1.48968505859375,0.10589885711669922,288.8662109375,8844.64453125,0.00648393202573061,1.0987548828125,-1.45294189453125,0.028211593627929688,286.119384765625,15823.5546875,0.0032616255339235067,0.525848388671875,-5.2570343017578125,-0.00047016143798828125,279.755126953125,31657.9453125,0.0025143155362457037,-1.2873683856548155,-0.15313869607574027,2.362582944061566,1.821620828105665,9.111083984375,12.595,1,0,0,0,0,0,0,0,0
Art,2012,2012-09-12 18:00:00,41.60567,-73.991,wind,32.465555619846036,3.5105167194282547,246.1026084510146,11.31777778,1,0.919097900390625,1.6819305419921875,0.12394428253173828,289.492919921875,8832.9765625,0.006733558140695095,0.993194580078125,-0.9630889892578125,0.0699148178100586,286.63427734375,15819.44140625,0.0029526646248996258,-0.2938079833984375,-4.5531005859375,0.009080886840820312,279.858154296875,31662.69140625,0.0025524606462568045,-1.5216558440891088,-0.5179030763309571,2.1130814131289846,1.3834651694662203,9.634765625,12.592777777777778,1,0,0,0,0,0,0,0,0
Art,2012,2012-09-12 19:00:00,41.52283,-74.307,wind,27.857359989066254,3.3623650726911665,250.79588992756283,11.31777778,1,0.9231719970703125,2.2002716064453125,0.07645988464355469,290.420654296875,8803.79296875,0.0067210993729531765,1.5851287841796875,-0.0669097900390625,0.0969390869140625,286.1083984375,15803.046875,0.0034986347891390324,-0.5922698974609375,-3.6410369873046875,0.06294536590576172,280.14404296875,31659.296875,0.00247665005736053,-1.5955450377359934,-1.4749118379340862,1.7569740029067502,1.5865403185668008,10.276611328125,12.591388888888888,1,0,0,0,0,0,0,0,0
Art,2012,2012-09-12 20:00:00,41.47333,-74.59017,wind,24.21690555928819,3.2275146251217057,256.9565429037754,10.28888889,1,0.8946380615234375,2.7187042236328125,0.012001991271972656,291.18505859375,8775.703125,0.006686778739094734,1.7588348388671875,0.8424072265625,0.12761211395263672,285.706787109375,15789.375,0.004640187136828899,-0.390472412109375,-3.12615966796875,0.135467529296875,280.497802734375,31665.71484375,0.002362149069085717,-1.4851400625806848,-1.9035783365850776,1.0859409345354871,1.9501666405150326,10.687255859375,12.590277777777779,1,0,0,0,0,0,0,0,0
Art,2012,2012-09-12 21:00:00,41.494,-74.9155,wind,27.197613481118466,3.3392373460337565,274.95543265798113,14.40444444,1,0.5673675537109375,3.8572235107421875,0.04694938659667969,291.7275390625,8749.99609375,0.006643419619649649,1.5366973876953125,1.9520721435546875,0.1381368637084961,286.287353515625,15776.9296875,0.0048733483999967575,-0.0739898681640625,-3.2785186767578125,0.22031688690185547,281.10888671875,31688.94921875,0.00218784948810935,-0.23205667530244706,-1.362331894562492,-0.20948785484016222,2.4843559557744115,10.61865234375,12.590833333333334,1,0,0,0,0,0,0,0,0
Art,2012,2012-09-12 22:00:00,41.46167,-75.0595,wind,12.523495220791762,2.6044285594516112,253.365973491563,0.0,0,2.368896484375,4.002593994140625,0.13722991943359375,291.006103515625,8749.578125,0.006628093309700489,1.486724853515625,0.9965667724609375,0.15350627899169922,286.75634765625,15769.68359375,0.004044281784445047,-0.053802490234375,-3.8161163330078125,0.27121734619140625,281.5390625,31705.0390625,0.0021493842359632254,-3.4155369748548274,-1.7097841491171608,1.143942697447338,1.789831311055393,9.467041015625,12.59,1,0,0,0,0,0,0,0,0
Art,2012,2012-09-13 14:00:00,41.32317,-75.152,wind,17.030882854166446,2.8920860018603896,205.30385488395152,11.83222222,1,3.619781494140625,1.938323974609375,0.15027332305908203,288.98974609375,8888.95703125,0.0062334779649972916,2.0283660888671875,1.673004150390625,0.09340476989746094,288.52978515625,15902.4453125,0.0020280731841921806,-2.310028076171875,2.923248291015625,-0.10238075256347656,280.83203125,31815.3359375,0.0023068897426128387,-3.2995114071930436,-2.3794473263466074,-1.6554245376742536,2.6292987425719865,8.15771484375,12.542222222222222,1,0,0,0,0,0,0,0,0
Art,2012,2012-09-13 16:00:00,41.22433,-75.342,wind,17.719352481463247,2.9295578807857847,236.82257629435082,8.231111111,1,2.1466064453125,2.320648193359375,-0.0058040618896484375,290.119873046875,8898.1484375,0.007192282006144524,2.792083740234375,2.3621826171875,0.04146289825439453,288.13330078125,15910.90625,0.0021897098049521446,-1.24755859375,4.1904144287109375,-0.11028289794921875,280.441650390625,31805.9453125,0.0023535045329481363,-3.0666030377023197,-3.629583654245559,-1.2489534310801802,3.657271979142919,9.67822265625,12.540833333333333,1,0,0,0,0,0,0,0,0
Art,2012,2012-09-13 17:00:00,41.08667,-75.61933,wind,27.810156944661692,3.3607279966574994,236.69594137196822,8.745555556,1,1.7682647705078125,2.677703857421875,-0.09063339233398438,290.686767578125,8889.421875,0.007105175405740738,2.2719573974609375,2.431915283203125,0.012464523315429688,287.646728515625,15904.91015625,0.0023813878651708364,-0.7331390380859375,4.766998291015625,-0.07895278930664062,280.2197265625,31785.71484375,0.002529700519517064,-2.948138988027368,-3.234151316058618,-2.004738570539658,3.328062854057058,10.467041015625,12.538333333333334,1,0,0,0,0,0,0,0,0
Art,2012,2012-09-13 18:00:00,41.00017,-76.0225,wind,35.153089643936234,3.5877624122814527,254.25304202840778,14.91888889,1,1.71527099609375,2.7377777099609375,-0.10938262939453125,292.0146484375,8834.1484375,0.006541347596794367,2.293731689453125,2.52215576171875,-0.055511474609375,285.890625,15865.1953125,0.004626813344657421,0.5836639404296875,5.5780792236328125,-0.036408424377441406,280.1796875,31732.67578125,0.002621966414153576,-2.393899981417118,-2.8921333403797744,-2.075590118278063,3.409175083443585,11.8349609375,12.536944444444444,1,0,0,0,0,0,0,0,0
Art,2012,2012-09-13 19:00:00,40.9715,-76.3505,wind,27.71557356699229,3.357439608589776,263.5025709091906,8.745555556,1,1.6361236572265625,2.69793701171875,-0.0782175064086914,292.729248046875,8791.6796875,0.006354093085974455,1.84478759765625,2.671051025390625,-0.039649009704589844,285.904296875,15838.0625,0.005710671190172434,1.2421112060546875,5.540557861328125,0.007786750793457031,280.1171875,31699.140625,0.002665839157998562,-1.9309095867886215,-2.1351908835855715,-1.8610949880501173,3.2461908232121273,12.612060546875,12.536388888888888,1,0,0,0,0,0,0,0,0
Art,2012,2012-09-13 20:00:00,40.9085,-76.65367,wind,26.41109996684126,3.3109480396386983,254.71815904529024,8.745555556,1,1.39544677734375,2.2907562255859375,0.06112957000732422,292.814453125,8737.890625,0.0067444611340761185,1.5999298095703125,2.169677734375,0.07857799530029297,286.00048828125,15788.37109375,0.006328164599835873,1.4341583251953125,6.6387786865234375,0.022192001342773438,280.05322265625,31640.34375,0.002600967651233077,-1.9498736882207153,-2.115214069839697,-3.1332131252332465,2.6957887281080337,12.76123046875,12.535277777777777,1,0,0,0,0,0,0,0,0
Art,2012,2012-09-13 21:00:00,40.74667,-76.83333,wind,23.501357283406463,3.1987285153389085,220.09068132835566,11.83222222,1,1.0347137451171875,2.414031982421875,0.02588653564453125,293.044921875,8724.82421875,0.006204632110893726,1.10638427734375,2.12689208984375,0.07416248321533203,286.174072265625,15779.1015625,0.005779260769486427,0.641632080078125,5.7515411376953125,-0.022238731384277344,279.94287109375,31625.3515625,0.0025561251677572727,-2.51315243622574,-2.339638675479803,-4.813289939629739,2.3974478369702577,13.10205078125,12.532777777777778,1,0,0,0,0,0,0,0,0
Art,2012,2012-09-13 22:00:00,40.69267,-77.20233,wind,31.672130469815528,3.4865224352962554,259.19190467236854,14.40444444,1,-0.26385498046875,3.245361328125,0.1622161865234375,292.24462890625,8687.68359375,0.007055405527353287,2.153594970703125,1.1945648193359375,0.27297210693359375,286.478515625,15733.1640625,0.0061312951147556305,0.861175537109375,6.4375152587890625,0.10342025756835938,280.056884765625,31593.44921875,0.002474808366969228,-0.3493960862598225,-2.3393967597529723,-2.0530624489301665,2.462713220298477,12.187744140625,12.531944444444445,1,0,0,0,0,0,0,0,0
Art,2012,2012-09-14 14:00:00,40.59267,-77.50667,wind,13.878283121193405,2.699902641107744,241.66425567523342,1.543333333,1,2.613494873046875,3.5521697998046875,-0.04782390594482422,290.185791015625,8495.984375,0.00570280384272337,1.54541015625,1.4369659423828125,-0.09818649291992188,286.12548828125,15510.09375,0.004912109114229679,3.46588134765625,4.1559906005859375,-0.08452320098876953,278.408935546875,31283.4375,0.0021321855019778013,-3.9863422932553165,-2.0422790950291834,-5.023192970066695,2.1102520395935587,11.77685546875,12.48611111111111,1,0,0,0,0,0,0,0,0
Art,2012,2012-09-14 16:00:00,40.43333,-77.74767,wind,20.909802397738655,3.086934134750578,224.61034049414653,10.28888889,1,1.312530517578125,2.29986572265625,0.05397987365722656,290.507080078125,8462.1171875,0.0072018541395664215,3.7063751220703125,0.53594970703125,0.10106468200683594,285.958251953125,15488.18359375,0.006741661578416824,4.1938629150390625,5.5423583984375,-0.06393241882324219,278.023681640625,31234.328125,0.00223976350389421,-2.559038787275901,-2.9844610750013936,-6.890873662662264,3.7449243829440144,12.4833984375,12.483611111111111,1,0,0,0,0,0,0,0,0
Art,2012,2012-09-14 17:00:00,40.368,-77.94917,wind,18.544706500250108,2.9727044825166704,247.00365632376304,16.46222222,1,1.24920654296875,1.685333251953125,-0.003570556640625,292.24658203125,8442.546875,0.007431081496179104,3.85498046875,-0.0910797119140625,0.09451961517333984,285.939208984375,15483.8828125,0.006889881566166878,4.8168792724609375,5.197509765625,-0.1005258560180664,277.845458984375,31228.73046875,0.00218595820479095,-1.8083449940944534,-3.513042017742618,-6.464604386314259,3.8560562662344955,14.401123046875,12.482777777777779,1,0,0,0,0,0,0,0,0
Art,2012,2012-09-14 18:00:00,40.21367,-78.10683,wind,21.755550417211673,3.12480909002298,217.97780146373535,11.31777778,1,1.5670928955078125,1.7335052490234375,-0.016295433044433594,293.3203125,8386.75,0.007482987828552723,2.9235382080078125,1.1635589599609375,-0.02438068389892578,286.24169921875,15452.015625,0.007429308723658323,6.098358154296875,4.7637939453125,0.04593372344970703,277.72998046875,31191.69140625,0.002144708763808012,-2.330754379177467,-2.716191588781145,-7.507718922280338,3.146576728285346,15.59033203125,12.480555555555556,1,0,0,0,0,0,0,0,0
Art,2012,2012-09-14 19:00:00,39.95683,-78.26083,wind,31.42099279049448,3.4788061386176405,204.6925500673324,10.80333333,1,1.942901611328125,1.7135772705078125,-0.12653160095214844,294.51953125,8349.765625,0.007527284324169159,2.9885101318359375,1.2950592041015625,-0.21397113800048828,287.381591796875,15443.3828125,0.007489848416298628,7.1883087158203125,3.6462554931640625,0.18282127380371094,277.66552734375,31186.65234375,0.002164610428735614,-2.3685371446603893,-2.42508917438795,-6.315759370377778,3.257049454677381,16.85400390625,12.476944444444445,1,0,0,0,0,0,0,0,0
Art,2012,2012-09-14 20:00:00,39.74033,-78.43967,wind,28.506746778118337,3.3846189415399173,212.43990419259282,9.26,1,2.822967529296875,1.0020599365234375,-0.05516242980957031,295.2138671875,8275.9140625,0.007287801243364811,3.402618408203125,0.86358642578125,-0.19341087341308594,288.095703125,15385.99609375,0.007247464265674353,8.183349609375,2.4985198974609375,-0.09226417541503906,277.733642578125,31135.9140625,0.001753383781760931,-2.3599743269315487,-2.554042234339662,-6.498306276868922,3.510497620941567,17.480224609375,12.473888888888888,1,0,0,0,0,0,0,0,0
Art,2012,2012-09-14 21:00:00,39.44967,-78.52483,wind,33.13336549281528,3.5302753661091764,192.74939820719356,13.89,1,2.6775054931640625,-0.09429931640625,-0.20957088470458984,295.704833984375,8288.67578125,0.0067589906975626945,3.3763427734375,0.01605224609375,-0.45780467987060547,288.590576171875,15408.21875,0.006732495967298746,8.275039672851562,1.2207183837890625,-0.15639495849609375,277.450927734375,31153.65625,0.001851372537203133,-0.4989168327785468,-0.7607720737735222,-3.01681638932292,3.376380932055547,18.25390625,12.469722222222222,1,0,0,0,0,0,0,0,0
Art,2012,2012-09-14 22:00:00,39.33117,-78.52783,wind,13.179120638197858,2.651770504949557,181.12183320358497,0.0,0,0.4852294921875,0.3872222900390625,-0.663050651550293,294.36767578125,8318.90625,0.006736967246979475,3.677154541015625,-2.3925323486328125,-1.2341690063476562,288.167236328125,15413.2890625,0.006967261433601379,7.9176025390625,0.6668853759765625,0.10490131378173828,276.291259765625,31156.85546875,0.002600354142487049,-0.39664810151597263,2.3200808375542525,-0.8217717935344823,4.386989464059183,18.076416015625,12.468055555555555,1,0,0,0,0,0,0,0,0
Art,2012,2012-09-15 14:00:00,39.21317,-78.5685,wind,13.54707176964024,2.677389720417722,195.05000636850454,16.46222222,1,0.3946075439453125,-6.4088897705078125,-0.00754547119140625,284.168212890625,8515.1015625,0.0047958120703697205,1.5633544921875,-9.350326538085938,0.025493621826171875,280.136474609375,15362.37890625,0.0025172284804284573,4.606048583984375,-9.482467651367188,0.10014915466308594,277.15966796875,30985.09765625,0.0004389386158436537,6.08659750170785,8.623662565487866,7.961199199631853,9.480120444228385,7.008544921875,12.424166666666666,1,0,0,0,0,0,0,0,0
Art,2012,2012-09-15 15:00:00,38.834,-78.7375,wind,44.6178256891917,3.820298554369937,199.1525068996695,23.15,1,-0.1885223388671875,-5.4840240478515625,0.051299095153808594,285.970947265625,8494.9140625,0.004238813184201717,0.900115966796875,-7.4593048095703125,0.13791370391845703,279.760498046875,15369.66796875,0.0035454921890050173,4.1302032470703125,-4.3508148193359375,0.07630252838134766,278.044189453125,31049.21484375,0.00034288392635062337,5.242327008701789,6.751108791741103,2.7549388455849533,7.513417131755794,7.9267578125,12.419722222222223,1,0,0,0,0,0,0,0,0
Art,2012,2012-09-15 16:00:00,38.36967,-78.8665,wind,52.83403973899163,3.9859059759950397,192.29000135285457,15.43333333,1,-0.2885284423828125,-4.656982421875,0.1273956298828125,287.23876953125,8484.30078125,0.004382261075079441,2.0872802734375,-6.3979644775390625,0.19842815399169922,281.965087890625,15395.35546875,0.003472931683063507,5.5362091064453125,-3.9051666259765625,-0.022599220275878906,278.118896484375,31088.2578125,0.00042154444963671267,4.611673252687995,5.8070424049052525,2.6372340857120973,6.729835688613282,9.119873046875,12.41388888888889,1,0,0,0,0,0,0,0,0
Art,2012,2012-09-15 17:00:00,37.896,-78.93517,wind,53.01104180626468,3.9891885035553094,186.5267920498455,21.60666667,1,-0.4210357666015625,-2.9429931640625,-0.0006246566772460938,288.815673828125,8457.6015625,0.004806573502719402,1.112457275390625,-4.004241943359375,0.05882740020751953,282.066650390625,15403.83984375,0.004787184298038483,5.3137969970703125,-3.987213134765625,0.16217517852783203,278.223876953125,31093.52734375,0.0006268266588449478,2.971777283956342,3.8518391225044653,3.3573636166101934,4.155901193547315,10.591796875,12.408333333333333,1,0,0,0,0,0,0,0,0
Art,2012,2012-09-15 18:00:00,37.4845,-78.959,wind,45.80473127939905,3.8459842935274287,182.63108249038845,11.83222222,1,-0.0685272216796875,-2.35418701171875,0.010899543762207031,289.2841796875,8410.94921875,0.006307573057711124,2.07830810546875,-3.06622314453125,-0.07910919189453125,282.727294921875,15375.6875,0.0067075882107019424,4.0552520751953125,-3.63909912109375,-0.0027980804443359375,278.179443359375,31087.02734375,0.001467019785195589,2.3548509964015722,2.967586217798558,3.44910683195152,3.7041988274546243,11.104736328125,12.403611111111111,1,0,0,0,0,0,0,0,0
Art,2012,2012-09-15 19:00:00,37.14783,-79.0495,wind,38.28191671367729,3.670764278468818,192.09475572467542,14.91888889,1,0.590179443359375,-2.0842742919921875,0.10400867462158203,290.127685546875,8392.3203125,0.007235074415802956,2.0772247314453125,-2.0436248779296875,0.036118507385253906,283.261962890625,15381.0625,0.007362290285527706,3.8662109375,-2.861724853515625,-0.06992340087890625,278.0126953125,31088.28125,0.0019195707282051444,1.9143486972829866,1.5630223920858533,1.9881179189972529,2.9139775611046117,12.114990234375,12.399444444444445,1,0,0,0,0,0,0,0,0
Art,2012,2012-09-15 20:00:00,36.77383,-79.10567,wind,41.885287704535244,3.7585288231650194,186.86004363307245,10.28888889,1,0.5818328857421875,-2.852569580078125,0.11427974700927734,291.726806640625,8311.60546875,0.00817158818244934,2.3156280517578125,-2.1484222412109375,0.2483081817626953,285.056640625,15344.87109375,0.008051794022321701,3.9176177978515625,-1.5702972412109375,0.040328025817871094,277.778076171875,31053.4609375,0.003098059445619583,2.7626509606994314,1.8564524169258267,1.0911174342246333,3.1587737178559516,13.94873046875,12.395277777777778,1,0,0,0,0,0,0,0,0
Art,2012,2012-09-15 21:00:00,36.5885,-79.17533,wind,21.523656302632745,3.1145661481138447,196.79558056356697,0.0,0,-1.6950225830078125,-3.1144866943359375,-0.16741943359375,292.282958984375,8285.85546875,0.008845340460538864,2.263702392578125,-1.6897125244140625,0.034569740295410156,285.720947265625,15337.7421875,0.008656417950987816,4.4012908935546875,-0.487884521484375,0.19259262084960938,277.4130859375,31058.53515625,0.003718198509886861,3.4714185214627946,0.9635175977516394,-0.8047157731288082,2.824796795758178,14.869873046875,12.393055555555556,1,0,0,0,0,0,0,0,0
Art,2012,2012-09-19 16:00:00,36.4765,-79.294,wind,16.057049487935547,2.8365635779815803,221.4290495030349,8.745555556,1,-3.3252716064453125,-5.1324005126953125,-0.042362213134765625,285.366943359375,8054.34375,0.008174525573849678,1.5024566650390625,-4.42108154296875,0.053211212158203125,282.23193359375,14954.1796875,0.0061761015094816685,9.09600830078125,5.3357696533203125,-0.0757150650024414,278.18408203125,30609.046875,0.0036281754728406668,6.048455025430602,2.320655731979488,-10.01938710714025,4.669404463087262,7.182861328125,12.238888888888889,1,0,0,0,0,0,0,0,0
Art,2012,2012-09-19 17:00:00,35.987,-79.566,wind,59.64730891110303,4.105075263607675,204.22341095694435,18.52,1,-3.9422149658203125,-4.906005859375,-0.03546428680419922,286.44873046875,8087.5078125,0.008084839209914207,-0.4511566162109375,-3.50372314453125,0.07420825958251953,282.974365234375,15005.90625,0.00717121921479702,8.388137817382812,4.92535400390625,-0.0869741439819336,278.130615234375,30686.7265625,0.0035417811013758183,6.091518345882376,3.3803368580923774,-7.933305921055101,3.5326503033664194,8.318115234375,12.23611111111111,1,0,0,0,0,0,0,0,0
Art,2012,2012-09-19 18:00:00,35.56767,-79.6995,wind,48.15756057623449,3.895030661339571,194.52136010214156,8.231111111,1,-4.33441162109375,-4.89141845703125,0.06427860260009766,287.392333984375,8063.62109375,0.008175404742360115,-1.2612457275390625,-2.6679840087890625,0.1652669906616211,283.43994140625,15003.2578125,0.008192094042897224,9.080703735351562,4.424957275390625,0.036675453186035156,278.435546875,30721.203125,0.003190424758940935,5.821972670507396,2.8989991154766566,-6.560502582950532,2.9510810657095976,8.956787109375,12.233611111111111,1,0,0,0,0,0,0,0,0
Art,2012,2012-09-19 19:00:00,35.147,-79.96633,wind,52.66453162632099,3.982752292164496,207.43014681304155,20.57777778,1,-4.664154052734375,-4.0642852783203125,0.17203712463378906,287.77392578125,8047.77734375,0.008395652286708355,-0.182525634765625,-2.12548828125,0.16476154327392578,284.103271484375,15007.70703125,0.008748511783778667,9.839492797851562,4.1400604248046875,0.052901268005371094,278.477294921875,30739.19140625,0.0027068632189184427,5.7559715560786096,1.9706097818326966,-8.207334562872283,2.1333110511778806,9.296630859375,12.231388888888889,1,0,0,0,0,0,0,0,0
Art,2012,2012-09-19 20:00:00,34.7585,-80.08567,wind,44.547377352614774,3.8187530447182474,194.16605855580715,20.06333333,1,-5.8887939453125,-4.90008544921875,0.08059310913085938,287.762451171875,8015.98046875,0.008975023403763771,-0.017913818359375,-3.5750732421875,0.0912027359008789,284.697509765625,15002.4765625,0.00938291847705841,9.704559326171875,3.31787109375,-0.02034759521484375,278.539306640625,30770.0703125,0.0026568048633635044,6.192258809895172,3.47074114665238,-5.59200271784816,3.5751181227888478,9.22314453125,12.229166666666666,1,0,0,0,0,0,0,0,0
Art,2012,2012-09-19 21:00:00,34.47783,-80.40017,wind,42.4530136347547,3.7716802079887004,222.7701271485388,18.52,1,-4.3459625244140625,-3.8557586669921875,0.09510040283203125,288.812744140625,8043.77734375,0.009222039021551609,-0.655975341796875,-3.6564788818359375,0.05775642395019531,283.979736328125,15026.88671875,0.009089955128729343,9.421554565429688,2.5721282958984375,0.008844375610351562,278.552734375,30784.83984375,0.0016937731998041272,5.781614278876862,3.1296084226102603,-8.285946477415626,3.7148541643458515,10.260009765625,12.227777777777778,1,0,0,0,0,0,0,0,0
Art,2012,2012-09-19 22:00:00,34.12883,-80.5705,wind,41.84216364508368,3.757522749558255,202.00549081144948,15.43333333,1,-3.8225555419921875,-3.045684814453125,0.22968006134033203,288.014404296875,8050.39453125,0.009456307627260685,0.4217071533203125,-3.828216552734375,0.11262702941894531,284.652587890625,15039.421875,0.009280354715883732,8.841583251953125,2.827392578125,-0.026027679443359375,278.578857421875,30831.43359375,0.001549790846183896,4.256094588973938,3.3913113818262484,-5.934312216993358,3.8513736377805494,9.435546875,12.225833333333334,1,0,0,0,0,0,0,0,0
Art,2012,2012-09-20 14:00:00,33.7115,-80.69483,wind,29.829922230440243,3.4284857193661793,192.59629714721936,10.80333333,1,-2.9229278564453125,-3.0164947509765625,0.07980728149414062,287.75439453125,8233.51953125,0.010676909238100052,4.559661865234375,-2.1039276123046875,0.1381378173828125,285.805908203125,15238.421875,0.006689868867397308,9.767135620117188,1.4142913818359375,-0.02372455596923828,278.874755859375,31057.4296875,0.002184766111895442,3.5813229149705235,1.0589160429914304,-3.510269201814924,5.021655874618523,8.879638671875,12.188888888888888,1,0,0,0,0,0,0,0,0
Art,2012,2012-09-20 15:00:00,33.546,-80.7675,wind,19.594138258121212,3.025006484726698,200.10297129768864,9.26,1,-3.130157470703125,-2.7523345947265625,0.1112833023071289,288.2470703125,8242.08984375,0.010300112888216972,3.794464111328125,-1.467498779296875,0.15521621704101562,286.025390625,15258.53125,0.007614457979798317,9.612197875976562,1.4413909912109375,-0.04164409637451172,279.0517578125,31092.91796875,0.0024129338562488556,3.660513941579489,0.07390434537566137,-4.65736940482692,4.0683547730495375,9.1953125,12.188333333333333,1,0,0,0,0,0,0,0,0
Art,2012,2012-09-20 16:00:00,33.2875,-80.92883,wind,32.41012645987351,3.508859041451999,207.56075487406494,15.94777778,1,-3.019500732421875,-2.27935791015625,0.1293182373046875,288.870361328125,8233.25390625,0.009968195110559464,3.196563720703125,-0.7660369873046875,0.22071170806884766,286.3671875,15264.53515625,0.008417467586696148,8.678909301757812,1.7643890380859375,-0.001743316650390625,279.324951171875,31116.6796875,0.0023673553951084614,3.4177875096859616,-0.7999069479418461,-5.579802553069079,3.2870704717779096,9.54541015625,12.187222222222223,1,0,0,0,0,0,0,0,0
Art,2012,2012-09-20 17:00:00,32.978,-81.02683,wind,35.60408986451571,3.600159979096444,194.87738999171435,6.687777778,1,-2.3486480712890625,-2.4641876220703125,0.10316753387451172,289.76025390625,8203.7109375,0.010811715386807919,3.2884063720703125,-0.5187225341796875,0.19908905029296875,287.52294921875,15249.125,0.007222547195851803,7.4614715576171875,1.865509033203125,0.0054149627685546875,279.531005859375,31120.5390625,0.0023230097722262144,2.9846005611291817,-0.3429693701074915,-3.718715895181496,3.3290673671973705,10.229248046875,12.186111111111112,1,0,0,0,0,0,0,0,0
Art,2012,2012-09-20 18:00:00,32.63283,-81.07067,wind,38.599234588287864,3.678809789495046,186.10534752096856,20.06333333,1,-2.15289306640625,-2.1034393310546875,-0.10094070434570312,290.844970703125,8164.859375,0.01117729302495718,2.794464111328125,-0.6859283447265625,-0.0032606124877929688,288.09326171875,15217.89453125,0.006874791346490383,6.013671875,2.42083740234375,-0.09082698822021484,279.587158203125,31102.234375,0.0025726344902068377,2.3204836465856276,0.3848273060892573,-3.046701809324058,2.877416786563985,11.2578125,12.184722222222222,1,0,0,0,0,0,0,0,0
Art,2012,2012-09-20 19:00:00,32.27917,-81.12083,wind,39.605816854326164,3.703911328619238,186.8380363154253,16.46222222,1,-2.6511993408203125,-1.8690032958984375,-0.07239246368408203,290.926025390625,8116.38671875,0.011961478739976883,0.8756561279296875,0.0865631103515625,0.09164810180664062,287.736572265625,15171.875,0.008413434959948063,3.5469207763671875,3.9414215087890625,-0.09491539001464844,279.175537109375,31065.84375,0.0034802944865077734,2.1713685831115295,-0.1902057201900037,-4.335692432844677,0.8799243299594289,11.75048828125,12.183333333333334,1,0,0,0,0,0,0,0,0
Art,2012,2012-09-20 20:00:00,31.96517,-81.378,wind,42.492350799880604,3.77258507895142,214.81498909641164,15.94777778,1,-2.86895751953125,-0.3427276611328125,-0.04367351531982422,291.331298828125,8111.37109375,0.012377682141959667,1.3052825927734375,0.0951080322265625,0.0814504623413086,287.408935546875,15177.94140625,0.009441318921744823,0.75543212890625,3.66082763671875,-0.23114585876464844,278.80126953125,31034.9609375,0.004392534028738737,1.9193486028872146,-0.8233065435678093,-3.436836672807363,1.3087429788890392,12.530029296875,12.182222222222222,1,0,0,0,0,0,0,0,0
Art,2012,2012-09-20 21:00:00,31.81533,-81.77433,wind,40.95986843944873,3.7367136481430268,246.1024040712299,12.34666667,1,-3.9551544189453125,-1.346160888671875,-0.08961868286132812,291.59912109375,8032.1484375,0.012198735028505325,0.4923248291015625,-0.6012725830078125,-0.13843631744384766,288.275146484375,15113.828125,0.0092499740421772,0.335205078125,4.4793548583984375,0.04212760925292969,278.65185546875,30996.2265625,0.004267554264515638,4.161416920577702,-0.20654082840809973,-2.121069366787493,0.7771180453616873,12.947265625,12.181666666666667,1,0,0,0,0,0,0,0,0
Art,2012,2012-09-20 22:00:00,31.74983,-81.90983,wind,14.733716316582173,2.755805945782781,240.41034655939296,0.0,0,-3.3380889892578125,-1.031646728515625,0.030431747436523438,291.687255859375,8054.4765625,0.01159713976085186,0.9637298583984375,-2.9805450439453125,-0.024550437927246094,288.10693359375,15130.12109375,0.009050829336047173,2.5610198974609375,3.404998779296875,0.057633399963378906,278.2333984375,30997.01171875,0.004513048101216555,3.4121606685558135,0.6337037957654639,-3.9083590040199603,3.1324788904245846,13.453857421875,12.18138888888889,1,0,0,0,0,0,0,0,0
Art,2012,2012-09-21 15:00:00,31.55783,-81.97017,wind,19.466848830647017,3.0188064469655904,190.7551141394616,7.202222222,1,-6.2356109619140625,1.4850006103515625,-0.009503364562988281,291.895263671875,8147.13671875,0.011650105006992817,-3.398651123046875,1.9577178955078125,0.00034618377685546875,287.40478515625,15223.4140625,0.009870724752545357,2.84063720703125,3.8953857421875,-0.025987625122070312,277.853759765625,31059.8828125,0.005338017828762531,-0.2952765779653763,-1.2890999667739642,-4.357054618772704,3.922179090069616,14.04150390625,12.148888888888889,1,0,0,0,0,0,0,0,0
Art,2012,2012-09-21 16:00:00,31.26317,-81.96783,wind,32.765449608564204,3.5194380787552455,179.61106830555264,9.774444444,1,-6.3041229248046875,1.3564453125,0.004918098449707031,291.767333984375,8146.37890625,0.013471652753651142,-3.836822509765625,1.8558197021484375,0.04149627685546875,287.845947265625,15230.2109375,0.009253375232219696,3.1680450439453125,2.4777374267578125,0.007500648498535156,278.379638671875,31079.1796875,0.0045304931700229645,-1.3992069926490476,-1.8818216284051004,-2.4561753775604345,4.262073877624191,13.3876953125,12.148055555555555,1,0,0,0,0,0,0,0,0
Art,2012,2012-09-21 17:00:00,30.93567,-81.99817,wind,36.53073545354211,3.6251602093722446,184.5433958296238,11.83222222,1,-5.448974609375,0.9790802001953125,-0.09219646453857422,292.040283203125,8102.6015625,0.013695803470909595,-3.4014739990234375,1.7352447509765625,-0.07761287689208984,288.1806640625,15192.734375,0.009022555314004421,3.90264892578125,1.7829132080078125,0.04440593719482422,279.111572265625,31056.19921875,0.0035153054632246494,-0.5443677318558056,-1.460347125265836,-2.0864555946362007,3.8185206182269344,12.9287109375,12.147222222222222,1,0,0,0,0,0,0,0,0
Art,2012,2012-09-21 18:00:00,30.71183,-82.039,wind,25.19337755537134,3.2655066137544164,188.9130286468131,11.31777778,1,-4.1658477783203125,1.024871826171875,-0.04325294494628906,292.236572265625,8059.09375,0.014020593836903572,-1.839569091796875,1.639801025390625,-0.15288066864013672,288.391357421875,15155.59765625,0.008982379920780659,4.4370574951171875,2.00384521484375,-0.16901588439941406,279.630126953125,31027.875,0.0030251145362854004,-0.3670603699426058,-1.334986165060763,-2.667103771222436,2.4643380138216684,12.6064453125,12.146944444444445,1,0,0,0,0,0,0,0,0
Art,2012,2012-09-21 19:00:00,30.383,-82.03667,wind,36.564908507102274,3.6260703302292394,179.6497761766533,11.31777778,1,-2.319305419921875,-0.0473785400390625,-0.31497764587402344,292.5107421875,7988.5,0.01326578389853239,0.851043701171875,1.1675872802734375,-0.8327045440673828,288.53759765625,15087.8046875,0.008722838945686817,5.358856201171875,2.6566162109375,-2.063796043395996,280.209716796875,30985.078125,0.0033629622776061296,0.033200852374635804,-1.1623634455389777,-2.623810461173167,1.4448305915783506,12.301025390625,12.14611111111111,1,0,0,0,0,0,0,0,0
Art,2012,2012-09-21 20:00:00,30.11217,-82.09667,wind,30.66145879443896,3.4551001302845665,190.8493755999486,6.173333333,1,-2.77978515625,-0.5145263671875,0.2138957977294922,292.712158203125,7987.06640625,0.014419522136449814,0.27813720703125,0.8538818359375,0.6469287872314453,288.914794921875,15098.25390625,0.009781327098608017,4.2326812744140625,3.7070770263671875,0.5305004119873047,279.576171875,31021.0859375,0.004206990823149681,1.0285621160991947,-0.8909721856160631,-4.437522595224685,0.8980392506339242,13.135986328125,12.145277777777778,1,0,0,0,0,0,0,0,0
Art,2012,2012-09-21 21:00:00,29.774,-82.1025,wind,37.606983895361004,3.6534331900365715,180.85731721967574,13.89,1,-1.94781494140625,-1.21923828125,-0.02475452423095703,293.183349609375,7946.6953125,0.013760690577328205,0.4689483642578125,0.3117828369140625,-0.04082965850830078,289.551513671875,15068.46875,0.009355668909847736,4.5836029052734375,3.8017578125,0.12424945831298828,279.222412109375,31003.79296875,0.005325385369360447,1.2482458786091417,-0.31876455117798186,-3.869914158309243,0.5631350688194253,13.9609375,12.144722222222223,1,0,0,0,0,0,0,0,0
Art,2012,2012-09-21 22:00:00,29.5075,-82.02233,wind,30.629596178248253,3.4540932701873146,165.32758967156678,15.43333333,1,-2.9253387451171875,-0.665618896484375,-0.2615804672241211,293.89404296875,7905.25390625,0.012183467857539654,-0.4143218994140625,-1.0372314453125,-0.24591827392578125,289.182861328125,15026.91796875,0.009297611191868782,4.515716552734375,1.9644927978515625,0.04246234893798828,279.681884765625,30965.62109375,0.00691806897521019,-0.09705237596708327,0.8984626714040428,-0.7566348222800299,1.116920636159586,14.212158203125,12.143888888888888,1,0,0,0,0,0,0,0,0
Art,2012,2012-09-22 15:00:00,29.229,-81.94683,wind,15.4753299424102,2.8018641070414625,171.10108039221745,15.94777778,1,1.1741180419921875,1.621490478515625,-0.11768150329589844,293.53759765625,8174.37109375,0.010789245367050171,0.6973419189453125,2.0807952880859375,0.014609336853027344,288.34814453125,15280.8046875,0.009700626134872437,0.300140380859375,0.587432861328125,0.16587448120117188,279.560791015625,31167.953125,0.006105107255280018,-1.4203458628307948,-1.9478752568057789,-0.5339325615968751,2.1945374872257184,13.976806640625,12.114444444444445,1,0,0,0,0,0,0,0,0
Art,2012,2012-09-22 16:00:00,28.98883,-81.7955,wind,30.485013241795354,3.449511662515347,151.1298423988992,7.716666667,1,1.40740966796875,1.8270416259765625,-0.03029155731201172,293.265869140625,8167.16796875,0.011884555220603943,1.740631103515625,1.657073974609375,0.0906982421875,288.217529296875,15272.2265625,0.010268554091453552,0.962554931640625,1.0071258544921875,0.19231319427490234,280.219970703125,31180.19140625,0.006931463722139597,-0.9204353628794203,-0.6107038658298479,-0.4172094820401996,2.4032666926193884,13.0458984375,12.114166666666666,1,0,0,0,0,0,0,0,0
Art,2012,2012-09-22 17:00:00,28.87167,-81.61733,wind,21.687997040077576,3.1218360198876836,126.87565173916312,16.97666667,1,1.2408905029296875,0.1782989501953125,0.030236244201660156,292.977783203125,8113.37109375,0.014007944613695145,1.922454833984375,0.468048095703125,0.11526966094970703,288.71875,15224.26953125,0.010220907628536224,1.0858917236328125,0.814453125,0.09981536865234375,280.653564453125,31168.08984375,0.006987968925386667,0.8856439308155204,1.2569815585352309,0.37991063467514385,1.978611030142411,12.32421875,12.114166666666666,1,0,0,0,0,0,0,0,0
Art,2012,2012-09-22 18:00:00,28.5695,-81.45533,wind,37.12818780560699,3.6409538460053703,154.77977467142978,18.52,1,0.698822021484375,-0.62310791015625,-0.15563297271728516,293.32763671875,8069.36328125,0.014436285942792892,1.2606658935546875,-0.4676971435546875,-0.14005184173583984,289.30322265625,15189.109375,0.010142844170331955,1.1778106689453125,0.2148590087890625,-0.36730098724365234,280.591796875,31148.515625,0.007075227331370115,0.8614783381005373,0.9602827644934618,0.30748561852208944,1.3446260124143266,12.73583984375,12.113888888888889,1,0,0,0,0,0,0,0,0
Art,2012,2012-09-22 19:00:00,28.14383,-81.466,wind,47.34385845866644,3.8783391912597214,181.2661968073285,19.54888889,1,-0.083831787109375,-0.5296478271484375,-0.0028219223022460938,293.7353515625,8040.34375,0.015495737083256245,0.858673095703125,-1.081787109375,-0.0768423080444336,289.10205078125,15160.69140625,0.010441740043461323,1.10302734375,-0.3897705078125,-0.10241889953613281,280.31640625,31106.7421875,0.007407110650092363,0.531370971212879,1.062548426362372,0.3653011820848348,1.3811527197577778,13.4189453125,12.113333333333333,1,0,0,0,0,0,0,0,0
Art,2012,2012-09-22 20:00:00,27.872,-81.479,wind,30.25304809091694,3.4421169103351423,182.42081769476817,16.97666667,1,-0.8052520751953125,-1.005950927734375,0.16985321044921875,294.031494140625,7990.91796875,0.014834754168987274,1.1001129150390625,-0.5048065185546875,0.10413265228271484,289.29443359375,15114.30859375,0.009981028735637665,0.6479644775390625,-0.46881103515625,-0.38916778564453125,280.75732421875,31075.328125,0.007127426564693451,1.0390659423070405,0.45788869765193246,0.4410234868986722,1.2104040841847188,13.274169921875,12.113055555555556,1,0,0,0,0,0,0,0,0
Art,2012,2012-09-22 21:00:00,27.5395,-81.5605,wind,37.8328673651836,3.6592669850858335,192.26286780337796,10.28888889,1,-2.2567596435546875,-0.393218994140625,-0.25902748107910156,293.957763671875,7972.88671875,0.014158384874463081,1.074554443359375,-0.4041290283203125,-0.20995712280273438,289.403564453125,15099.7109375,0.010475771501660347,0.6272430419921875,-0.8068695068359375,-0.18544578552246094,280.713623046875,31063.3046875,0.0077127013355493546,0.8635763765455525,0.16667590073990693,0.6552348846399325,1.1480363771564455,13.244140625,12.112777777777778,1,0,0,0,0,0,0,0,0
Art,2012,2012-09-23 14:00:00,27.4185,-81.53367,wind,11.812094724557724,2.5503896251443168,173.28177506161023,12.86111111,1,-2.3849029541015625,-4.0655670166015625,0.052269935607910156,293.4599609375,8247.02734375,0.012196840718388557,-3.86895751953125,-2.2907867431640625,0.029183387756347656,288.989990234375,15358.96875,0.008638681843876839,3.554351806640625,-0.5002288818359375,-0.059561729431152344,280.68603515625,31291.140625,0.007705346215516329,3.758648959148379,1.8224406724362536,0.9126057439059546,4.49628026157107,12.77392578125,12.085833333333333,1,0,0,0,0,0,0,0,0
Art,2012,2012-09-23 15:00:00,27.146,-81.51467,wind,30.358740261601,3.4454930244458017,176.44964080574243,6.687777778,1,-3.45806884765625,-4.100006103515625,-0.0016613006591796875,293.5146484375,8257.390625,0.011912912130355835,-4.345489501953125,-2.0170440673828125,0.032423973083496094,289.01318359375,15372.56640625,0.00927552580833435,2.47918701171875,-0.5359039306640625,-0.16787242889404297,280.478271484375,31307.609375,0.00791714247316122,3.877993473267306,1.7440749080484976,0.6884010642072788,4.790798031784373,13.036376953125,12.085833333333333,1,0,0,0,0,0,0,0,0
Art,2012,2012-09-23 16:00:00,26.77867,-81.43167,wind,41.66533159419563,3.7533866840009016,168.59441672553157,16.46222222,1,-3.295318603515625,-3.4988555908203125,-0.036167144775390625,293.3349609375,8243.44921875,0.013284665532410145,-4.454498291015625,-2.1170196533203125,-0.010409355163574219,288.99267578125,15358.328125,0.01057861465960741,1.734771728515625,-0.3401031494140625,-0.16370487213134766,280.344970703125,31312.64453125,0.007633193861693144,2.778101182181305,1.194322764130289,0.6764428382113001,4.931969914466793,12.989990234375,12.085833333333333,1,0,0,0,0,0,0,0,0
Art,2012,2012-09-23 17:00:00,26.46933,-81.26367,wind,38.23668201475466,3.669612074923173,154.0654673753004,11.31777778,1,-2.4569091796875,-3.574676513671875,-0.052140235900878906,293.5361328125,8239.390625,0.014098843559622765,-2.669952392578125,-2.443145751953125,0.029976844787597656,289.18896484375,15360.375,0.011153444647789001,2.1097412109375,-0.0357513427734375,0.07371330261230469,280.771240234375,31336.76953125,0.007210562936961651,2.140172205093279,1.0294198370947147,0.9548333869100155,3.6190616109594287,12.764892578125,12.085833333333333,1,0,0,0,0,0,0,0,0
Art,2012,2012-09-23 18:00:00,26.172,-81.02083,wind,40.97386288952624,3.7370471124126503,143.73965697466315,18.00555556,1,-1.555267333984375,-3.27899169921875,0.07437992095947266,293.5498046875,8192.5234375,0.015554809011518955,-0.800048828125,-2.0170745849609375,-0.026670455932617188,289.18798828125,15316.90234375,0.011281700804829597,2.9539794921875,-0.0839691162109375,-0.16204261779785156,281.0126953125,31303.3046875,0.006912538781762123,1.724104130315193,1.153250526057944,1.8148540609376798,2.1699465451202995,12.537109375,12.08611111111111,1,0,0,0,0,0,0,0,0
Art,2012,2012-09-23 19:00:00,25.90167,-80.90483,wind,32.216151244244195,3.5030362408881928,158.89006411352705,5.658888889,1,-1.174774169921875,-2.8077545166015625,-0.054752349853515625,293.9853515625,8162.28515625,0.015681233257055283,0.6963653564453125,-1.522216796875,0.0008945465087890625,289.139892578125,15294.98046875,0.012541469186544418,3.4391632080078125,0.3073577880859375,-0.2658271789550781,280.876953125,31280.6484375,0.007035811431705952,2.1962241695729063,1.670864455204337,0.9519128285882679,1.6739380772136083,13.1083984375,12.08611111111111,1,0,0,0,0,0,0,0,0
Art,2012,2012-09-23 20:00:00,25.6,-80.80917,wind,34.88550766833974,3.5803335278723867,164.03928872482652,0.0,0,0.6165924072265625,-2.8099212646484375,-0.0879220962524414,293.701416015625,8110.28515625,0.015632886439561844,3.1771240234375,-1.3101043701171875,0.10457801818847656,289.488037109375,15247.49609375,0.013313551433384418,5.71881103515625,1.59857177734375,0.23314571380615234,281.302734375,31261.9921875,0.007200069725513458,2.871149578157629,2.1332401195689994,0.03560040272834941,3.436639422590598,12.398681640625,12.08611111111111,1,0,0,0,0,0,0,0,0
Art,2012,2012-09-24 14:00:00,25.41367,-80.74383,wind,21.73185559157901,3.123767270765524,162.42386831060026,10.28888889,1,-4.0589447021484375,-3.7523345947265625,0.014253616333007812,293.83349609375,8224.26953125,0.01269366592168808,-1.8234100341796875,-2.35699462890625,0.06101036071777344,289.19140625,15331.10546875,0.006146692205220461,3.580810546875,-1.493072509765625,-0.12881946563720703,280.087890625,31286.41796875,0.007584334816783667,2.351471826298148,1.696341775789571,2.504678057727888,2.9799744685886287,13.74560546875,12.061666666666667,1,0,0,0,0,0,0,0,0
Art,2012,2012-09-24 15:00:00,25.21983,-80.60633,wind,25.60453864191396,3.2810818268686184,147.30175410993792,12.86111111,1,-1.8946380615234375,-4.23907470703125,0.27193546295166016,293.9345703125,8235.9921875,0.012000009417533875,3.24072265625,-2.100006103515625,0.38581371307373047,289.68994140625,15354.21875,0.008478090167045593,4.3190460205078125,0.6872100830078125,0.060448646545410156,280.388671875,31339.06640625,0.007828759029507637,2.5437861199525855,3.5178980657136254,1.7549054741385708,3.8616458886768648,13.5458984375,12.061944444444444,1,0,0,0,0,0,0,0,0
Art,2012,2012-09-24 16:00:00,24.75133,-80.5945,wind,52.10846605309493,3.9723363515674737,178.68635921199677,18.52,1,2.943328857421875,-4.2380523681640625,0.4929981231689453,294.00732421875,8235.30078125,0.011014471761882305,6.646759033203125,0.79229736328125,-0.06359386444091797,289.968017578125,15367.91796875,0.010843764059245586,6.3969268798828125,1.3227996826171875,-0.399444580078125,280.725341796875,31363.78515625,0.007915793918073177,4.3044153610748115,-0.6397098654402793,-1.1758002471134195,6.693813618359101,13.281982421875,12.0625,1,0,0,0,0,0,0,0,0
Art,2012,2012-09-24 17:00:00,24.37767,-80.6515,wind,41.94706614135615,3.7599683373976114,187.9105897836235,8.231111111,1,2.32049560546875,-3.6322479248046875,0.31121826171875,294.39697265625,8198.55859375,0.011386903002858162,3.378143310546875,2.4546051025390625,0.016504287719726562,290.118896484375,15344.55859375,0.011102231219410896,4.8314971923828125,-0.071441650390625,-0.32523250579833984,280.3017578125,31330.39453125,0.007931766100227833,3.2783193308954752,-2.896172996650486,-0.5941856264385272,4.175756031667008,14.09521484375,12.063055555555556,1,0,0,0,0,0,0,0,0
Art,2012,2012-09-24 18:00:00,24.00933,-80.5715,wind,41.753573955001514,3.7554527931749617,168.77759259564755,6.687777778,1,-1.686737060546875,-3.6016387939453125,-0.0028238296508789062,294.0361328125,8145.0859375,0.012705572880804539,-1.289794921875,2.8213653564453125,0.14959239959716797,290.160400390625,15288.58203125,0.0108577199280262,2.3564453125,-0.8662109375,-0.048614501953125,280.805908203125,31292.91796875,0.007426585536450148,3.2045029409541534,-3.0184356350279486,1.308254826904396,3.1022046056062007,13.230224609375,12.063611111111111,1,0,0,0,0,0,0,0,0
Art,2012,2012-09-24 19:00:00,23.666,-80.55033,wind,38.23722636623586,3.6696259483619356,176.76761123616063,18.00555556,1,-2.8977203369140625,-3.3762054443359375,0.1909952163696289,294.124755859375,8087.56640625,0.013897561468183994,-2.0534515380859375,2.994598388671875,0.30497169494628906,290.504638671875,15236.13671875,0.010738028213381767,0.9455413818359375,-0.84674072265625,0.006962776184082031,280.986328125,31253.9375,0.007092666812241077,3.2074434836811987,-3.1056198539703,0.8987088066104943,3.6310167623826377,13.138427734375,12.063888888888888,1,0,0,0,0,0,0,0,0
Art,2012,2012-09-24 20:00:00,23.266,-80.53817,wind,44.49526063726113,3.817608158713249,178.4002501136157,18.52,1,-5.243621826171875,-2.096405029296875,0.018350601196289062,294.661865234375,7998.640625,0.01398530974984169,-4.264312744140625,2.742919921875,0.0614166259765625,290.835205078125,15158.99609375,0.010716293007135391,-1.190399169921875,0.196136474609375,-0.23201847076416016,281.2568359375,31194.1328125,0.006931972224265337,1.9492002948679943,-2.860898825023099,-0.22929272898075048,5.070303036077716,13.405029296875,12.064444444444444,1,0,0,0,0,0,0,0,0
Art,2012,2012-09-24 21:00:00,22.92633,-80.51367,wind,37.85261985413495,3.65977550965288,176.19931807447506,11.83222222,1,-5.8116912841796875,-2.2633819580078125,-0.026407241821289062,294.982421875,7938.45703125,0.013925881125032902,-4.1006317138671875,2.08038330078125,0.2227468490600586,291.26611328125,15108.09765625,0.010457174852490425,-2.07366943359375,0.3459930419921875,0.36110401153564453,281.6025390625,31161.59765625,0.006509494502097368,1.873171588455042,-2.347621426563342,-0.4826868801086852,4.598170846210788,13.3798828125,12.065,1,0,0,0,0,0,0,0,0
Art,2012,2012-09-25 15:00:00,22.7215,-80.238,wind,21.710746765780957,3.1228382382620463,118.13213301378897,8.745555556,1,-6.1371307373046875,1.7031707763671875,-0.05759239196777344,295.662109375,8148.5390625,0.0124509884044528,-5.383331298828125,3.49908447265625,-0.1494455337524414,291.188720703125,15320.05859375,0.009964232333004475,-4.9123077392578125,3.89508056640625,-0.014319419860839844,281.67724609375,31352.27734375,0.00401856517419219,-6.215162030301718,-6.397199550117559,-6.168536245891842,6.420580037638856,13.98486328125,12.043611111111112,1,0,0,0,0,0,0,0,0
Art,2012,2012-09-25 17:00:00,22.60717,-80.07317,wind,18.848923768792485,2.9881497874664875,121.44206106799106,10.80333333,1,-4.4717864990234375,-0.048828125,-0.21239089965820312,295.296875,8127.6015625,0.016139475628733635,-4.5180816650390625,2.4837188720703125,-0.2107553482055664,291.239013671875,15299.69921875,0.010270006954669952,-4.392913818359375,3.3771209716796875,-0.16652488708496094,281.421142578125,31329.04296875,0.005186824128031731,-3.7897150431536315,-5.150280506182084,-5.509522068211821,5.155765837141983,13.875732421875,12.043888888888889,1,0,0,0,0,0,0,0,0
Art,2012,2012-09-25 18:00:00,22.49267,-79.84667,wind,26.516620178063313,3.3147901922258542,118.65139005343883,8.745555556,1,-4.076812744140625,-0.907806396484375,-0.26757335662841797,295.050048828125,8091.36328125,0.016698986291885376,-3.8410186767578125,1.8031005859375,-0.10723400115966797,291.17529296875,15261.66015625,0.010462979786098003,-4.028289794921875,2.864837646484375,-0.0594024658203125,281.55419921875,31293.45703125,0.005367481615394354,-3.1423461202066063,-4.235247642641213,-4.908668809095855,4.243182319699508,13.495849609375,12.044166666666667,1,0,0,0,0,0,0,0,0
Art,2012,2012-09-25 19:00:00,22.31333,-79.69967,wind,25.02085277978249,3.2588982465589282,142.8168116781452,9.774444444,1,-3.8487396240234375,-1.7933349609375,-0.3669557571411133,295.91455078125,8023.8828125,0.016680777072906494,-2.9579315185546875,1.0112762451171875,-0.25740718841552734,290.950927734375,15201.21484375,0.01141380611807108,-2.9873199462890625,2.728302001953125,-0.19304656982421875,281.458984375,31230.2578125,0.005890756379812956,-0.8972819262650524,-2.593362533041578,-3.9790908095534956,3.1260259935575645,14.45556640625,12.044722222222223,1,0,0,0,0,0,0,0,0
Art,2012,2012-09-25 20:00:00,22.1455,-79.416,wind,34.652621542839384,3.573822679720215,122.53060940349411,11.31777778,1,-5.1110687255859375,-2.068115234375,0.1488933563232422,294.754638671875,8020.66015625,0.015490591526031494,-4.49029541015625,0.4679412841796875,-0.02460765838623047,290.7998046875,15190.27734375,0.011585945263504982,-3.9202117919921875,2.1992950439453125,-0.7586507797241211,281.1572265625,31213.4375,0.006459145341068506,-3.1970347487812756,-4.037422757254344,-4.48781847687801,4.51461204489489,13.597412109375,12.045,1,0,0,0,0,0,0,0,0
Art,2012,2012-09-25 21:00:00,21.92117,-79.05967,wind,44.398054045038094,3.815469241684587,124.11578743719139,12.86111111,1,-5.344573974609375,-2.688629150390625,-0.17801856994628906,295.695068359375,7955.7734375,0.014815488830208778,-3.641143798828125,-0.430694580078125,-0.18500137329101562,291.08203125,15135.4453125,0.011434775777161121,-2.6759185791015625,2.4046173095703125,-0.1589193344116211,281.54150390625,31173.20703125,0.006103201303631067,-2.9168401757267413,-2.7729617170205714,-3.564079405524749,3.6665277832103196,14.153564453125,12.045833333333333,1,0,0,0,0,0,0,0,0
Art,2012,2012-09-25 22:00:00,21.76,-78.97167,wind,20.09153248920933,3.0488716561091485,153.10698387573052,0.0,0,-4.2364044189453125,-2.6973419189453125,-0.13002777099609375,296.302001953125,7979.375,0.013883061707019806,-3.8814697265625,-0.749969482421875,-0.18951129913330078,290.975830078125,15163.10546875,0.012062977068126202,-2.6556549072265625,2.3101959228515625,-0.31874847412109375,281.025634765625,31191.1171875,0.006831635721027851,0.48939571578036034,-1.0868274022927342,-3.261576174617943,3.9532595997208815,15.2763671875,12.046111111111111,1,0,0,0,0,0,0,0,0
Art,2012,2012-09-26 15:00:00,21.729,-78.75967,wind,18.24068387666073,2.9570269891308545,91.82928206017232,10.80333333,1,-8.460601806640625,0.8574676513671875,0.06843948364257812,297.416015625,8163.12109375,0.006642861291766167,-5.5836181640625,1.4851531982421875,0.10058403015136719,292.58056640625,15350.03515625,0.005466162227094173,-4.125335693359375,-0.4728851318359375,0.07963180541992188,282.359130859375,31430.3359375,0.005049123428761959,-8.483661802219924,-5.62818104611458,-4.108138090167853,5.777756642875994,15.056884765625,12.025555555555556,1,0,0,0,0,0,0,0,0
Art,2012,2012-09-26 16:00:00,21.74917,-78.5035,wind,26.553851220381762,3.316142316042676,85.10745762334602,9.26,1,-6.8798828125,-0.63360595703125,0.059601783752441406,296.043701171875,8157.03125,0.012773990631103516,-5.3371124267578125,0.25421142578125,0.017704010009765625,293.02783203125,15346.4296875,0.004583544563502073,-4.261138916015625,-0.16363525390625,0.027159690856933594,282.319580078125,31429.2734375,0.004200355149805546,-6.908853812255612,-5.295985163559095,-4.259569053078731,5.343163155365032,13.72412109375,12.025555555555556,1,0,0,0,0,0,0,0,0
Art,2012,2012-09-26 19:00:00,21.65117,-78.47217,wind,11.36604674062039,2.514954550897986,183.73809631262998,14.40444444,1,-5.72406005859375,-2.5518646240234375,-0.1455230712890625,297.31640625,8057.03515625,0.012438777834177017,-5.882720947265625,-1.4941864013671875,-0.19253063201904297,292.16650390625,15246.08984375,0.006102269981056452,-3.97802734375,-0.3266448974609375,-0.1286764144897461,282.037353515625,31305.703125,0.003886403748765588,2.919620261439194,1.8745362858350652,0.5853006883222751,6.0695138804873325,15.279052734375,12.025833333333333,1,0,0,0,0,0,0,0,0
Art,2012,2012-09-26 20:00:00,21.45967,-78.321,wind,26.41667060399136,3.3111512445879883,143.68642273725362,12.86111111,1,-5.3444671630859375,-3.103240966796875,-0.1650247573852539,298.150146484375,7999.1640625,0.011842146515846252,-5.3498992919921875,-1.558990478515625,-0.21136474609375,291.579345703125,15201.71875,0.011018474586308002,-3.9798126220703125,-1.0977020263671875,-0.014260292053222656,282.000732421875,31256.25,0.003946889191865921,-0.6644613435828512,-1.9120167412256626,-1.4723464274281033,5.572420815638468,16.1494140625,12.026388888888889,1,0,0,0,0,0,0,0,0
Art,2012,2012-09-26 21:00:00,21.32683,-78.131,wind,24.599764628592123,3.24258315724763,126.86803656118406,0.0,0,-4.74139404296875,-3.80535888671875,-0.6987447738647461,298.6884765625,7977.5390625,0.01144142635166645,-5.1682891845703125,-2.131805419921875,-0.7654571533203125,291.734130859375,15190.640625,0.011173938401043415,-4.723602294921875,-1.5977020263671875,-0.17998790740966797,281.921142578125,31234.25,0.004469805862754583,-1.5100911923816032,-2.855704216525404,-2.8203941953310547,5.590689353179512,16.767333984375,12.026944444444444,1,0,0,0,0,0,0,0,0
Art,2012,2012-09-27 17:00:00,21.11483,-77.45933,wind,27.183032436697424,3.3387201102160833,99.45147505570901,12.34666667,1,-5.3104400634765625,-3.8186492919921875,-0.6371402740478516,297.059814453125,8059.796875,0.015081128105521202,-6.7054595947265625,-2.157012939453125,-0.6593780517578125,291.427490234375,15253.328125,0.012507890351116657,-6.1578521728515625,-1.586273193359375,-0.23785972595214844,280.791748046875,31292.38671875,0.00748893478885293,-4.611282037966667,-6.260225251204804,-5.813774036837597,7.04385499548924,16.26806640625,12.007777777777777,1,0,0,0,0,0,0,0,0
Art,2012,2012-09-27 18:00:00,20.96533,-77.27367,wind,25.44806094132465,3.2751828452700793,130.7528096901433,14.91888889,1,-7.554107666015625,-4.2165069580078125,-0.017973899841308594,295.516357421875,7963.1875,0.015411932952702045,-7.7375335693359375,-1.5146484375,-0.029750823974609375,291.037109375,15140.31640625,0.01283844280987978,-6.900726318359375,-2.40234375,-0.02695178985595703,281.3056640625,31190.30859375,0.007117193192243576,-2.9699629632682543,-4.872679003411336,-3.6592851691741353,7.884388728736155,14.210693359375,12.008333333333333,1,0,0,0,0,0,0,0,0
Art,2012,2012-09-27 19:00:00,21.0065,-77.16233,wind,12.432735088267506,2.597694644920697,68.37461731268388,0.0,0,-5.04931640625,-4.0566864013671875,0.08794307708740234,295.44140625,7894.9375,0.016233906149864197,-6.5230865478515625,-1.3380584716796875,0.2710304260253906,291.700439453125,15075.18359375,0.011240563355386257,-6.44775390625,-2.4876708984375,0.45838356018066406,282.0361328125,31151.73046875,0.00585352024063468,-6.188948420086407,-6.55707136184862,-6.910715181509976,6.658908212642355,13.4052734375,12.008333333333333,1,0,0,0,0,0,0,0,0
Art,2012,2012-09-28 16:00:00,20.97317,-76.90867,wind,13.521942446270469,2.675660777740621,80.19065310680855,8.745555556,1,-6.7726898193359375,-0.6205596923828125,-0.01912212371826172,295.455322265625,7917.25,0.015803905203938484,-8.259613037109375,0.581268310546875,-0.07071113586425781,291.483642578125,15091.08984375,0.01077040284872055,-7.11053466796875,-0.1317901611328125,-0.07264900207519531,282.24755859375,31159.42578125,0.005982792004942894,-6.7793988063317805,-8.039827644811648,-7.029032615807705,8.280041085141617,13.207763671875,11.988611111111112,1,0,0,0,0,0,0,0,0
Art,2012,2012-09-28 17:00:00,20.80933,-76.69383,wind,28.810107582945562,3.3948475166383676,129.18562123578027,9.26,1,-5.9166717529296875,-0.4136810302734375,-0.26723670959472656,296.684326171875,7862.2421875,0.014892896637320518,-7.1797943115234375,0.9238739013671875,-0.23686790466308594,290.7236328125,15045.29296875,0.012595917098224163,-5.980010986328125,0.9447021484375,-0.2707967758178711,282.101318359375,31112.55859375,0.006288931705057621,-4.324652404198461,-6.148816344822783,-5.232020609956014,7.238990906294312,14.5830078125,11.989444444444445,1,0,0,0,0,0,0,0,0
Art,2012,2012-09-28 18:00:00,20.6725,-76.5465,wind,21.591937261562087,3.117593084286884,134.77531537660093,9.774444444,1,-5.4580841064453125,-0.9151458740234375,-0.4607267379760742,297.317626953125,7761.9375,0.015134976245462894,-5.980010986328125,1.43402099609375,-0.3267955780029297,290.76904296875,14957.69921875,0.013420590199530125,-5.1282501220703125,0.965728759765625,-0.16549301147460938,281.898681640625,31011.78125,0.006560684647411108,-3.229990076619967,-5.255077568209472,-4.320602925190927,6.149548569923063,15.4189453125,11.990277777777777,1,0,0,0,0,0,0,0,0
Art,2012,2012-09-28 19:00:00,20.42567,-76.39533,wind,31.639164186238688,3.4855129227287844,150.14015588139165,13.89,1,-4.694122314453125,1.9709930419921875,-0.45234107971191406,297.81396484375,7670.265625,0.014133146032691002,-4.7096710205078125,0.299346923828125,-0.34209537506103516,291.646484375,14882.87109375,0.01352719496935606,-3.8853607177734375,1.5737152099609375,0.461883544921875,281.044921875,30937.015625,0.007441875524818897,-4.046445495313865,-2.6044586397987852,-3.2992416586040614,4.719174684435454,16.76904296875,11.991666666666667,1,0,0,0,0,0,0,0,0
Art,2012,2012-09-29 18:00:00,20.32367,-75.886,wind,16.90725634150402,2.8852060129084705,110.70742867013007,9.26,1,-1.4139556884765625,4.2640380859375,0.4896697998046875,294.441162109375,7770.91015625,0.016304345801472664,-3.2506103515625,6.03863525390625,0.1584329605102539,291.061279296875,14939.03125,0.011087566614151001,-3.1866455078125,5.746917724609375,-0.5644235610961914,280.83203125,30979.78125,0.006846914067864418,-2.8303589428513924,-5.175853079415769,-5.012870292018016,6.85795766882566,13.609130859375,11.973055555555556,1,0,0,0,0,0,0,0,0
Art,2012,2012-09-29 19:00:00,20.289,-75.6885,wind,20.953823035493826,3.0889412945372663,100.56751025779192,14.40444444,1,-0.730560302734375,4.868743896484375,0.25470829010009766,294.996337890625,7698.63671875,0.01548970490694046,-2.4088134765625,5.92266845703125,0.1807107925415039,290.9052734375,14872.6796875,0.011843361891806126,-1.6315460205078125,6.52490234375,0.31159305572509766,280.91845703125,30913.16015625,0.006710751447826624,-1.6110677843379193,-3.454140329875378,-2.8005017656090416,6.393776975840027,14.077880859375,11.973333333333333,1,0,0,0,0,0,0,0,0
Art,2012,2012-09-29 20:00:00,20.298,-75.47933,wind,21.837880123101602,3.128420566255329,87.33714309252991,11.83222222,1,-2.0379486083984375,4.5931243896484375,-0.060825347900390625,295.106201171875,7682.23046875,0.01505228690803051,-2.521331787109375,5.8929290771484375,0.31610107421875,290.64404296875,14846.91015625,0.012041894719004631,-1.7903900146484375,6.6343231201171875,0.46133899688720703,281.10009765625,30883.7265625,0.006525293458253145,-1.8223565705043698,-2.244830308746124,-1.4802334599939464,6.409658890221046,14.006103515625,11.973333333333333,1,0,0,0,0,0,0,0,0
Art,2012,2012-09-29 21:00:00,20.20567,-75.30483,wind,20.89949563642294,3.0864636062569315,119.39175999320094,0.0,0,-1.2182769775390625,3.4282073974609375,-0.036255836486816406,295.1435546875,7676.5859375,0.014515137299895287,-1.368316650390625,5.4396514892578125,0.24017906188964844,291.30517578125,14846.70703125,0.010839106515049934,-2.111053466796875,6.6364593505859375,0.1454629898071289,281.520751953125,30909.23828125,0.0065276180393993855,-2.743956056247987,-3.8618567059211717,-5.0963592212819355,5.609108554870458,13.622802734375,11.973888888888888,1,0,0,0,0,0,0,0,0
Art,2012,2012-09-30 18:00:00,20.22967,-75.01083,wind,13.87542706535435,2.699710661295484,87.29458051593855,13.37555556,1,-3.7234344482421875,6.09930419921875,-0.1608877182006836,297.0498046875,7811.87890625,0.012647118419408798,-4.310546875,9.6483154296875,-0.20366859436035156,291.137939453125,14995.9765625,0.010586815886199474,2.6951751708984375,8.9954833984375,-0.11334896087646484,281.417724609375,31036.0703125,0.007461670786142349,-3.4313915124006646,-3.8503329098397727,3.11676638073736,10.567440796726432,15.632080078125,11.954722222222221,1,0,0,0,0,0,0,0,0
Art,2012,2012-09-30 19:00:00,20.21567,-74.80867,wind,21.1508330372079,3.0978751046872386,94.18591605714118,16.97666667,1,-3.7581787109375,6.608673095703125,-0.16135787963867188,296.325927734375,7775.40234375,0.01319518405944109,-4.8249359130859375,10.877853393554688,-0.2731513977050781,291.18115234375,14956.109375,0.01110418327152729,2.072265625,8.5887451171875,-0.3907957077026367,281.4951171875,30988.28125,0.007958779111504555,-4.2305407460214814,-5.606072784636039,1.439819103379133,11.899903403685917,14.830810546875,11.955,1,0,0,0,0,0,0,0,0
Art,2012,2012-09-30 20:00:00,20.21267,-74.66733,wind,14.752058481444253,2.7569710539660583,91.27130690506158,8.745555556,1,-3.062225341796875,5.5136260986328125,-0.0413665771484375,295.870849609375,7738.9140625,0.014535405673086643,-4.4960174560546875,10.914154052734375,0.21390628814697266,291.144775390625,14915.07421875,0.011302085593342781,2.212615966796875,8.531204223632812,0.4707355499267578,281.7490234375,30960.84375,0.008082765154540539,-3.183800567766363,-4.737059482831833,2.0227923029670447,11.803937125042925,14.121826171875,11.955,1,0,0,0,0,0,0,0,0
Art,2012,2012-10-01 15:00:00,20.19867,-74.18817,wind,27.44145882911902,3.3478478985955533,67.8198103919143,14.40444444,1,-2.3963470458984375,9.614761352539062,0.3826580047607422,296.430419921875,7960.8515625,0.011044945567846298,-3.2555084228515625,10.703521728515625,0.2615623474121094,292.85888671875,15154.578125,0.007006843574345112,-3.006317138671875,6.9828643798828125,0.05682373046875,282.375,31237.5859375,0.00660684471949935,1.4107506747599707,1.0261957463520548,-0.14767777039364427,11.187658936706265,14.055419921875,11.936111111111112,1,0,0,0,0,0,0,0,0
Art,2012,2012-10-01 16:00:00,20.16417,-73.831,wind,37.47402405579495,3.6499833137318825,95.81404492617042,10.28888889,1,-1.4774017333984375,5.6332244873046875,0.10043811798095703,296.99560546875,7964.51953125,0.010972211137413979,-2.9381103515625,6.82305908203125,-0.04312610626220703,293.366455078125,15169.48828125,0.0069386400282382965,-3.056060791015625,7.097015380859375,-0.03631591796875,282.380126953125,31261.74609375,0.005755636841058731,-2.040448436614541,-3.6141734798535334,-3.75926899077017,7.428770266662434,14.615478515625,11.936388888888889,1,0,0,0,0,0,0,0,0
Art,2012,2012-10-01 17:00:00,20.01533,-73.5295,wind,35.5702591880592,3.599235319586521,117.67671281344053,10.80333333,1,-2.478057861328125,3.1451263427734375,0.24902057647705078,296.871826171875,7899.02734375,0.011776823550462723,-2.6810302734375,5.6150665283203125,0.1515789031982422,293.73681640625,15108.140625,0.006741713732481003,-2.5741729736328125,7.234771728515625,0.07332992553710938,282.656494140625,31219.27734375,0.005301203578710556,-3.655379676321517,-4.982371615745404,-5.640064816146747,6.222290208962572,14.21533203125,11.937777777777777,1,0,0,0,0,0,0,0,0
Art,2012,2012-10-01 18:00:00,19.7845,-73.33333,wind,32.85553104055679,3.5221023845495405,141.33819063856072,13.89,1,-2.30120849609375,-0.947174072265625,-0.3519458770751953,297.3466796875,7839.98828125,0.013157562352716923,-3.2905426025390625,4.1776275634765625,0.03247547149658203,293.49267578125,15048.390625,0.00844675861299038,-2.3892974853515625,6.758087158203125,0.09204959869384766,283.010498046875,31172.91015625,0.004916210658848286,-0.6980182856505475,-5.317763319960072,-6.769679489446043,5.317917137211116,14.336181640625,11.939722222222223,1,0,0,0,0,0,0,0,0
Art,2012,2012-10-01 19:00:00,19.69483,-73.01483,wind,34.79372330319555,3.577772551308746,106.59890517695214,12.34666667,1,-1.4456787109375,-2.3663787841796875,-0.4813404083251953,298.126708984375,7792.3671875,0.013684664852917194,-3.127777099609375,1.4040069580078125,-0.04946327209472656,292.73486328125,15006.53125,0.010869410820305347,-2.4865264892578125,5.4774932861328125,0.03442859649658203,283.01904296875,31136.2421875,0.004960804246366024,-0.7094308772981274,-3.3985192220420135,-3.947663851080347,3.4284435423345077,15.107666015625,11.940555555555555,1,0,0,0,0,0,0,0,0
Art,2012,2012-10-01 20:00:00,19.60367,-72.74933,wind,29.5932965004202,3.4207809163455822,109.98628379352436,11.83222222,1,-0.9636688232421875,-1.9014434814453125,-0.49620819091796875,299.23974609375,7758.09375,0.011673059314489365,-3.8106231689453125,-0.2239227294921875,-0.07970046997070312,292.7607421875,14993.46875,0.010808798484504223,-2.3868255615234375,4.1969146728515625,0.08829116821289062,283.0908203125,31117.50390625,0.004798673093318939,-0.2557271459773245,-3.504590663936296,-3.6775629261350558,3.8171966578218166,16.14892578125,11.94111111111111,1,0,0,0,0,0,0,0,0
Art,2012,2012-10-01 21:00:00,19.59617,-72.4805,wind,28.172839763458178,3.3732381313338142,91.65120329278687,16.46222222,1,-1.5666046142578125,-2.4256134033203125,-0.6482973098754883,298.562744140625,7782.3828125,0.012876423075795174,-2.695098876953125,0.220428466796875,-0.6043672561645508,292.65576171875,15010.890625,0.012246501632034779,-2.709259033203125,3.02215576171875,0.11621475219726562,283.15625,31128.28515625,0.005095270462334156,-1.4960601854739735,-2.7003314070435547,-2.7952173015948727,2.704098124241873,15.406494140625,11.94138888888889,1,0,0,0,0,0,0,0,0
Art,2012,2012-10-02 15:00:00,19.31217,-72.26067,wind,30.517715323331412,3.450549778965784,144.9145860201612,9.26,1,-1.9303436279296875,-0.322235107421875,-0.002910614013671875,297.2900390625,8109.453125,0.014252975583076477,-3.3996734619140625,0.9380035400390625,-0.03049468994140625,292.130615234375,15308.1171875,0.010726891458034515,-7.9917449951171875,0.4365692138671875,0.011042594909667969,282.92626953125,31410.6015625,0.004630771931260824,-0.8458719141619959,-2.7216865621553863,-4.950873550988069,3.526702466719947,14.36376953125,11.925833333333333,1,0,0,0,0,0,0,0,0
Art,2012,2012-10-02 16:00:00,19.129,-72.03133,wind,31.538566638442656,3.482426051602585,130.18778966283116,6.173333333,1,-2.3059539794921875,-0.9004058837890625,-0.1484832763671875,297.422607421875,8088.12890625,0.013927374966442585,-3.79425048828125,1.0569305419921875,-0.12676715850830078,291.833984375,15285.2578125,0.011420994997024536,-7.1223602294921875,1.6569671630859375,-0.02476978302001953,282.703125,31386.1796875,0.005147422663867474,-1.1805683198553805,-3.5805871910591316,-6.5102425023256005,3.9387103141026256,14.719482421875,11.9275,1,0,0,0,0,0,0,0,0
Art,2012,2012-10-02 17:00:00,18.919,-71.80033,wind,33.68879155642074,3.5464166248724593,133.8411864852206,20.06333333,1,-1.68756103515625,-0.1583099365234375,0.1397390365600586,298.7744140625,8014.0703125,0.012905091047286987,-2.66302490234375,0.412811279296875,-0.19603252410888672,291.7392578125,15236.6328125,0.012710541486740112,-5.909912109375,1.7016143798828125,-0.22035884857177734,282.55859375,31326.59765625,0.00663181534036994,-1.1075192443124295,-2.206678617023621,-5.441241314111701,2.6948311232464386,16.2158203125,11.929444444444444,1,0,0,0,0,0,0,0,0
Art,2012,2012-10-02 18:00:00,18.74967,-71.5235,wind,34.68862003637435,3.5748318714806437,122.82900981900264,17.49111111,1,-1.465087890625,1.42535400390625,-0.30256175994873047,299.171875,7962.125,0.013253238052129745,-2.52935791015625,2.1449127197265625,-0.15985584259033203,292.154052734375,15185.71875,0.012850847095251083,-6.15985107421875,1.7334747314453125,0.0648946762084961,282.66015625,31282.375,0.006795827299356461,-2.003834443990632,-3.2882293144798904,-6.115850061314159,3.3163687992915976,16.51171875,11.931111111111111,1,0,0,0,0,0,0,0,0
Art,2012,2012-10-02 19:00:00,18.68817,-71.2935,wind,25.168865297982588,3.264570356717147,105.72877625701466,12.86111111,1,-2.64605712890625,2.234710693359375,-0.42182064056396484,296.083740234375,7947.53515625,0.01384151354432106,-2.7037200927734375,2.065643310546875,-0.33873844146728516,291.415771484375,15114.30078125,0.01268127840012312,-5.7298126220703125,2.2061920166015625,-1.074967384338379,282.251953125,31193.96875,0.007366667035967112,-3.1527715436168484,-3.162443911279985,-6.113327073577661,3.402496822404667,13.831787109375,11.931666666666667,1,0,0,0,0,0,0,0,0
Art,2012,2012-10-02 20:00:00,18.73583,-71.1575,wind,15.272155205635718,2.7894553774635007,69.67381476300574,0.0,0,-2.3527679443359375,1.14764404296875,-0.17531967163085938,295.968994140625,8017.13671875,0.01446005329489708,-3.6048583984375,1.7108917236328125,0.2230682373046875,291.1708984375,15176.25,0.012973904609680176,-6.4427490234375,2.5232086181640625,0.5623235702514648,282.275146484375,31251.24609375,0.007602817378938198,-1.807611234711691,-2.7860822605635467,-5.165088385507977,3.990257455701403,13.69384765625,11.93138888888889,1,0,0,0,0,0,0,0,0
Art,2012,2012-10-03 16:00:00,18.56167,-70.99067,wind,27.213222117843593,3.339790737486222,135.17206050204436,7.716666667,1,-2.7890167236328125,1.7700653076171875,-0.10151958465576172,295.210205078125,8188.109375,0.014821769669651985,-6.8058624267578125,-0.6072845458984375,0.12376594543457031,290.748046875,15364.8671875,0.011620009317994118,-9.285720825195312,-0.2055816650390625,0.3987455368041992,281.818603515625,31405.43359375,0.0062773446552455425,-3.221579587453138,-4.367295211532325,-6.4004446768716114,6.832902596381776,13.3916015625,11.915555555555555,1,0,0,0,0,0,0,0,0
Art,2012,2012-10-03 17:00:00,18.49717,-70.67717,wind,33.821686905242984,3.5502403796123585,102.19298712774139,17.49111111,1,-3.718475341796875,0.4547271728515625,-0.11549091339111328,296.49462890625,8157.11328125,0.014443211257457733,-6.7550506591796875,-1.6735992431640625,0.08388519287109375,291.209716796875,15323.4921875,0.012405849061906338,-8.836578369140625,-1.04364013671875,0.19301891326904297,281.592041015625,31365.96875,0.006673235911875963,-3.7306337811566923,-6.249195757174062,-8.416818464913685,6.95928472149281,14.902587890625,11.91638888888889,1,0,0,0,0,0,0,0,0
Art,2012,2012-10-03 18:00:00,18.36017,-70.38683,wind,34.20795155308212,3.561271953487681,116.39826972624445,18.00555556,1,-9.110885620117188,-1.9658050537109375,0.2934083938598633,296.533935546875,8064.921875,0.012683907523751259,-9.684326171875,-3.7578125,0.41471004486083984,291.185791015625,15243.66015625,0.011154146865010262,-8.658843994140625,-2.3748779296875,0.45572757720947266,281.97705078125,31289.81640625,0.005779406055808067,-7.286836821362056,-7.00374088844728,-6.700054625062267,10.387845213922825,14.556884765625,11.917777777777777,1,0,0,0,0,0,0,0,0
Art,2012,2012-10-04 14:00:00,17.04567,-70.14633,wind,36.90340763037605,3.6350410191383373,176.69703135379984,11.31777778,1,-9.305343627929688,-2.8629302978515625,0.06422901153564453,294.86474609375,8062.8359375,0.013019001111388206,-9.61199951171875,-1.1281585693359375,0.17756271362304688,290.465576171875,15215.98828125,0.010015844367444515,-2.79736328125,-0.0580596923828125,0.042975425720214844,283.16943359375,31244.44140625,0.002767624333500862,2.3220401059452165,0.5724819136014889,-0.10320894807024608,9.67797894040112,11.6953125,11.915833333333333,1,0,0,0,0,0,0,0,0
Art,2012,2012-10-04 15:00:00,16.70833,-70.0465,wind,38.98556417498381,3.6885184933500326,164.17404457636508,10.28888889,1,-9.247802734375,-2.17254638671875,-0.026605606079101562,295.02001953125,8032.7890625,0.013050010427832603,-9.26141357421875,-0.9649200439453125,0.052021026611328125,290.744873046875,15191.43359375,0.010284768417477608,-1.65802001953125,0.5575408935546875,0.05806255340576172,283.146484375,31230.89453125,0.0033994358964264393,-0.4318297606172852,-1.597392378482961,-0.9885758269085838,9.311544022552368,11.87353515625,11.919722222222223,1,0,0,0,0,0,0,0,0
Art,2012,2012-10-04 16:00:00,16.37733,-69.95217,wind,38.15423895307924,3.667508691239116,164.70683114749534,10.28888889,1,-9.261749267578125,-2.2222747802734375,-0.04250144958496094,295.015869140625,7976.0703125,0.013843285851180553,-9.1142578125,-1.3442535400390625,0.06209087371826172,290.804443359375,15136.8984375,0.010267973877489567,-1.60186767578125,0.6036529541015625,0.04931354522705078,283.329345703125,31195.08984375,0.0033190902322530746,-0.2992793817123718,-1.1073068412886458,-1.0047824130793812,9.212855857584271,11.6865234375,11.923333333333334,1,0,0,0,0,0,0,0,0
Art,2012,2012-10-04 17:00:00,16.058,-69.86933,wind,36.592899254094874,3.626815182936377,166.00096583876552,10.28888889,1,-9.4754638671875,-2.6632843017578125,0.034717559814453125,295.366455078125,7884.61328125,0.013118728995323181,-8.544219970703125,-1.3417510986328125,0.06438159942626953,291.381103515625,15054.953125,0.00905180536210537,-2.4586334228515625,0.9298095703125,0.0048122406005859375,283.675537109375,31126.70703125,0.002175380475819111,0.2920170404030067,-0.7649933109450588,-1.496951087960169,8.648930044719085,11.69091796875,11.926944444444445,1,0,0,0,0,0,0,0,0
Art,2012,2012-10-04 18:00:00,15.725,-69.81167,wind,37.53786503495319,3.6516412653685935,170.53707788425675,12.34666667,1,-9.70477294921875,-2.5718994140625,0.00974273681640625,295.64013671875,7806.62109375,0.012558287009596825,-8.11566162109375,-1.2724151611328125,0.011327743530273438,291.578125,14981.4609375,0.009357018396258354,-2.4248504638671875,1.147369384765625,-0.020801544189453125,283.42041015625,31059.68359375,0.0035864030942320824,0.9413464527856772,-0.07918997629000613,-1.5304242187033041,8.214803947166036,12.2197265625,11.930833333333334,1,0,0,0,0,0,0,0,0
Art,2012,2012-10-04 19:00:00,15.37517,-69.7735,wind,39.11363786165594,3.6917163727935325,173.9941891218541,10.28888889,1,-9.639495849609375,-2.422515869140625,-0.06770038604736328,295.680908203125,7727.80859375,0.012951623648405075,-8.191009521484375,-1.3477935791015625,-0.05011749267578125,291.39697265625,14902.65234375,0.010403006337583065,-2.524749755859375,1.05096435546875,-0.015149116516113281,283.102783203125,30984.24609375,0.005697600077837706,1.4006454251393876,0.48337612344339975,-1.3093587814731762,8.30115561310081,12.578125,11.934722222222222,1,0,0,0,0,0,0,0,0
Art,2012,2012-10-04 20:00:00,15.01783,-69.72817,wind,40.03102088232104,3.7143283875074893,173.01472667938174,11.83222222,1,-9.150924682617188,-2.9741363525390625,-0.10390186309814453,295.37744140625,7687.94921875,0.015069317072629929,-8.329635620117188,-1.2051849365234375,-0.03681659698486328,291.33837890625,14865.25390625,0.011467973701655865,-2.7738494873046875,0.5651092529296875,-0.032235145568847656,283.1591796875,30953.07421875,0.006787886843085289,1.8391780311459025,0.18323719198964605,-0.898254256163945,8.416370969434988,12.21826171875,11.938611111111111,1,0,0,0,0,0,0,0,0
Art,2012,2012-10-04 21:00:00,14.6615,-69.68683,wind,39.870468956747075,3.7104077718618873,173.5959111310192,12.34666667,1,-9.144439697265625,-3.6933746337890625,-0.15169620513916016,295.208740234375,7630.23828125,0.015402473509311676,-8.093597412109375,-2.393402099609375,-0.10621452331542969,291.33935546875,14808.20703125,0.012069269083440304,-3.1746978759765625,-0.143463134765625,0.001956939697265625,283.10400390625,30903.19140625,0.0070871105417609215,2.65035838977055,1.4757085262787937,-0.21153741001488796,8.440064731962554,12.104736328125,11.942777777777778,1,0,0,0,0,0,0,0,0
Art,2012,2012-10-04 22:00:00,14.29783,-69.64533,wind,40.68434409566889,3.7301256169581407,173.68977802606446,11.83222222,1,-9.289886474609375,-3.0204620361328125,0.10083675384521484,295.656494140625,7603.31640625,0.014230768196284771,-8.016815185546875,-2.5037994384765625,-0.004985809326171875,291.423828125,14785.10546875,0.012004498392343521,-4.444427490234375,-0.511505126953125,-0.03374290466308594,283.28955078125,30886.9296875,0.007654326502233744,1.9810955019502807,1.6074885278000535,0.019911792654302707,8.398710457405382,12.366943359375,11.946666666666667,1,0,0,0,0,0,0,0,0
Art,2012,2012-10-05 14:00:00,11.43033,-69.79867,wind,35.51983164653167,3.5978554458183236,172.6841030125829,8.745555556,1,-3.9291534423828125,0.28472900390625,-0.13988399505615234,296.023193359375,7709.69921875,0.014618787914514542,-2.4473724365234375,1.320526123046875,-0.18863964080810547,291.804443359375,14903.81640625,0.011609209701418877,-2.140106201171875,-0.8535614013671875,0.1884593963623047,282.17236328125,30973.45703125,0.007745986804366112,-0.7827487187755506,-1.6214238575736675,0.5740919697218774,2.7809029261561573,13.850830078125,11.968055555555555,1,0,0,0,0,0,0,0,0
Art,2012,2012-10-05 16:00:00,11.2955,-69.59633,wind,25.702065126896194,3.2847409079918255,124.1051502188867,16.46222222,1,-2.71435546875,-1.2039947509765625,-0.5945577621459961,298.29736328125,7637.53125,0.014449719339609146,-1.9256744384765625,0.7326202392578125,-0.551116943359375,291.606689453125,14854.58203125,0.01351000927388668,-1.151824951171875,0.449737548828125,0.271636962890625,281.916748046875,30935.7578125,0.008244740776717663,-1.5724172782972579,-2.0052675730739136,-1.2058963860196052,2.060328725706701,16.380615234375,11.969722222222222,1,0,0,0,0,0,0,0,0
Art,2012,2012-10-05 17:00:00,11.24617,-69.378,wind,24.4326754010012,3.2360347803886604,102.9523908056807,8.745555556,1,-2.6371002197265625,-3.2000885009765625,-1.1241121292114258,297.485595703125,7486.203125,0.014870982617139816,-1.645111083984375,-1.121673583984375,-1.6942310333251953,291.68896484375,14695.19921875,0.0136878015473485,-0.998779296875,-0.0511322021484375,-1.3962373733520508,282.850830078125,30812.578125,0.008171534165740013,-1.8527314387470875,-1.3518405283787471,-0.9619061641102006,1.9911157946379205,14.634765625,11.970277777777778,1,0,0,0,0,0,0,0,0
Art,2012,2012-10-05 18:00:00,11.04967,-69.06833,wind,40.233966912063664,3.719262356305014,122.86274717764888,11.31777778,1,-6.5166778564453125,-4.8189849853515625,-0.1370525360107422,295.925537109375,7434.109375,0.015325646847486496,-2.1298370361328125,-1.047882080078125,0.5459976196289062,292.051513671875,14636.6875,0.013467556796967983,-0.6722412109375,-1.2633514404296875,0.8752784729003906,282.64453125,30760.8203125,0.009002656675875187,-2.858914231056914,-1.2203946812947124,0.12086603917975114,2.373660180866642,13.281005859375,11.972777777777777,1,0,0,0,0,0,0,0,0
Art,2012,2012-10-05 19:00:00,10.97983,-68.8395,wind,26.155469581691793,3.3015784839792293,107.2502964373084,11.31777778,1,-3.545166015625,-2.4150238037109375,-0.26459503173828125,295.301025390625,7370.95703125,0.016335977241396904,-0.487548828125,-0.3441619873046875,-0.16767311096191406,292.67138671875,14571.796875,0.01214480958878994,-0.4785919189453125,-0.9463958740234375,-0.4220438003540039,282.815185546875,30707.18359375,0.008263802155852318,-2.669531916927612,-0.3635580684329483,-0.17641369430785997,0.5967841597358066,12.48583984375,11.973611111111111,1,0,0,0,0,0,0,0,0
Art,2012,2012-10-05 20:00:00,10.9045,-68.707,wind,16.71562997332152,2.8744472992612886,120.06065384064414,9.774444444,1,-3.761322021484375,-1.4208831787109375,-0.5516815185546875,295.167236328125,7345.81640625,0.017006317153573036,-1.9715728759765625,-0.479888916015625,-0.6075105667114258,292.0556640625,14531.52734375,0.012544026598334312,-0.19891357421875,-1.304534912109375,-0.3514108657836914,282.95849609375,30661.3359375,0.008229424245655537,-2.5436638806538965,-1.4660033996388488,0.4813042390461152,2.029136017373194,12.208740234375,11.974444444444444,1,0,0,0,0,0,0,0,0
Art,2012,2012-10-06 14:00:00,10.805,-68.52033,wind,18.573098996682127,2.974156123326128,108.24263550806006,13.89,1,0.2570953369140625,3.5993194580078125,0.03338909149169922,295.68603515625,7605.1328125,0.01452078390866518,0.483856201171875,3.937774658203125,-0.014891624450683594,291.84375,14797.234375,0.012768211774528027,-0.4040679931640625,3.4238739013671875,-0.1945333480834961,282.37353515625,30893.42578125,0.008923562243580818,-0.8825636432601888,-0.7731505257059574,-1.4555747069416392,3.967390336505751,13.3125,11.965833333333334,1,0,0,0,0,0,0,0,0
Art,2012,2012-10-06 15:00:00,10.62767,-68.343,wind,27.64363789911483,3.35493135564302,135.48748505894798,8.231111111,1,0.3339691162109375,3.623626708984375,0.07133769989013672,296.03857421875,7601.32421875,0.014817986637353897,-0.3550567626953125,4.526885986328125,0.027696609497070312,291.997314453125,14801.5234375,0.012451578862965107,-0.262481689453125,3.958709716796875,-0.1003122329711914,282.173583984375,30894.63671875,0.008983145467936993,-2.349864476023342,-3.4770282150521763,-3.0069620841300853,4.540788702191463,13.864990234375,11.968055555555555,1,0,0,0,0,0,0,0,0
Art,2012,2012-10-06 16:00:00,10.45017,-68.19783,wind,25.32598344164308,3.270556415029497,141.1852377057794,13.89,1,-0.1113433837890625,1.931976318359375,0.10019207000732422,297.111572265625,7556.7578125,0.01587139256298542,-0.8555450439453125,5.803955078125,0.14003276824951172,292.2841796875,14774.71875,0.012665670365095139,-0.3980255126953125,4.825836181640625,0.13277530670166016,281.876708984375,30867.18359375,0.009027968160808086,-1.5751410783485835,-5.058564928575149,-4.009662334855286,5.866672981436102,15.23486328125,11.970555555555556,1,0,0,0,0,0,0,0,0
Art,2012,2012-10-06 17:00:00,10.36117,-67.97017,wind,26.792965710543665,3.324782956683763,111.65578921622193,11.83222222,1,-0.3124237060546875,2.0931243896484375,-0.1410818099975586,297.523681640625,7502.44140625,0.015731435269117355,-2.2980499267578125,5.31201171875,-0.27362823486328125,291.6435546875,14709.5546875,0.01467115804553032,-0.984466552734375,5.2523956298828125,-0.24617862701416016,282.391845703125,30794.68359375,0.008296738378703594,-1.0627971703715984,-4.096138173843336,-2.85327055881507,5.7877890395218206,15.1318359375,11.971666666666666,1,0,0,0,0,0,0,0,0
Art,2012,2012-10-06 18:00:00,10.17017,-67.81033,wind,27.51223504309734,3.35033329490963,140.5155608429248,12.86111111,1,-0.4968109130859375,1.6140289306640625,-0.06925106048583984,297.76025390625,7412.203125,0.015708940103650093,-1.4546661376953125,4.13214111328125,-0.20264530181884766,291.400634765625,14628.09375,0.015152323991060257,-0.7650146484375,5.415313720703125,0.32314014434814453,282.543212890625,30708.33984375,0.008076369762420654,-1.561609656767918,-4.114151947956034,-4.66597335998681,4.380712699119472,15.217041015625,11.974166666666667,1,0,0,0,0,0,0,0,0
Art,2012,2012-10-06 19:00:00,10.08717,-67.72817,wind,12.886384885985219,2.6309088555031446,135.73407730059063,0.0,0,-0.219451904296875,0.464874267578125,-0.18311786651611328,297.692138671875,7273.09375,0.01605924963951111,-2.395263671875,2.0859375,-0.19131183624267578,291.498291015625,14488.296875,0.014189278706908226,-1.3787994384765625,4.7738800048828125,0.20642375946044922,282.974365234375,30571.6953125,0.007993864826858044,-0.4860753047855732,-3.1656254081694106,-4.38100117459161,3.1762278431671676,14.7177734375,11.975,1,0,0,0,0,0,0,0,0
Art,2012,2012-10-07 17:00:00,9.96017,-67.5305,wind,24.415258493002224,3.2353497217305667,122.90365887934087,7.202222222,1,-0.7964630126953125,3.46380615234375,-0.3302593231201172,299.28759765625,7662.39453125,0.016228508204221725,-2.041961669921875,3.4680633544921875,-0.4438333511352539,291.77587890625,14895.71484375,0.015020322054624557,-7.7421875,6.878265380859375,-0.12145233154296875,281.919189453125,30988.25390625,0.008728508837521076,-2.5503352576832636,-3.5983500986835377,-10.23669265864217,4.024558471708634,17.368408203125,11.967777777777778,1,0,0,0,0,0,0,0,0
Art,2012,2012-10-07 18:00:00,9.8265,-67.2975,wind,29.535603286952693,3.418893323707786,120.1943663625255,14.40444444,1,-0.4723663330078125,3.25567626953125,-0.2484874725341797,297.463134765625,7620.98828125,0.01587524823844433,-3.56103515625,3.4803314208984375,-0.02521991729736328,291.8720703125,14835.0,0.01369505375623703,-7.3431549072265625,5.7742462158203125,-0.3083372116088867,281.84228515625,30918.30078125,0.008464115671813488,-2.045671107208035,-4.828269424891869,-9.250937224971949,4.9793250730738,15.620849609375,11.969722222222222,1,0,0,0,0,0,0,0,0
Art,2012,2012-10-07 19:00:00,9.6425,-67.1065,wind,29.27068051595274,3.410179604312231,134.32970036896165,12.86111111,1,-1.1426239013671875,2.7205810546875,-0.41431713104248047,296.764892578125,7486.65625,0.015366301871836185,-3.8515167236328125,3.366302490234375,-0.6361293792724609,291.81982421875,14693.33984375,0.013776719570159912,-8.284027099609375,5.903656005859375,-1.2362909317016602,282.84228515625,30804.58203125,0.007214040495455265,-2.718458296882275,-5.107433444624634,-10.051211336256106,5.115288215553586,13.922607421875,11.972222222222221,1,0,0,0,0,0,0,0,0
Art,2012,2012-10-07 20:00:00,9.61383,-66.90883,wind,21.903528591055508,3.131290985635675,98.35232627331578,0.0,0,-1.1612701416015625,0.4416046142578125,-0.08389568328857422,296.424072265625,7521.62890625,0.016389355063438416,-4.0062713623046875,0.99261474609375,-0.10544872283935547,291.647216796875,14724.02734375,0.01407565362751484,-8.651840209960938,5.2348480224609375,-0.22984695434570312,282.49951171875,30823.4375,0.007625211961567402,-1.2131005932021075,-4.107966068655482,-9.320488010016941,4.127407692800096,13.924560546875,11.9725,1,0,0,0,0,0,0,0,0
Art,2012,2012-10-08 14:00:00,9.42833,-66.70833,wind,18.094548127880735,2.9494028559764587,139.6326167086749,14.40444444,1,-2.4579620361328125,2.0942535400390625,-0.09427642822265625,294.795654296875,7988.3125,0.01603909209370613,-6.7578125,5.0296478271484375,-0.19628620147705078,291.56982421875,15165.66015625,0.012081649154424667,-12.367477416992188,4.6952972412109375,-0.2151174545288086,281.755615234375,31222.90234375,0.007042348850518465,-3.1876149999364984,-8.209066996162107,-11.587625877339462,8.424095622100644,13.0400390625,11.966666666666667,1,0,0,0,0,0,0,0,0
Art,2012,2012-10-08 15:00:00,9.32867,-66.53633,wind,21.88323971678969,3.130404752501363,120.4103337331743,16.46222222,1,-2.3850860595703125,2.0459747314453125,-0.11203575134277344,294.835693359375,7990.87890625,0.01650131866335869,-6.8192596435546875,4.1232757568359375,-0.09529590606689453,292.085205078125,15168.52734375,0.009839935228228569,-12.592910766601562,3.75732421875,-0.11580181121826172,281.585693359375,31231.86328125,0.007575071882456541,-3.092602166932328,-7.96824032544739,-12.762325556036986,7.968921197572767,13.25,11.968333333333334,1,0,0,0,0,0,0,0,0
Art,2012,2012-10-08 16:00:00,9.16433,-66.31417,wind,30.469920985058447,3.4490322002710805,126.83277369157281,11.31777778,1,-2.2833404541015625,2.36737060546875,-0.14472293853759766,295.7646484375,7929.890625,0.01618827134370804,-7.3838348388671875,3.720794677734375,-0.22809219360351562,291.96435546875,15107.8828125,0.009389059618115425,-12.0928955078125,3.069732666015625,-0.1273670196533203,281.457275390625,31166.62890625,0.008084279485046864,-3.2467545967659137,-8.140484849971891,-11.51926364576798,8.268332961457544,14.307373046875,11.970555555555556,1,0,0,0,0,0,0,0,0
Art,2012,2012-10-08 17:00:00,8.99033,-66.08483,wind,31.756544474774177,3.4891027734084625,127.51769386443095,12.86111111,1,-2.111114501953125,2.3356781005859375,-0.028450965881347656,296.201904296875,7858.34375,0.01570465788245201,-8.2301025390625,2.6805267333984375,0.014249801635742188,291.815673828125,15036.12109375,0.009954456239938736,-11.260391235351562,2.93035888671875,-0.05979633331298828,281.6611328125,31104.0625,0.008067826740443707,-3.0969056945954194,-8.160289744585215,-10.715958989293666,8.655623107087479,14.540771484375,11.973055555555556,1,0,0,0,0,0,0,0,0
Art,2012,2012-10-08 18:00:00,8.78483,-65.96,wind,26.64988200032452,3.3196214603398713,149.02017840911674,13.37555556,1,-2.5333099365234375,1.96502685546875,-0.02678966522216797,296.560302734375,7756.9765625,0.01558228861540556,-8.461517333984375,2.0127105712890625,0.09977245330810547,291.69384765625,14939.4453125,0.010781947523355484,-11.100799560546875,2.716278076171875,-0.0065135955810546875,281.8564453125,31016.203125,0.007652018219232559,-2.9886993334958136,-6.081043649548791,-8.042780302909177,8.697601935999186,14.703857421875,11.976111111111111,1,0,0,0,0,0,0,0,0
Art,2012,2012-10-08 19:00:00,8.58633,-65.78517,wind,29.265759163058096,3.4100170128902185,138.94213708832172,8.745555556,1,-3.3177947998046875,1.278350830078125,0.05784034729003906,296.71044921875,7693.6953125,0.015650397166609764,-9.045028686523438,1.1966400146484375,0.1558523178100586,291.54296875,14883.13671875,0.01145096868276596,-11.698684692382812,1.9343414306640625,-0.06421375274658203,282.12060546875,30964.5703125,0.006784179247915745,-3.1431330324080995,-6.843286034854408,-9.142523968527403,9.123841913617843,14.58984375,11.979166666666666,1,0,0,0,0,0,0,0,0
Art,2012,2012-10-08 20:00:00,8.37033,-65.662,wind,27.57478560716329,3.3525247068412947,150.5679058224025,12.34666667,1,-3.26153564453125,0.2891693115234375,0.07728958129882812,296.64404296875,7651.328125,0.015609135851264,-9.510360717773438,0.81341552734375,0.11219024658203125,291.961669921875,14842.5703125,0.01117526926100254,-11.86181640625,1.455169677734375,-0.09195232391357422,282.197998046875,30932.0234375,0.0068369060754776,-1.8545402427678104,-5.381747247314025,-7.096161545418076,9.545082807513616,14.446044921875,11.982222222222223,1,0,0,0,0,0,0,0,0
Art,2012,2012-10-08 21:00:00,8.1855,-65.51217,wind,26.347753966364582,3.308634403607854,141.25291145589006,11.83222222,1,-4.2099609375,-0.2938385009765625,-0.039581298828125,296.855712890625,7649.3671875,0.015443870797753334,-9.523056030273438,0.0931549072265625,-0.10305500030517578,291.794677734375,14847.515625,0.011709362268447876,-11.564239501953125,0.22955322265625,-0.2879762649536133,282.46728515625,30938.96875,0.007384554948657751,-2.405777093017784,-6.032979924722544,-7.4169029459561004,9.523511641850797,14.388427734375,11.985,1,0,0,0,0,0,0,0,0
Art,2012,2012-10-08 22:00:00,8.0695,-65.438,wind,15.265420563728341,2.7890414165678714,147.66198583474574,0.0,0,-2.814483642578125,-0.8216400146484375,-0.1815662384033203,296.758544921875,7706.8671875,0.014745832420885563,-8.23602294921875,0.210174560546875,-0.11220073699951172,291.40234375,14902.8515625,0.01234416663646698,-12.686920166015625,1.30712890625,-0.22930145263671875,282.04248046875,30983.25390625,0.00793404784053564,-0.8112945023324462,-4.583134052384371,-7.890801547648685,8.238704228576177,14.716064453125,11.986666666666666,1,0,0,0,0,0,0,0,0
Art,2012,2012-10-09 14:00:00,7.926,-65.27167,wind,15.939352569390708,2.82963946944931,115.47231943888784,12.34666667,1,-6.843994140625,-0.1883392333984375,0.1474761962890625,295.114990234375,7933.18359375,0.012417948804795742,-8.499588012695312,-2.813385009765625,-0.007124900817871094,291.599609375,15097.3515625,0.007491829805076122,-10.753982543945312,-1.9512176513671875,0.1504955291748047,282.611328125,31147.09765625,0.006040505133569241,-6.097711145365089,-6.463403436891426,-8.869452033711838,8.953107371115784,12.503662109375,11.981666666666667,1,0,0,0,0,0,0,0,0
Art,2012,2012-10-09 18:00:00,7.80533,-65.03167,wind,20.844115878931525,3.0839315891161374,123.56484917459113,8.745555556,1,-3.4978790283203125,-1.256317138671875,0.1104879379272461,296.11474609375,7668.07421875,0.01463298313319683,-5.96661376953125,-1.883148193359375,0.11651039123535156,291.687744140625,14847.671875,0.011025238782167435,-8.9107666015625,-1.7092742919921875,0.09951591491699219,282.24169921875,30926.11328125,0.006860683206468821,-2.220051552245898,-3.930588279648861,-6.4799662814768055,6.256734531120254,13.873046875,11.983611111111111,1,0,0,0,0,0,0,0,0
Art,2012,2012-10-09 19:00:00,7.70483,-64.88233,wind,19.89009211424469,3.039274985048685,124.173185615347,15.43333333,1,-2.655548095703125,-1.839202880859375,0.17348003387451172,296.3544921875,7536.015625,0.014857920818030834,-5.2819366455078125,-2.25701904296875,0.18197250366210938,291.978271484375,14724.1328125,0.011396737769246101,-8.307723999023438,-2.0328369140625,0.22294998168945312,282.582275390625,30824.19921875,0.006572904530912638,-1.163977209040421,-3.1022170362329184,-5.731504911080213,5.743952444744115,13.772216796875,11.985,1,0,0,0,0,0,0,0,0
Art,2012,2012-10-09 22:00:00,7.70733,-64.7525,wind,14.462075405921919,2.7383902777407387,41.327493423416854,1.543333333,1,-4.0200347900390625,-3.10888671875,-0.011545181274414062,296.726806640625,7582.56640625,0.015134939923882484,-7.0561981201171875,-3.5482025146484375,-0.22519397735595703,291.913818359375,14778.27734375,0.011723170056939125,-9.30621337890625,-3.1886749267578125,-0.36138057708740234,282.47802734375,30862.953125,0.006822084076702595,-4.989288788753406,-7.324158971172851,-8.53999745493247,7.898080336088183,14.248779296875,11.985,1,0,0,0,0,0,0,0,0
Art,2012,2012-10-10 14:00:00,7.55433,-64.61817,wind,22.06779518831934,3.1384374971078617,110.38519727570446,13.89,1,-4.7616424560546875,-1.36334228515625,-0.2830619812011719,293.807373046875,7824.21875,0.015223857015371323,-4.65203857421875,-3.0194549560546875,-0.26380252838134766,290.91455078125,14982.24609375,0.012146756052970886,-6.2188720703125,-2.6086883544921875,-0.0498809814453125,282.386962890625,31049.546875,0.006531425751745701,-3.9885375202305475,-3.308924375874843,-4.9207125279547625,5.546041031912984,11.42041015625,11.980833333333333,1,0,0,0,0,0,0,0,0
Art,2012,2012-10-10 15:00:00,7.535,-64.362,wind,28.31988975342918,3.3782661168964148,94.33594534984786,9.774444444,1,-3.18670654296875,-1.4171142578125,-0.09977149963378906,293.97265625,7799.515625,0.0163210928440094,-4.5625152587890625,-2.6719512939453125,-0.05366039276123047,290.72412109375,14956.90625,0.012738917954266071,-6.5737152099609375,-2.6452484130859375,0.09802055358886719,282.381591796875,31022.640625,0.006721294019371271,-3.0704459179280814,-4.347445839991509,-6.354908385231381,5.287331009488535,11.591064453125,11.981111111111112,1,0,0,0,0,0,0,0,0
Art,2012,2012-10-10 16:00:00,7.5725,-64.12733,wind,26.201593948399644,3.303275572629082,80.82741119044675,7.202222222,1,-2.5664215087890625,-1.3837738037109375,-0.09440326690673828,294.73291015625,7731.91796875,0.016969988122582436,-5.1532745361328125,-2.5424346923828125,0.0019960403442382812,290.752197265625,14892.87109375,0.012697052210569382,-6.684814453125,-2.581695556640625,0.1387157440185547,282.49560546875,30964.23046875,0.006617804057896137,-2.754189628624477,-5.492664506670975,-7.010878605563362,5.7463216590951935,12.2373046875,11.980555555555556,1,0,0,0,0,0,0,0,0
Art,2012,2012-10-10 17:00:00,6.23883,-62.7975,wind,208.6638712627479,5.345505635333345,135.20929612189457,32.92444444,1,-1.057647705078125,-2.423614501953125,-0.17398548126220703,298.76220703125,7508.01171875,0.014683072455227375,-2.0097808837890625,-2.5223388671875,-0.6203794479370117,291.66064453125,14733.4765625,0.013630945235490799,-4.9050445556640625,-1.0429534912109375,0.19915485382080078,281.7568359375,30797.19140625,0.007883809506893158,0.9748700032817149,0.3741372239414802,-2.715528946458516,3.225122100288401,17.00537109375,12.002222222222223,1,0,0,0,0,0,0,0,0
Art,2012,2012-10-10 18:00:00,7.47217,-64.01567,wind,192.076564996095,5.263086820060675,315.63115339133657,0.0,0,-1.7491607666015625,-1.950592041015625,-0.09965801239013672,296.861572265625,7501.44140625,0.016004061326384544,-3.619354248046875,-1.001800537109375,0.12738609313964844,291.419677734375,14696.18359375,0.01283533126115799,-5.354278564453125,-3.5297698974609375,0.26190853118896484,283.128173828125,30776.99609375,0.0064097922295331955,-0.17124260433559213,1.8147829430096274,1.2208452387353104,3.755439986074547,13.7333984375,11.982222222222223,1,0,0,0,0,0,0,0,0
Art,2012,2012-10-11 14:00:00,7.41067,-63.81083,wind,24.038133070312934,3.220399985557469,106.05333960203342,7.716666667,1,-2.25604248046875,-0.8370361328125,-0.03905773162841797,294.3603515625,7712.15625,0.015094906091690063,-3.8485870361328125,-1.6619873046875,0.04375934600830078,291.08935546875,14872.49609375,0.01100991852581501,-3.2977447509765625,1.0467681884765625,0.16770553588867188,282.83984375,30950.3984375,0.0055834404192864895,-1.9365999892697305,-3.2389172512904896,-3.45861315150827,4.192114499346597,11.5205078125,11.976666666666667,1,0,0,0,0,0,0,0,0
Art,2012,2012-10-11 15:00:00,7.22383,-63.59717,wind,31.4151196982496,3.4786249713009862,131.38747432040657,8.745555556,1,-2.206451416015625,-0.0833740234375,-0.06001091003417969,295.552978515625,7677.63671875,0.014979153871536255,-2.7781524658203125,-0.3122711181640625,0.043168067932128906,291.026611328125,14848.2109375,0.012067976407706738,-2.1515655517578125,1.181549072265625,0.1902151107788086,282.8017578125,30924.046875,0.006271664518862963,-1.6002800263294823,-1.8778671288101763,-2.3954028014470974,2.7956473981142396,12.751220703125,11.98,1,0,0,0,0,0,0,0,0
Art,2012,2012-10-11 16:00:00,6.99883,-63.42417,wind,31.469396399272835,3.4802979964523724,142.6465557166872,17.49111111,1,-1.8880157470703125,0.3779754638671875,0.01658153533935547,296.43310546875,7581.41796875,0.014620303176343441,-2.1912078857421875,0.176788330078125,0.15356731414794922,291.5087890625,14766.2890625,0.011958821676671505,-1.7353057861328125,1.4586334228515625,0.24190139770507812,282.96142578125,30859.7890625,0.006404678802937269,-1.445971728718418,-1.470002298265092,-2.2123415222818386,2.198328026521647,13.4716796875,11.983888888888888,1,0,0,0,0,0,0,0,0
Art,2012,2012-10-11 17:00:00,6.745,-63.2115,wind,36.71295828605017,3.630003756510784,140.2326826228031,10.28888889,1,-0.516937255859375,0.8265380859375,0.06532764434814453,296.921142578125,7489.44921875,0.014690305106341839,-1.47015380859375,1.3258819580078125,0.1445140838623047,292.102294921875,14682.4140625,0.011379876174032688,-0.9478302001953125,2.6720733642578125,0.15651226043701172,283.15478515625,30798.5625,0.006588734220713377,-0.9659872375074763,-1.959552491136522,-2.6601850875171023,1.9797260384945536,13.766357421875,11.988055555555556,1,0,0,0,0,0,0,0,0
Art,2012,2012-10-11 18:00:00,6.50417,-62.95067,wind,39.33312890661423,3.6971731884847348,132.89319968374946,18.00555556,1,1.242523193359375,0.7636566162109375,-0.1041707992553711,297.922607421875,7386.12109375,0.014591150917112827,-0.0377349853515625,1.5999603271484375,-0.043982505798339844,291.77001953125,14593.12890625,0.013375462964177132,0.791107177734375,4.08929443359375,-0.039580345153808594,283.2431640625,30722.859375,0.006993538234382868,0.3905313266942966,-1.1166328136949895,-2.203728643770933,1.6004052541679616,14.679443359375,11.992222222222223,1,0,0,0,0,0,0,0,0
Art,2012,2012-10-11 19:00:00,6.26767,-62.63417,wind,43.75843572126753,3.8012799346933352,126.92184120465379,9.774444444,1,1.775909423828125,0.4754638671875,-0.11651039123535156,298.611328125,7297.4375,0.015208564698696136,1.3215484619140625,0.991729736328125,-0.2815399169921875,291.801025390625,14531.2890625,0.014465534128248692,1.5796356201171875,4.455535888671875,-0.035938262939453125,282.970947265625,30651.8125,0.007716663181781769,1.134137904253888,0.460762608753595,-1.4137031643305122,1.652276673897225,15.640380859375,11.99638888888889,1,0,0,0,0,0,0,0,0
Art,2012,2012-10-11 20:00:00,5.92817,-62.30767,wind,52.23312734025991,3.974680896919695,136.26319602740108,14.91888889,1,-0.2774505615234375,0.6041717529296875,0.07712841033935547,298.009521484375,7299.5078125,0.015862083062529564,1.150177001953125,-0.2064971923828125,-0.429107666015625,292.67626953125,14513.15625,0.013839447870850563,1.7460784912109375,4.395233154296875,-0.1549997329711914,283.16650390625,30638.18359375,0.0080804992467165,-0.6283426341013175,0.9443700504606949,-1.9685124141974364,1.1685667401923876,14.843017578125,12.002222222222223,1,0,0,0,0,0,0,0,0
Art,2012,2012-10-12 14:00:00,5.67817,-62.14933,wind,14.560016979953863,2.744704610006325,130.76046548438205,6.687777778,1,-0.199066162109375,1.0380401611328125,0.1259927749633789,297.6005859375,7736.46484375,0.01375505980104208,-0.496917724609375,2.5627899169921875,0.042804718017578125,291.933837890625,14907.2734375,0.01309139747172594,2.012664794921875,5.2369537353515625,0.19023704528808594,283.11932373046875,31014.73828125,0.007135836873203516,-0.8285162823549553,-2.0496289230134543,-1.894712852678202,2.6105209027448493,14.48126220703125,12.001666666666667,1,0,0,0,0,0,0,0,0
Art,2012,2012-10-12 15:00:00,5.5545,-61.98067,wind,23.18300859032214,3.1856502621910354,126.37403638562876,6.173333333,1,-0.8525390625,1.552490234375,-0.012414932250976562,298.83056640625,7744.625,0.012633934617042542,-1.3241119384765625,3.1151275634765625,0.08000850677490234,293.588134765625,14896.2109375,0.012138673104345798,0.65380859375,5.4067230224609375,0.29931640625,282.78948974609375,31010.0625,0.00774809718132019,-1.6071432670861476,-2.9135645762361637,-2.680056946922292,3.384862207291101,16.04107666015625,12.00388888888889,1,0,0,0,0,0,0,0,0
Art,2012,2012-10-12 16:00:00,5.46717,-61.8095,wind,21.288958968812906,3.1040914423507613,117.1297861776539,9.774444444,1,-0.4698028564453125,2.762939453125,-0.10589790344238281,298.89990234375,7659.6171875,0.012847065925598145,-1.0000762939453125,5.399383544921875,-0.018713951110839844,293.4033203125,14836.35546875,0.012319397181272507,0.557464599609375,5.1964263916015625,0.11068916320800781,282.9715270996094,30951.4453125,0.007309409324079752,-1.6780346953618,-3.3522038972885158,-1.8734800864772283,5.491219833414476,15.928375244140625,12.005277777777778,1,0,0,0,0,0,0,0,0
Art,2012,2012-10-12 17:00:00,5.32183,-61.645,wind,24.347571189920995,3.232682914398539,131.5798974174445,17.49111111,1,-0.652862548828125,2.4564666748046875,-0.17389488220214844,299.2841796875,7549.94921875,0.012993010692298412,-1.0402984619140625,4.6221160888671875,-0.1655254364013672,293.26708984375,14756.984375,0.012445274740457535,0.70684814453125,5.01239013671875,0.06617164611816406,282.73779296875,30873.296875,0.008054932579398155,-2.1186294301316355,-3.8457066229214707,-2.797797580720636,4.73773975950829,16.54638671875,12.008055555555556,1,0,0,0,0,0,0,0,0
Art,2012,2012-10-12 18:00:00,5.14383,-61.52083,wind,24.09979835015663,3.222859812247165,145.20749855539884,16.46222222,1,-0.42071533203125,2.8882904052734375,-0.2277059555053711,299.25634765625,7467.9296875,0.013442203402519226,-0.904144287109375,4.8622283935546875,-0.3199748992919922,293.61962890625,14657.5,0.012835618108510971,-0.16461181640625,5.24798583984375,0.03608512878417969,282.70684814453125,30788.12109375,0.0082719000056386,-2.611995826308752,-4.508888375869173,-4.403699872557433,4.945578008989639,16.54949951171875,12.011111111111111,1,0,0,0,0,0,0,0,0
Art,2012,2012-10-12 19:00:00,4.9425,-61.331,wind,30.71289543074004,3.456723394086605,136.78652449991694,12.34666667,1,-1.06085205078125,3.1848602294921875,-0.06455707550048828,299.135986328125,7367.58984375,0.013494567945599556,-1.8906402587890625,5.391143798828125,-0.16030597686767578,293.1259765625,14576.140625,0.013046841137111187,0.0036773681640625,4.6866607666015625,0.06482219696044922,282.92193603515625,30703.01171875,0.008480735123157501,-3.047535425148032,-5.223663040191731,-3.413156057696771,5.713051027935679,16.21405029296875,12.015,1,0,0,0,0,0,0,0,0
Art,2012,2012-10-12 20:00:00,4.83217,-61.16883,wind,21.755854450689924,3.124822450782954,124.31903744549277,14.40444444,1,-1.5133819580078125,2.1472320556640625,-0.06345176696777344,298.0439453125,7354.40234375,0.013836242258548737,-3.4119720458984375,4.56329345703125,0.0006856918334960938,292.099853515625,14542.9921875,0.013443090952932835,-1.3050689697265625,4.7293548583984375,0.29782676696777344,283.1556396484375,30670.53515625,0.008551781065762043,-2.46052933038356,-5.390772415858528,-3.7442834733435046,5.697824182701375,14.8883056640625,12.016944444444444,1,0,0,0,0,0,0,0,0
Art,2012,2012-10-13 14:00:00,4.52,-60.88,wind,20.96002047920676,3.089223549209509,142.2237943367253,15.94777778,1,-1.9326934814453125,1.296783447265625,-0.17558860778808594,297.22265625,7799.13671875,0.015911715105175972,-4.7147369384765625,2.024078369140625,-0.1624898910522461,291.156005859375,14988.26953125,0.01341333519667387,-2.9137115478515625,1.342437744140625,-0.04541492462158203,282.54931640625,31063.39453125,0.007158514112234116,-2.2089170929470043,-4.487998895596564,-2.845953608429846,5.130851551493019,14.67333984375,12.018611111111111,1,0,0,0,0,0,0,0,0
Art,2012,2012-10-13 15:00:00,4.38333,-60.68717,wind,26.228350885168112,3.3042587424267222,125.40164589166358,5.658888889,1,-2.3109283447265625,1.54473876953125,-0.30510520935058594,297.7353515625,7745.93359375,0.015774371102452278,-3.747344970703125,1.5972442626953125,-0.12102413177490234,291.51953125,14948.7734375,0.0133346663787961,-4.8007049560546875,0.59930419921875,0.06847381591796875,282.48291015625,31041.1953125,0.007232897914946079,-2.7785377277087124,-3.9797936155906126,-4.260287832728179,4.073546803974038,15.25244140625,12.02138888888889,1,0,0,0,0,0,0,0,0
Art,2012,2012-10-13 16:00:00,4.27533,-60.47783,wind,26.133762632334268,3.3007788060457224,117.34836539835948,7.716666667,1,-1.55706787109375,1.33941650390625,-0.131927490234375,297.5693359375,7631.76171875,0.016103213652968407,-4.254058837890625,1.1855010986328125,0.10931396484375,291.556396484375,14836.4765625,0.012782378122210503,-7.191925048828125,-0.092987060546875,0.16678237915039062,283.021240234375,30946.69140625,0.006530178245157003,-1.9983612896559326,-4.323200251091866,-6.3453636056342635,4.4161555057645945,14.548095703125,12.023333333333333,1,0,0,0,0,0,0,0,0
Art,2012,2012-10-13 17:00:00,3.97067,-60.421,wind,34.457989439728706,3.5683485996513573,169.45839788174544,7.202222222,1,-1.5844268798828125,1.8998870849609375,-0.11400794982910156,297.88330078125,7512.76171875,0.015970783308148384,-4.401092529296875,1.4619903564453125,-0.052323341369628906,291.9892578125,14729.8671875,0.012984617613255978,-8.6634521484375,-0.3114471435546875,0.09253692626953125,283.416748046875,30835.60546875,0.006222942378371954,-2.1576913817535477,-2.2424926571433543,-1.278782842647252,4.63756738536184,14.466552734375,12.029166666666667,1,0,0,0,0,0,0,0,0
Art,2012,2012-10-13 18:00:00,3.71683,-60.40167,wind,28.307073719360258,3.37782891075392,175.65441840208462,15.94777778,1,-0.557769775390625,2.1724853515625,0.018804550170898438,298.236572265625,7423.16796875,0.01549703348428011,-2.3873748779296875,0.80487060546875,0.15430831909179688,292.173828125,14649.40625,0.01343511138111353,-9.352371215820312,0.360565185546875,0.0943002700805664,283.576904296875,30754.58203125,0.006247727666050196,-2.2085031611853,-0.9834529376434122,-1.0681766112063795,2.519399829188972,14.65966796875,12.033888888888889,1,0,0,0,0,0,0,0,0
Art,2012,2012-10-13 19:00:00,3.42383,-60.40183,wind,32.580118345668836,3.513934175933501,180.0312320843555,16.97666667,1,0.4482574462890625,2.24310302734375,-0.2664451599121094,297.852294921875,7341.96484375,0.01658797822892666,-2.8540802001953125,1.02435302734375,-0.10753822326660156,292.08935546875,14561.27734375,0.01288647297769785,-9.274063110351562,0.384674072265625,0.16760730743408203,283.713623046875,30683.55859375,0.006169215776026249,-2.2433470404234312,-1.0227971083989147,-0.37961869848456753,3.032337862734827,14.138671875,12.039444444444445,1,0,0,0,0,0,0,0,0
Art,2012,2012-10-13 20:00:00,3.121,-60.32333,wind,34.78254172318078,3.5774601130975148,165.48801692351742,12.86111111,1,0.470001220703125,1.0836029052734375,-0.4526233673095703,297.03759765625,7368.109375,0.017135344445705414,-3.92718505859375,1.098297119140625,-0.30521106719970703,292.024658203125,14579.05078125,0.012788752093911171,-9.04718017578125,-0.37384033203125,-0.5257158279418945,283.48583984375,30705.9140625,0.006723530124872923,-0.9312567575360657,-2.047340003443007,-1.9051518032577726,4.077871877138196,13.5517578125,12.045,1,0,0,0,0,0,0,0,0
Art,2012,2012-10-13 21:00:00,2.8955,-60.17683,wind,29.889180234593212,3.430405968365112,147.02174026081218,13.89,1,0.718780517578125,1.53521728515625,0.0075531005859375,296.380859375,7348.75390625,0.016997434198856354,-3.5000457763671875,1.3373565673828125,0.06404590606689453,292.01025390625,14556.26953125,0.013142089359462261,-7.9239654541015625,-0.1034698486328125,-0.09589862823486328,283.438232421875,30682.6015625,0.007019238080829382,-0.8966115579387297,-3.0270255026169273,-4.226380495118962,3.7468444089643924,12.942626953125,12.049444444444445,1,0,0,0,0,0,0,0,0
Art,2012,2012-10-14 14:00:00,2.55017,-59.72283,wind,32.82656520741236,3.5212464466717672,126.18808500060851,9.26,1,-0.7348785400390625,-3.674072265625,-0.21521568298339844,293.932373046875,7767.59375,0.015347861684858799,-7.019195556640625,-2.9781494140625,-0.1380481719970703,290.90625,14931.65625,0.012233564630150795,-8.460006713867188,-0.296295166015625,-0.0341796875,284.3798828125,31002.38671875,0.003596699330955744,1.5762032412077114,-3.906662097233154,-6.652984690138467,7.624859355741869,9.552490234375,12.053888888888888,1,0,0,0,0,0,0,0,0
Art,2012,2012-10-14 15:00:00,2.402,-59.41633,wind,37.82609000017017,3.659092443339187,115.81461701178904,7.716666667,1,-1.11639404296875,-3.7253265380859375,-0.3130912780761719,294.836669921875,7705.28125,0.015480299480259418,-5.81304931640625,-2.345733642578125,-0.16051864624023438,291.353759765625,14879.703125,0.011613691225647926,-8.915313720703125,-0.3328399658203125,-0.02215290069580078,284.615966796875,30965.8046875,0.0039095571264624596,0.617247040037348,-4.211476824129555,-7.88069538397602,6.2684933338796816,10.220703125,12.056666666666667,1,0,0,0,0,0,0,0,0
Art,2012,2012-10-14 16:00:00,2.27017,-59.236,wind,24.82512698712963,3.2513479322106362,126.18761449740333,13.89,1,-1.2478790283203125,-3.93035888671875,-0.1324758529663086,295.748046875,7614.68359375,0.01547339465469122,-4.5672454833984375,-2.19647216796875,-0.20714759826660156,291.522216796875,14796.53125,0.012598425149917603,-8.660781860351562,-0.181488037109375,-0.28307437896728516,283.95703125,30893.10546875,0.004786019679158926,1.313458429512651,-2.389303123886948,-6.882856589277567,5.067960269209376,11.791015625,12.059444444444445,1,0,0,0,0,0,0,0,0
Art,2012,2012-10-14 17:00:00,1.9875,-59.041,wind,38.17643967081957,3.6680755373005773,145.41494608233302,7.716666667,1,-1.222625732421875,-2.5870819091796875,-0.23400402069091797,296.55615234375,7540.0546875,0.015431618317961693,-3.5877532958984375,-1.65032958984375,-0.3341178894042969,291.69677734375,14730.58203125,0.012986292131245136,-7.7776641845703125,0.15582275390625,-0.32122802734375,283.27490234375,30832.73828125,0.006141590885818005,1.4359065250344514,-0.6778221117704497,-4.543114225479684,3.949121607059466,13.28125,12.065,1,0,0,0,0,0,0,0,0
Art,2012,2012-10-14 18:00:00,1.76167,-58.714,wind,44.173033631449236,3.8105003077268176,124.63831393025595,16.46222222,1,-0.1002044677734375,-1.636749267578125,0.05692005157470703,297.045166015625,7471.8125,0.014987881295382977,-2.2851104736328125,-1.148590087890625,0.02236461639404297,291.688232421875,14667.6875,0.013669133186340332,-7.29632568359375,0.0408935546875,-0.11004829406738281,282.484619140625,30771.72265625,0.0075852046720683575,0.8478746759746029,-1.2272376403477476,-6.026342780264592,2.557535741041945,14.560546875,12.069444444444445,1,0,0,0,0,0,0,0,0
Art,2012,2012-10-14 19:00:00,1.489,-58.47867,wind,40.04321831930322,3.714625616874234,139.21190521069724,16.97666667,1,0.5623779296875,-1.8181304931640625,-0.18024921417236328,297.572021484375,7407.59375,0.015598110854625702,-2.0031585693359375,-1.7117156982421875,-0.3179616928100586,291.57373046875,14620.54296875,0.014335744082927704,-7.7393035888671875,0.1802825927734375,-0.31521129608154297,282.656005859375,30730.67578125,0.007553976494818926,1.7439434745161744,-0.012597278797875422,-5.1923004889518465,2.6348842262066734,14.916015625,12.074722222222222,1,0,0,0,0,0,0,0,0
Art,2012,2012-10-14 20:00:00,1.28283,-58.26983,wind,32.626693620047654,3.515320204536042,134.63719642489303,16.46222222,1,1.0589141845703125,-1.552734375,-0.1425771713256836,297.392578125,7314.62890625,0.015006039291620255,-1.4497833251953125,-1.6958160400390625,-0.4102602005004883,292.611328125,14538.3203125,0.013317224569618702,-8.576934814453125,0.00250244140625,-0.17550945281982422,283.65869140625,30685.17578125,0.006330887321382761,1.8444663273730557,0.1598836403349575,-6.104848257972905,2.2310678455995334,13.73388671875,12.078888888888889,1,0,0,0,0,0,0,0,0
Art,2012,2012-10-14 21:00:00,1.04267,-58.08667,wind,33.58207324503947,3.543335433490865,142.6725343730236,14.40444444,1,1.728668212890625,-0.857025146484375,-0.13656139373779297,298.755615234375,7324.71875,0.01448330469429493,-2.1985931396484375,-1.1405792236328125,-0.2408771514892578,292.72705078125,14566.93359375,0.013916123658418655,-8.78271484375,0.186553955078125,0.13718032836914062,283.539306640625,30710.6328125,0.006312287412583828,1.7297036857558559,-0.4261910656446365,-5.473916269439554,2.4768392679162696,15.21630859375,12.08361111111111,1,0,0,0,0,0,0,0,0
Art,2012,2012-10-14 22:00:00,0.83817,-57.8165,wind,37.67397327405443,3.6551668485709765,127.12463298486455,12.86111111,1,3.534454345703125,1.3016815185546875,-0.09319496154785156,298.69482421875,7340.53515625,0.013729207217693329,-1.6000213623046875,0.682037353515625,-0.3705434799194336,293.23193359375,14581.50390625,0.013249862939119339,-9.895767211914062,1.240234375,0.07445430755615234,283.106689453125,30707.76171875,0.006849138531833887,2.032476147409113,-1.6873804784888007,-8.638682333497908,1.7393226588019675,15.588134765625,12.087777777777777,1,0,0,0,0,0,0,0,0
Art,2012,2012-10-15 14:00:00,0.55117,-57.13433,wind,21.548441435645383,3.115665947624168,112.65911929171125,8.231111111,1,-2.90606689453125,1.09423828125,-0.05721473693847656,294.742919921875,7735.83984375,0.015566878020763397,-3.710052490234375,-1.2423553466796875,-0.31772804260253906,290.161376953125,14897.76953125,0.013540690764784813,-3.53314208984375,0.774688720703125,-0.41939353942871094,282.60302734375,30939.5390625,0.008075641468167305,-3.103309682100488,-2.9450708566808177,-3.558877212956346,3.912535787404109,12.139892578125,12.093055555555555,1,0,0,0,0,0,0,0,0
Art,2012,2012-10-15 15:00:00,0.544,-56.95183,wind,20.307803397609348,3.0590733623184256,92.24908932395658,8.745555556,1,-1.6516265869140625,2.229095458984375,-0.08103561401367188,295.4951171875,7676.6484375,0.015867549926042557,-3.60955810546875,-0.3600311279296875,0.1796131134033203,290.666259765625,14852.10546875,0.0135713592171669,-2.958709716796875,1.3587646484375,0.5670185089111328,283.05810546875,30909.38671875,0.007096569985151291,-1.7378327475215323,-3.5926484811977897,-3.009753774507844,3.627469108046749,12.43701171875,12.093333333333334,1,0,0,0,0,0,0,0,0
Art,2012,2012-10-15 16:00:00,0.5085,-56.777,wind,19.836127593569707,3.0366883835717067,101.47776585665935,17.49111111,1,-1.5974884033203125,2.6212921142578125,-0.19118785858154297,296.82568359375,7584.625,0.015302564948797226,-2.8518524169921875,0.72393798828125,0.1868152618408203,290.73779296875,14773.6328125,0.013657827861607075,-4.2763824462890625,0.067108154296875,0.1281900405883789,283.710693359375,30876.703125,0.0067885275930166245,-2.087146585905523,-2.938875784441535,-4.20421703280498,2.9423032507171802,13.114990234375,12.09388888888889,1,0,0,0,0,0,0,0,0
Art,2012,2012-10-15 17:00:00,0.2745,-56.65383,wind,29.40388304836429,3.4145703321092458,152.23924337123617,9.26,1,-2.0788116455078125,2.120452880859375,-0.13328075408935547,296.68896484375,7479.69140625,0.015519529581069946,-3.3326568603515625,0.371795654296875,-0.09317398071289062,292.01708984375,14673.2265625,0.012829729355871677,-4.0735321044921875,-0.1758880615234375,-0.28705406188964844,283.4638671875,30797.4921875,0.007359452545642853,-2.8446594524776483,-1.8812891586383589,-1.7417290836047161,3.3533317398376163,13.22509765625,12.098888888888888,1,0,0,0,0,0,0,0,0
Art,2012,2012-10-15 18:00:00,0.035,-56.51633,wind,30.707991362227478,3.4565687425586833,150.1391924890288,7.716666667,1,-1.9164886474609375,0.7357177734375,0.015295028686523438,297.50439453125,7384.60546875,0.015166286379098892,-2.7864837646484375,0.10870361328125,0.004494667053222656,292.306396484375,14589.78125,0.0128435418009758,-4.069610595703125,-0.555023193359375,-0.10714054107666016,283.538818359375,30732.69140625,0.0071693588979542255,-1.5922514766291442,-1.4816471641784672,-1.5449003298543027,2.7886032787382518,13.965576171875,12.10388888888889,1,0,0,0,0,0,0,0,0
Art,2012,2012-10-15 19:00:00,-0.04617,-56.33383,wind,22.20972543201159,3.144571390488308,113.97791490150314,11.31777778,1,-1.0893096923828125,1.0160675048828125,-0.011750221252441406,298.169921875,7352.07421875,0.015174031257629395,-2.478912353515625,0.1243896484375,0.029743194580078125,291.8447265625,14568.52734375,0.013827727176249027,-5.047393798828125,-1.017791748046875,0.048877716064453125,283.45703125,30720.3359375,0.007137618027627468,-1.408218693592534,-2.315537618066361,-4.198199894471671,2.48203127318146,14.712890625,12.105555555555556,1,0,0,0,0,0,0,0,0
Art,2012,2012-10-15 20:00:00,-0.333,-56.2425,wind,33.471798680601424,3.5401415602118185,162.33814221979435,11.83222222,1,-0.69244384765625,1.4365234375,-0.07754802703857422,297.622314453125,7330.32421875,0.015850383788347244,-2.153594970703125,-0.7471466064453125,-0.08382701873779297,291.92822265625,14542.953125,0.01398709136992693,-5.8538665771484375,-1.852508544921875,0.07495594024658203,283.6630859375,30699.890625,0.006915170233696699,-1.5788976230098495,0.058530725792974914,-0.010868008585867894,2.279517350089826,13.959228515625,12.11138888888889,1,0,0,0,0,0,0,0,0
Art,2012,2012-10-15 21:00:00,-0.40967,-56.17083,wind,11.669991665703199,2.539236336535136,136.93132742445624,0.0,0,-0.6845550537109375,1.9990997314453125,0.17577266693115234,296.589599609375,7277.4296875,0.01631809026002884,-3.09423828125,-1.880523681640625,0.2584085464477539,292.337890625,14485.33984375,0.013269329443573952,-6.622955322265625,-2.35540771484375,0.13764381408691406,283.882080078125,30651.234375,0.006660775747150183,-1.9278789903505558,-0.7391864485469382,-2.801937365409927,3.620867279860471,12.70751953125,12.113055555555556,1,0,0,0,0,0,0,0,0
Art,2012,2012-10-16 14:00:00,-0.76883,-55.97317,wind,31.827824038760554,3.4912764496568576,144.14808159016712,8.745555556,1,-4.0807342529296875,-1.9450531005859375,0.06342315673828125,296.849853515625,7684.177734375,0.014037137851119041,-5.0564117431640625,-2.8127593994140625,0.04952716827392578,290.9609375,14867.83203125,0.01280009001493454,-7.1681671142578125,-0.864166259765625,-0.15538597106933594,283.24755859375,30944.53125,0.004066796507686377,-0.813524390432316,-0.6816662986191395,-3.4979052014178844,5.786096711549124,13.602294921875,12.12138888888889,1,0,0,0,0,0,0,0,0
Art,2012,2012-10-16 15:00:00,-0.93233,-55.79733,wind,26.697232860906436,3.321332511485104,132.9217950412368,14.40444444,1,-3.4374847412109375,-1.46868896484375,-0.05965900421142578,298.307861328125,7651.84375,0.013224956579506397,-4.52667236328125,-2.4488067626953125,-0.15188884735107422,291.208740234375,14862.21875,0.01278054341673851,-7.28289794921875,-1.56982421875,-0.11325359344482422,283.466796875,30944.4453125,0.0035213821101933718,-1.517038327415968,-1.647173183920292,-4.264099464472989,5.146592780230097,14.841064453125,12.124722222222223,1,0,0,0,0,0,0,0,0
Art,2012,2012-10-16 16:00:00,-1.214,-55.86117,wind,32.11437627609467,3.4999675166725805,192.7674858230857,14.91888889,1,-3.239166259765625,-0.5534515380859375,-0.03499126434326172,298.416748046875,7565.85546875,0.013348562642931938,-4.2984619140625,-1.662628173828125,-0.05631828308105469,291.317138671875,14780.2734375,0.013048188760876656,-7.13824462890625,-2.021484375,-0.046784400939941406,283.41845703125,30871.4453125,0.0036427329760044813,1.255607227509596,2.571458516777675,3.5490199919897423,4.608807575832701,14.998291015625,12.130833333333333,1,0,0,0,0,0,0,0,0
Art,2012,2012-10-16 17:00:00,-1.40333,-55.93033,wind,22.412455395413204,3.1532681626071835,200.06105250308187,14.91888889,1,-3.00927734375,0.3353118896484375,0.013702392578125,297.59228515625,7497.57421875,0.01451858039945364,-4.1030426025390625,-1.8152618408203125,0.19218158721923828,291.619873046875,14702.2734375,0.012750683352351189,-7.0064849853515625,-1.8684234619140625,-0.02454853057861328,283.1484375,30813.97265625,0.00489919213578105,0.717278363265846,3.112556445608873,4.158435074591861,4.486661804614749,14.44384765625,12.135,1,0,0,0,0,0,0,0,0
Art,2012,2012-10-17 14:00:00,-1.76667,-55.71533,wind,24.803674246159883,3.25051689442971,139.1946554958115,10.28888889,1,-5.17413330078125,-1.6768951416015625,-0.041939735412597656,296.068603515625,7731.625,0.014445479959249496,-6.646240234375,-2.9122314453125,0.13141345977783203,292.184814453125,14922.5234375,0.010722069069743156,-9.580612182617188,-3.1230621337890625,0.15592098236083984,283.425048828125,31003.953125,0.004169858526438475,-2.1119515293022904,-2.138892299572704,-3.8968936457141945,7.256280124422705,12.6435546875,12.144722222222223,1,0,0,0,0,0,0,0,0
Art,2012,2012-10-17 15:00:00,-1.87217,-55.508,wind,25.856738431598277,3.2905167552633205,116.98423875576788,11.31777778,1,-4.5090179443359375,-1.078826904296875,-0.1913776397705078,297.58154296875,7733.84765625,0.013323433697223663,-5.8697052001953125,-3.2469024658203125,0.01981067657470703,291.782958984375,14933.30859375,0.011166572570800781,-8.460723876953125,-3.0168609619140625,0.01789569854736328,283.3154296875,31034.57421875,0.005371016915887594,-3.5286146453197316,-3.757411484488907,-6.170729794521613,6.707891975855747,14.26611328125,12.146944444444445,1,0,0,0,0,0,0,0,0
Art,2012,2012-10-17 16:00:00,-1.89817,-55.21267,wind,32.948507137405805,3.524844880649255,95.03874061697366,10.80333333,1,-4.9622039794921875,-1.12664794921875,0.018326759338378906,297.14013671875,7651.578125,0.014387281611561775,-5.1424102783203125,-2.987335205078125,0.3839282989501953,292.1669921875,14857.6328125,0.01115228608250618,-8.37176513671875,-3.625152587890625,0.11915206909179688,283.366943359375,30966.46484375,0.005085865966975689,-4.844075038227605,-4.860162075694182,-8.021018166127078,5.947146803137918,13.773193359375,12.1475,1,0,0,0,0,0,0,0,0
Art,2012,2012-10-17 17:00:00,-1.86117,-54.89,wind,36.09520044140389,3.6134875930883785,83.46038279375506,10.80333333,1,-3.7882843017578125,0.1618194580078125,-0.25386810302734375,299.27197265625,7562.27099609375,0.012807056307792664,-4.3223876953125,-1.280731201171875,-0.12340927124023438,292.218017578125,14796.07421875,0.012707274407148361,-7.1657257080078125,-3.5670013427734375,0.12395286560058594,283.309814453125,30902.72265625,0.005886240396648645,-3.7452055887045317,-4.440126127467148,-7.525347263800815,4.508137952441569,15.962158203125,12.146666666666667,1,0,0,0,0,0,0,0,0
Art,2012,2012-10-17 18:00:00,-1.9855,-54.5955,wind,35.528557377876425,3.598094348592301,112.90463076195726,13.89,1,-5.278778076171875,-0.520050048828125,-0.04220867156982422,298.440185546875,7473.08447265625,0.014102160930633545,-5.30078125,-2.8183746337890625,0.18159961700439453,292.512451171875,14696.66015625,0.012151762843132019,-7.072845458984375,-4.7115631103515625,0.07401180267333984,283.222412109375,30813.76171875,0.006071256473660469,-4.66016464321109,-3.7859287004122733,-4.681446723284727,6.00345878945939,15.2177734375,12.149444444444445,1,0,0,0,0,0,0,0,0
Art,2012,2012-10-17 19:00:00,-1.906,-54.46167,wind,17.30146909469373,2.9069813350238016,59.27588594921315,10.28888889,1,-5.6456451416015625,-0.3954315185546875,-0.08724308013916016,298.628662109375,7397.8662109375,0.014287656173110008,-5.4807891845703125,-3.0535125732421875,0.15837955474853516,292.65478515625,14627.203125,0.012367469258606434,-6.864471435546875,-5.3751983642578125,0.11106109619140625,283.284423828125,30752.27734375,0.006090812385082245,-5.055235123192759,-6.2715450484548,-8.64717027323585,6.273993076235503,15.34423828125,12.147777777777778,1,0,0,0,0,0,0,0,0
Art,2012,2012-10-17 20:00:00,-1.8785,-54.354,wind,12.350367384366297,2.591543903895793,75.66667732105617,8.745555556,1,-6.4591217041015625,-0.6793060302734375,0.25995635986328125,297.895751953125,7338.546875,0.014451701194047928,-6.12127685546875,-3.9805755615234375,0.2790374755859375,292.875,14559.88671875,0.01199176162481308,-7.1986846923828125,-5.73651123046875,0.04193592071533203,283.10107421875,30697.1328125,0.006539111956954002,-6.42623234348248,-6.916174632353407,-8.394748723254562,7.301712959456501,14.794677734375,12.147222222222222,1,0,0,0,0,0,0,0,0
Art,2012,2012-10-18 15:00:00,-1.99933,-54.15233,wind,16.94921359169383,2.887546302926858,78.90483001300629,13.89,1,-6.4898223876953125,-1.58343505859375,0.2624979019165039,295.197998046875,7708.515625,0.015163597650825977,-6.3727569580078125,-1.03607177734375,0.2008676528930664,291.380126953125,14880.6328125,0.013285880908370018,-8.914779663085938,-2.4701385498046875,-0.0773305892944336,282.53759765625,30972.80078125,0.006346949376165867,-6.673235448185367,-6.45302392569955,-9.223504129304864,6.456429041943017,12.660400390625,12.151666666666667,1,0,0,0,0,0,0,0,0
Art,2012,2012-10-18 16:00:00,-1.90167,-54.05183,wind,15.577620468560236,2.8080536212265024,45.806223028674765,14.91888889,1,-5.85052490234375,-1.2028045654296875,0.42632484436035156,295.453857421875,7619.43359375,0.01568380929529667,-7.665557861328125,-1.7698516845703125,0.32346343994140625,291.375244140625,14796.53125,0.013422750867903233,-8.852157592773438,-2.2800445556640625,-0.003143310546875,282.36376953125,30897.5703125,0.006657088175415993,-5.033206050948901,-6.729841167922458,-7.936265884627763,7.867220113276722,13.090087890625,12.149444444444445,1,0,0,0,0,0,0,0,0
Art,2012,2012-10-18 17:00:00,-1.776,-53.8855,wind,23.17290549096506,3.1852323981222432,52.91576535430153,11.83222222,1,-5.513702392578125,-0.3590545654296875,0.1504192352294922,296.809814453125,7515.328125,0.01541922613978386,-8.143905639648438,-2.1175079345703125,0.29758644104003906,291.5615234375,14708.296875,0.013220097869634628,-8.221527099609375,-2.62457275390625,0.020965576171875,282.15869140625,30823.59765625,0.007288270629942417,-4.615061173727487,-7.773632653368615,-8.141309420168453,8.414691849406362,14.651123046875,12.146666666666667,1,0,0,0,0,0,0,0,0
Art,2012,2012-10-18 18:00:00,-1.72733,-53.7205,wind,19.12046115724043,3.001737265308853,73.56080252368389,11.31777778,1,-5.0718231201171875,-0.477935791015625,0.20525169372558594,297.03173828125,7441.12890625,0.01566159725189209,-9.4459228515625,-2.4796142578125,0.2696561813354492,291.88720703125,14637.203125,0.012655065394937992,-7.38482666015625,-2.293365478515625,0.06646728515625,282.294189453125,30755.79296875,0.007287646643817425,-4.999744720333291,-9.7615042145435,-7.7319564400766785,9.765958498028633,14.737548828125,12.145277777777778,1,0,0,0,0,0,0,0,0
Art,2012,2012-10-18 19:00:00,-1.67067,-53.54283,wind,20.728008858056864,3.07860215905555,72.30756779276362,0.0,0,-4.8902587890625,-0.531402587890625,0.23117446899414062,297.263671875,7385.53515625,0.0159128550440073,-8.954071044921875,-2.1848297119140625,0.27751827239990234,292.03076171875,14589.48046875,0.01255493238568306,-7.128692626953125,-2.330078125,0.07152557373046875,282.5966796875,30711.93359375,0.006709768436849117,-4.820454609394141,-9.194543625578328,-7.4996446730676265,9.216771080349712,14.6669921875,12.144166666666667,1,0,0,0,0,0,0,0,0
Art,2012,2012-10-19 14:00:00,-1.71267,-53.39033,wind,14.779577992438304,2.7587165718686335,111.17145889447647,13.37555556,1,-5.28668212890625,-1.5571746826171875,0.2628002166748047,294.097412109375,7719.7578125,0.015761546790599823,-6.3850860595703125,0.3180084228515625,0.13168716430664062,290.22998046875,14874.6328125,0.013299843296408653,-11.870346069335938,-0.1568603515625,0.06987857818603516,282.098876953125,30921.18359375,0.005664217751473188,-4.367461935113273,-6.0689691202377665,-11.012491399638245,6.393000339834472,11.99853515625,12.146666666666667,1,0,0,0,0,0,0,0,0
Art,2012,2012-10-19 15:00:00,-1.74367,-53.161,wind,25.720762766191864,3.2854408948999145,97.70528159088224,12.86111111,1,-3.49310302734375,-1.1124114990234375,0.1941661834716797,294.85595703125,7696.77734375,0.016289766877889633,-5.8084716796875,0.12664794921875,0.20339393615722656,290.28955078125,14858.3515625,0.013094307854771614,-12.11553955078125,0.6343231201171875,-0.010607719421386719,282.33349609375,30924.59765625,0.005711568985134363,-3.3124138654503534,-5.7730067305173,-12.09119494048112,5.809852231922344,12.5224609375,12.1475,1,0,0,0,0,0,0,0,0
Art,2012,2012-10-19 16:00:00,-1.91083,-53.0525,wind,22.156196188578882,3.142262398653612,147.02827511584712,12.86111111,1,-2.000213623046875,-2.0270233154296875,-0.005279541015625,295.966552734375,7583.07421875,0.01642073318362236,-6.2606201171875,-0.0428924560546875,0.13863086700439453,291.0283203125,14757.96875,0.012396316975355148,-11.488388061523438,0.4064483642578125,0.13315200805664062,282.601318359375,30852.0,0.006003968883305788,0.6119829645475945,-3.3712023817289962,-6.593254508485327,6.260767046817764,13.365234375,12.151666666666667,1,0,0,0,0,0,0,0,0
Art,2012,2012-10-19 17:00:00,-2.1375,-52.86867,wind,32.44350016518083,3.509857452750366,140.9785506010453,11.83222222,1,-1.79180908203125,-1.207550048828125,-0.14814376831054688,296.75,7497.22265625,0.016598176211118698,-5.75006103515625,0.338348388671875,-0.15459537506103516,290.99169921875,14683.109375,0.012536405585706234,-10.669708251953125,-0.4145965576171875,0.02845287322998047,282.5009765625,30776.359375,0.006191125139594078,-0.18998512572214088,-3.8831696487407785,-6.395664342848821,5.760007078132719,14.2490234375,12.156944444444445,1,0,0,0,0,0,0,0,0
Art,2012,2012-10-19 18:00:00,-2.34267,-52.62883,wind,35.08019473714517,3.585744092550843,130.57144684470086,15.43333333,1,-2.3264007568359375,-0.8661041259765625,-0.04429340362548828,297.226806640625,7433.609375,0.016585152596235275,-4.9261322021484375,0.4639739990234375,-0.027406692504882812,290.842529296875,14630.5546875,0.013471236452460289,-10.597030639648438,-1.0344390869140625,0.06731414794921875,282.58544921875,30722.65234375,0.006195178255438805,-1.203813154268366,-4.043634692031619,-7.376662250849313,4.94793394709485,14.641357421875,12.161944444444444,1,0,0,0,0,0,0,0,0
Art,2012,2012-10-19 19:00:00,-2.39117,-52.38267,wind,27.875049389157468,3.3629778792875067,101.1603580116585,7.716666667,1,-2.9185333251953125,-1.060638427734375,0.14932823181152344,297.308349609375,7370.2265625,0.016235336661338806,-6.4093170166015625,0.31317138671875,0.16205501556396484,291.896484375,14574.890625,0.012240510433912277,-9.886947631835938,-1.2648773193359375,0.023393630981445312,282.67919921875,30672.0234375,0.0062783826142549515,-2.658049334951096,-6.348728471936602,-9.455154524270682,6.416963529330496,14.629150390625,12.163333333333334,1,0,0,0,0,0,0,0,0
Art,2012,2012-10-19 20:00:00,-2.4115,-52.24533,wind,15.424652724364394,2.7987834210338765,98.43033277440264,0.0,0,-2.385650634765625,-0.1145782470703125,0.2863454818725586,297.089111328125,7355.98828125,0.01604676991701126,-7.60174560546875,-0.7548980712890625,0.43648624420166016,292.1865234375,14563.94921875,0.01267586275935173,-10.701446533203125,-0.859649658203125,0.3714275360107422,282.7255859375,30661.66015625,0.0063098156824707985,-2.3430753957114874,-7.4089345151530335,-10.45978544286667,7.639136557772704,14.363525390625,12.163611111111111,1,0,0,0,0,0,0,0,0
Art,2012,2012-10-20 15:00:00,-2.819,-51.88133,wind,12.573999152449245,2.608156135842287,134.1977808568804,5.658888889,1,-1.896026611328125,-3.387969970703125,0.10445499420166016,296.058349609375,7657.95703125,0.015486867167055607,-7.655517578125,-2.3446502685546875,0.27816200256347656,290.84033203125,14831.9921875,0.01272687129676342,-14.094696044921875,-0.2578582763671875,0.1499624252319336,281.81982421875,30894.49609375,0.005523563362658024,1.002547572014526,-3.853985229421801,-9.925255054008074,8.006518236462991,14.238525390625,12.176388888888889,1,0,0,0,0,0,0,0,0
Art,2012,2012-10-20 16:00:00,-3.047,-51.76633,wind,28.38725181750999,3.3805609686586,153.26736996531122,17.49111111,1,-1.732940673828125,-2.67596435546875,-0.27692413330078125,297.673583984375,7563.6640625,0.015310989692807198,-6.00933837890625,-3.790313720703125,-0.3119544982910156,290.856689453125,14765.3828125,0.013979255221784115,-12.8035888671875,-1.20526123046875,0.11566925048828125,281.9560546875,30828.26171875,0.006049999035894871,1.6104201357278525,0.682020512361563,-4.682971646388109,7.104831162916256,15.717529296875,12.181944444444444,1,0,0,0,0,0,0,0,0
Art,2012,2012-10-20 17:00:00,-3.21183,-51.53233,wind,31.79508157283079,3.490278552098324,125.20753778572168,8.745555556,1,-2.722808837890625,-2.2817840576171875,-0.2601442337036133,298.676513671875,7473.02734375,0.014600650407373905,-4.07403564453125,-2.764923095703125,-0.44951820373535156,291.677734375,14699.48828125,0.014268456026911736,-11.893386840820312,-2.105194091796875,0.26688289642333984,281.3828125,30764.57421875,0.007244563661515713,-0.9091834912853087,-1.7346802118372333,-8.503990151943098,4.923674050753534,17.293701171875,12.186111111111112,1,0,0,0,0,0,0,0,0
Art,2012,2012-10-20 18:00:00,-3.3955,-51.301,wind,32.81107259763659,3.5207883404885987,128.501693159895,10.80333333,1,-3.2088165283203125,-1.8670196533203125,-0.2691802978515625,299.1796875,7405.34375,0.014406470581889153,-3.9444427490234375,-2.257354736328125,-0.5048961639404297,292.1318359375,14642.9140625,0.014165195636451244,-10.452056884765625,-2.2958984375,0.05088329315185547,281.16357421875,30719.46875,0.008340016007423401,-1.348896719037352,-1.6815919373284343,-6.750389215379395,4.544697900405107,18.01611328125,12.190833333333334,1,0,0,0,0,0,0,0,0
Art,2012,2012-10-20 19:00:00,-3.5685,-51.07983,wind,31.18709312742866,3.471565537642815,128.0907101073861,12.34666667,1,-4.4228057861328125,-2.689666748046875,-0.3173999786376953,297.257568359375,7350.19921875,0.014035114087164402,-4.606109619140625,-2.3530120849609375,-1.2272462844848633,292.429443359375,14566.7734375,0.013271025381982327,-9.97344970703125,-1.453033447265625,-1.9946880340576172,283.2548828125,30685.60546875,0.007140780333429575,-1.82162553425413,-2.1735771241141144,-6.953066205910038,5.172321692964583,14.002685546875,12.195277777777777,1,0,0,0,0,0,0,0,0
Art,2012,2012-10-20 20:00:00,-3.6755,-50.92033,wind,21.327323887715163,3.1058112148598855,123.91357974223399,0.0,0,-4.349334716796875,-3.340484619140625,0.12016677856445312,297.31396484375,7377.91796875,0.01468183659017086,-4.7948150634765625,-2.596954345703125,-0.019478797912597656,292.175537109375,14592.12890625,0.013622578233480453,-9.866043090820312,-1.053802490234375,-0.1382904052734375,282.585693359375,30692.609375,0.00758018996566534,-1.7456301458047754,-2.530172037727893,-7.599672055616229,5.452927962719487,14.728271484375,12.197777777777778,1,0,0,0,0,0,0,0,0
Art,2012,2012-10-21 14:00:00,-4.0045,-50.43583,wind,24.547954450775634,3.240557252809685,119.64388037734972,11.83222222,1,-3.4129486083984375,-3.126617431640625,-0.03228759765625,295.744873046875,7645.69140625,0.014410123229026794,-6.3933258056640625,-3.9114532470703125,-0.03655815124511719,291.419677734375,14814.7578125,0.011095067486166954,-10.90692138671875,1.209442138671875,0.08703899383544922,282.237548828125,30867.265625,0.00603964738547802,-1.4198007197197862,-3.6219095943745607,-10.07758340494937,7.494937048527287,13.50732421875,12.209722222222222,1,0,0,0,0,0,0,0,0
Art,2012,2012-10-21 15:00:00,-4.15783,-50.13683,wind,37.288984232772066,3.6451622368733387,117.21886675413862,19.54888889,1,-3.023223876953125,-2.653350830078125,-0.04220104217529297,296.49658203125,7580.82421875,0.014190099202096462,-5.4873809814453125,-3.196441650390625,0.014088630676269531,291.380126953125,14758.48828125,0.011755101382732391,-8.828094482421875,0.9200897216796875,0.18044376373291016,282.47509765625,30822.10546875,0.0060682594776153564,-1.4748314319067197,-3.4177173606738407,-8.271363130335406,6.3504794511815925,14.021484375,12.213888888888889,1,0,0,0,0,0,0,0,0
Art,2012,2012-10-21 16:00:00,-4.265,-49.838,wind,35.21618304001647,3.5895060642410663,109.78966437952573,11.31777778,1,-3.205078125,-1.991363525390625,0.41678524017333984,296.729736328125,7515.8515625,0.013454142026603222,-6.6639251708984375,-2.4830780029296875,0.39977264404296875,291.454833984375,14699.0859375,0.011706622317433357,-8.4046630859375,-0.4108734130859375,0.09380817413330078,282.480712890625,30771.60546875,0.00671770516782999,-2.3415798266899053,-5.429674915300503,-7.769190639294715,7.111510040207147,14.2490234375,12.216666666666667,1,0,0,0,0,0,0,0,0
Art,2012,2012-10-21 17:00:00,-4.468,-49.554,wind,38.74267656809781,3.68242558684601,125.64632579902928,19.03444444,1,-1.0302276611328125,-1.0692138671875,0.28171730041503906,297.318115234375,7414.25,0.013703079894185066,-6.2587127685546875,-1.7935638427734375,0.4228372573852539,291.772216796875,14614.43359375,0.011829886585474014,-8.172637939453125,-0.0329132080078125,0.3190441131591797,282.85791015625,30713.72265625,0.006910115480422974,-0.21407705200050975,-4.040763174604056,-6.622148188377983,6.510634130203732,14.460205078125,12.221944444444444,1,0,0,0,0,0,0,0,0
Art,2012,2012-10-21 18:00:00,-4.595,-49.3035,wind,31.15195437714838,3.4704732381719063,116.96664156804599,13.37555556,1,-2.14178466796875,-0.2126922607421875,-0.525975227355957,299.297119140625,7342.51953125,0.012536158785223961,-4.1673583984375,-0.9600982666015625,-0.5455560684204102,292.29931640625,14575.953125,0.012296813540160656,-9.263870239257812,-0.069580078125,0.14411067962646484,283.0498046875,30671.87890625,0.0059075746685266495,-1.8124599914638555,-3.2788670473334167,-8.225063454045305,4.276524839464736,16.247314453125,12.225277777777778,1,0,0,0,0,0,0,0,0
Art,2012,2012-10-21 19:00:00,-4.8475,-49.0645,wind,38.59764461666227,3.678769637114251,136.6803288420778,11.83222222,1,-2.6395416259765625,0.3888702392578125,-0.06646156311035156,299.833251953125,7323.9609375,0.01248256303369999,-3.952850341796875,-0.7539215087890625,-0.18294620513916016,292.690673828125,14567.56640625,0.012369275093078613,-9.078659057617188,-0.064697265625,0.039585113525390625,283.171875,30671.4453125,0.0052080522291362286,-2.093823095712419,-2.163418839498138,-6.1815093905611045,4.024105300070867,16.661376953125,12.231944444444444,1,0,0,0,0,0,0,0,0
Art,2012,2012-10-21 20:00:00,-5.15067,-48.83217,wind,42.41168686091412,3.7707286873658736,142.6511909915135,11.83222222,1,-2.00640869140625,0.95147705078125,0.12270641326904297,299.15625,7336.17578125,0.01347648911178112,-4.0662384033203125,-1.058685302734375,0.10846614837646484,292.196533203125,14569.15625,0.01306751649826765,-10.247329711914062,0.4571380615234375,-0.08921146392822266,283.181396484375,30693.28515625,0.004733365029096603,-1.9736028949857432,-1.6252386277763036,-6.580109835531055,4.201798343907368,15.974853515625,12.239722222222222,1,0,0,0,0,0,0,0,0
Art,2012,2012-10-21 22:00:00,-5.29383,-48.64017,wind,23.304043108050767,3.1906427195537352,124.16149463228845,0.0,0,-1.5649871826171875,0.7198638916015625,0.2566213607788086,298.961181640625,7363.7265625,0.013265090063214302,-5.3379364013671875,-3.7861175537109375,0.17801475524902344,293.052490234375,14604.09765625,0.012085137888789177,-11.908737182617188,0.3164825439453125,-0.14042949676513672,282.927490234375,30732.5546875,0.004685566760599613,-1.6991846827391097,-2.290910085310591,-10.031695060944982,6.544329694900691,16.03369140625,12.243611111111111,1,0,0,0,0,0,0,0,0
Art,2012,2012-10-22 14:00:00,-5.31367,-48.617,wind,10.554172941520903,2.4470466653551455,16.87402554509555,0.0,0,-2.809051513671875,-1.4842681884765625,0.07138824462890625,295.29052734375,7603.25390625,0.013925110921263695,-4.127838134765625,-0.8107147216796875,0.06959342956542969,290.480224609375,14757.13671875,0.012487446889281273,-10.396820068359375,2.69342041015625,0.247802734375,281.889892578125,30802.9140625,0.006666426546871662,-2.2357423205183915,-1.9739905998441545,-0.4404124195637591,4.2066977579538,13.400634765625,12.248888888888889,1,0,0,0,0,0,0,0,0
Art,2012,2012-10-25 14:00:00,-5.4,-48.5345,wind,12.641134575973764,2.6130898290127744,127.16406485360892,10.28888889,1,-1.5142822265625,-1.7895660400390625,0.1124277114868164,297.009033203125,7631.125,0.013665629550814629,-1.38946533203125,-0.65338134765625,0.20836353302001953,290.2880859375,14812.94921875,0.013262825086712837,-14.073135375976562,2.578399658203125,0.1795520782470703,282.338623046875,30904.0390625,0.006193223875015974,-0.12566925866548484,-0.7125700745002801,-12.772617391603,1.535422122538883,14.67041015625,12.265555555555556,1,0,0,0,0,0,0,0,0
Art,2012,2012-10-25 15:00:00,-5.541,-48.28317,wind,31.93321005327795,3.4944815727571865,119.4167720056002,0.0,0,-1.493408203125,-1.1160125732421875,0.024268150329589844,298.5361328125,7559.0390625,0.012802019715309143,-1.9889068603515625,-0.9923095703125,0.2567329406738281,291.502197265625,14774.10546875,0.012723001651465893,-11.809036254882812,2.11016845703125,0.10363388061523438,283.020751953125,30862.5,0.005757241975516081,-0.7527238409643173,-1.2450957061049435,-11.322925797413994,2.2227075341770197,15.515380859375,12.269722222222223,1,0,0,0,0,0,0,0,0
Jill,2012,2012-09-10 14:00:00,43.067,-71.50317,wind,43.76961382939457,3.801529646559979,172.94682816690533,8.231111111,1,4.4034576416015625,-9.0238037109375,0.22051143646240234,282.033935546875,7573.1796875,0.005844702012836933,2.7683563232421875,-9.126922607421875,0.010158538818359375,276.4619140625,14365.56640625,0.005208654794842005,6.8814849853515625,-3.41522216796875,0.11015987396240234,272.43896484375,29725.9140625,0.000993158551864326,9.496219531060309,9.397783348330135,4.234358180019006,9.537531809346877,9.594970703125,12.716666666666667,0,0,0,0,0,0,0,1,0
Jill,2012,2012-09-10 15:00:00,42.59333,-71.50967,wind,52.67236797533001,3.9828983062389107,180.57880468227899,13.37555556,1,4.0313262939453125,-8.942672729492188,0.07520675659179688,283.3115234375,7566.9140625,0.0056275539100170135,3.2059326171875,-7.09088134765625,-0.1279745101928711,276.580322265625,14388.15234375,0.005631608888506889,8.14312744140625,-3.5158843994140625,0.2392749786376953,272.598388671875,29742.6875,0.0010151583701372147,8.901492470635263,7.058133601165364,3.4334441400431603,7.781940775441947,10.713134765625,12.705833333333333,0,0,0,0,0,0,0,1,0
Jill,2012,2012-09-10 16:00:00,42.13467,-71.50667,wind,51.001260638041664,3.9512679613268324,179.7220885388058,8.745555556,1,4.3773040771484375,-9.061050415039062,0.009700775146484375,284.2763671875,7580.55078125,0.005569852888584137,4.2019500732421875,-7.78045654296875,-0.14319705963134766,277.395263671875,14426.31640625,0.0055100154131650925,8.26910400390625,-4.0423126220703125,0.19246864318847656,272.55908203125,29764.3828125,0.0010677967220544815,9.082175724282441,7.800746370481806,4.082373954144342,8.84261773656677,11.71728515625,12.695833333333333,0,0,0,0,0,0,0,1,0
Jill,2012,2012-09-10 17:00:00,41.74233,-71.5975,wind,44.268381609151824,3.812608811066215,189.80146472840264,5.658888889,1,4.7046966552734375,-8.70025634765625,-0.02540874481201172,285.262939453125,7572.453125,0.0055124349892139435,5.2549896240234375,-7.6266937255859375,-0.1396465301513672,278.865234375,14442.3046875,0.0051147169433534145,8.977310180664062,-4.7290496826171875,0.3053627014160156,272.665283203125,29786.63671875,0.0012374449288472533,7.772360885084909,6.620789516342763,3.131772711284291,9.261823423737138,12.59765625,12.687222222222223,0,0,0,0,0,0,0,1,0
Jill,2012,2012-09-10 18:00:00,41.40233,-71.8185,wind,42.03920038886367,3.7621113373552917,206.00597955533254,6.173333333,1,5.4161376953125,-9.461517333984375,-0.10691070556640625,285.6435546875,7592.7265625,0.005598176270723343,5.7306365966796875,-7.38970947265625,-0.2366962432861328,279.212646484375,14470.41015625,0.0051476191729307175,8.721115112304688,-6.77606201171875,0.32233238220214844,272.485107421875,29817.30859375,0.0012290123850107193,6.128736023220039,4.128805503556956,2.266070897912094,9.351363638179732,13.158447265625,12.68,0,0,0,0,0,0,0,1,0
Jill,2012,2012-09-10 19:00:00,41.26017,-72.06733,wind,26.106274982069483,3.2997652502361428,232.81708415376556,4.63,1,6.273345947265625,-9.692031860351562,0.2855644226074219,285.563232421875,7602.70703125,0.005983889102935791,5.6793060302734375,-6.7319183349609375,0.2781190872192383,279.063232421875,14477.9453125,0.005458996631205082,8.404067993164062,-8.854766845703125,0.33300113677978516,272.412841796875,29847.06640625,0.0012892837403342128,0.8594532707693361,-0.4562479883837156,-1.3441254383146086,8.80756728353996,13.150390625,12.676944444444445,0,0,0,0,0,0,0,1,0
Jill,2012,2012-09-10 20:00:00,40.92783,-72.251,wind,40.03166952989234,3.7143441960940238,202.67213994368444,5.658888889,1,6.5892333984375,-9.890548706054688,0.3191690444946289,285.51025390625,7638.875,0.006102599203586578,7.1545257568359375,-8.25994873046875,0.30023956298828125,278.926513671875,14512.046875,0.005570573732256889,8.362991333007812,-10.067840576171875,0.2658710479736328,272.498779296875,29899.55859375,0.0014093297068029642,6.586393898691185,4.8639013837209015,6.066277506259585,10.927670924547515,13.011474609375,12.67,0,0,0,0,0,0,0,1,0
Jill,2012,2012-09-10 21:00:00,40.87183,-72.54067,wind,25.12967199240012,3.263071526541376,255.74801175413143,11.31777778,1,6.22308349609375,-9.979812622070312,0.22871112823486328,285.85693359375,7696.56640625,0.005960967391729355,7.0224151611328125,-9.765899658203125,0.2820625305175781,279.06884765625,14576.5703125,0.005800885614007711,8.3731689453125,-10.36572265625,0.250244140625,272.829345703125,29971.3984375,0.0013067999389022589,-3.574652320349499,-4.40204502408809,-5.5635572239782825,12.02859554683754,13.027587890625,12.668611111111112,0,0,0,0,0,0,0,1,0
Jill,2012,2012-09-10 22:00:00,40.82233,-72.74083,wind,17.713185640668044,2.929228389858353,251.96180578700506,0.0,0,5.39764404296875,-9.652557373046875,0.20497608184814453,285.82470703125,7782.2578125,0.005071730352938175,5.780792236328125,-9.584335327148438,0.2209177017211914,279.094482421875,14659.07421875,0.005066160578280687,7.73333740234375,-11.233963012695312,0.19231414794921875,273.239990234375,30063.9140625,0.0009394676890224218,-2.143428297015436,-2.5288698942005836,-3.874639349443536,11.19272274930533,12.584716796875,12.667777777777777,0,0,0,0,0,0,0,1,0
Jill,2012,2012-09-11 14:00:00,40.5235,-73.60667,wind,27.6964521895814,3.3567734980365973,245.9235167265553,15.43333333,1,0.387451171875,-5.7442169189453125,0.21004772186279297,281.28271484375,8428.90234375,0.0043441373854875565,-0.4406280517578125,-11.669540405273438,0.19959259033203125,282.82861328125,15276.234375,0.0008992687799036503,2.72418212890625,-10.06500244140625,0.1905517578125,278.02294921875,30902.72265625,0.0010253734653815627,1.9896427920895803,5.162950365387271,1.618892797022884,11.677856239494696,3.259765625,12.6175,0,0,0,0,0,0,0,1,0
Jill,2012,2012-09-11 15:00:00,40.29967,-73.88283,wind,34.14847101416295,3.5595811184247363,223.30044910351407,13.37555556,1,0.622100830078125,-5.1107635498046875,0.21810054779052734,282.20458984375,8485.5,0.004524326883256435,-0.7444000244140625,-9.153656005859375,0.1875476837158203,283.26513671875,15358.61328125,0.0009760381653904915,2.4033660888671875,-9.632369995117188,0.13082599639892578,278.098876953125,31002.3203125,0.001310410094447434,3.292795293045699,7.1722597118513765,5.3618384108609565,9.183874436747981,4.105712890625,12.613055555555556,0,0,0,0,0,0,0,1,0
Jill,2012,2012-09-11 16:00:00,40.14433,-74.1925,wind,31.45814027651635,3.479951267669931,236.7962101579046,10.80333333,1,1.5590667724609375,-3.0500335693359375,0.13080596923828125,283.0791015625,8518.9375,0.0051527200266718864,-0.636749267578125,-7.8363037109375,0.11985492706298828,283.447509765625,15401.23828125,0.0010543609969317913,2.14276123046875,-8.893096923828125,0.1580352783203125,278.126953125,31055.90234375,0.0014089994365349412,0.36574005519125263,4.824091434619216,3.077116504589684,7.862131102939846,4.9521484375,12.610277777777778,0,0,0,0,0,0,0,1,0
Jill,2012,2012-09-11 17:00:00,39.89117,-74.441,wind,35.21714581635205,3.5895326480347656,217.01390732367614,21.09222222,1,1.39031982421875,-2.5125274658203125,0.05536842346191406,284.541748046875,8547.0546875,0.005123293958604336,-0.8303985595703125,-6.469573974609375,0.07999324798583984,283.569091796875,15438.9453125,0.001058174530044198,1.884796142578125,-7.8278045654296875,0.18225479125976562,278.449462890625,31116.0546875,0.0014295038999989629,1.1692417224349527,5.66579358602266,5.1157550680947805,6.522648938941861,6.09228515625,12.605277777777777,0,0,0,0,0,0,0,1,0
Jill,2012,2012-09-11 18:00:00,39.59283,-74.653,wind,37.80299229526185,3.658497364667459,208.72007844866584,16.97666667,1,1.284576416015625,-2.4143218994140625,-0.056113243103027344,285.347412109375,8552.30078125,0.005431796424090862,-1.2651519775390625,-5.660308837890625,0.07733631134033203,283.58740234375,15451.41015625,0.0011606952175498009,1.7713775634765625,-7.05963134765625,0.15356731414794922,278.8466796875,31158.40625,0.0014526057057082653,1.50002816469472,5.571909876553807,5.339938560920665,5.799974626373267,6.500732421875,12.599722222222223,0,0,0,0,0,0,0,1,0
Jill,2012,2012-09-11 19:00:00,39.341,-74.841,wind,32.319728248728765,3.506149661464926,210.01546262608767,19.03444444,1,1.2508392333984375,-2.5812835693359375,0.005335807800292969,285.279052734375,8530.47265625,0.0057397643104195595,-1.6089324951171875,-5.3342132568359375,0.17683887481689453,284.047119140625,15440.3515625,0.0010087708942592144,1.83154296875,-6.8085479736328125,0.11962699890136719,279.054443359375,31173.296875,0.0014487776206806302,1.6093968167405062,5.423686493333387,4.979257054514512,5.571579205507921,6.224609375,12.595,0,0,0,0,0,0,0,1,0
Jill,2012,2012-09-11 20:00:00,39.00567,-74.913,wind,37.800018059387774,3.658420712077258,189.47324670627106,5.658888889,1,1.80621337890625,-2.817596435546875,0.2790203094482422,285.416259765625,8511.0,0.0055999960750341415,-1.5917510986328125,-4.3747711181640625,0.08951568603515625,284.3544921875,15434.078125,0.0009570841211825609,1.76751708984375,-6.7108001708984375,0.08514976501464844,279.328369140625,31184.7421875,0.0014335735468193889,2.48189228666542,4.577092071637315,6.328371598840236,4.655351103442275,6.087890625,12.588888888888889,0,0,0,0,0,0,0,1,0
Jill,2012,2012-09-11 21:00:00,38.77083,-75.11567,wind,31.457672948571165,3.479936869700562,213.95470592897877,11.83222222,1,2.061981201171875,-3.4708404541015625,0.3662710189819336,285.974609375,8537.35546875,0.004515232518315315,-1.50592041015625,-3.6944580078125,0.01639270782470703,284.474609375,15470.24609375,0.0009098767768591642,1.62060546875,-6.9320526123046875,0.10186576843261719,279.497314453125,31227.57421875,0.0014238081639632583,1.727297048106202,3.9055895043868527,4.8448259691118905,3.9895884816876883,6.477294921875,12.584722222222222,0,0,0,0,0,0,0,1,0
Jill,2012,2012-09-12 14:00:00,38.65567,-75.16933,wind,12.731238809125252,2.619673442157297,199.66112679792153,0.0,0,-1.6001739501953125,0.3683319091796875,-0.0027971267700195312,286.376220703125,8872.01171875,0.005354937631636858,-1.957366943359375,-1.8083648681640625,-0.008444786071777344,285.768798828125,15812.6796875,0.0010513467714190483,-2.018218994140625,-4.8253631591796875,0.052727699279785156,279.57177734375,31615.55078125,0.0018605694640427828,0.19153100418348096,2.3615041379031263,5.223082582361251,2.6648581289378335,6.804443359375,12.54138888888889,0,0,0,0,0,0,0,1,0
Jill,2012,2012-09-12 15:00:00,38.545,-75.24,wind,13.753233013664989,2.6914622461349054,206.543512452521,18.52,1,-1.7187957763671875,0.45465087890625,0.04243183135986328,286.41259765625,8893.09765625,0.005272570066154003,-2.684051513671875,-1.543212890625,0.07007026672363281,285.707763671875,15834.203125,0.0009136672597378492,-2.428863525390625,-4.596038818359375,0.07252120971679688,279.576416015625,31641.765625,0.0018527050269767642,0.36136235180924964,2.5799926863683496,5.196998518672801,3.096068241146414,6.836181640625,12.539722222222222,0,0,0,0,0,0,0,1,0
Jill,2012,2012-09-12 16:00:00,38.185,-75.408,wind,42.62568737635663,3.7756461368765484,200.14978414897078,18.52,1,-1.1699371337890625,-0.1182403564453125,-0.0785980224609375,286.4677734375,8893.35546875,0.00661368016153574,-3.3137969970703125,-0.995086669921875,0.06299400329589844,285.8369140625,15834.4140625,0.0008207098580896854,-3.07525634765625,-3.9180145263671875,0.052405357360839844,279.720458984375,31654.8203125,0.0018364922143518925,0.5140182173969546,2.0757046955850025,4.7375641886495155,3.4599780372783333,6.747314453125,12.533611111111112,0,0,0,0,0,0,0,1,0
Jill,2012,2012-09-12 17:00:00,37.86717,-75.5995,wind,39.11969145088342,3.691867272408215,205.4492630284498,15.94777778,1,-2.156494140625,-0.89312744140625,0.03485393524169922,286.4560546875,8881.51953125,0.006418128497898579,-3.8153076171875,-1.10723876953125,0.09193229675292969,285.859619140625,15830.4296875,0.0007610914763063192,-3.058135986328125,-3.4513702392578125,0.02980327606201172,279.639892578125,31651.1953125,0.0017339714104309678,1.7331345420993338,2.6392813255711944,4.43058723497893,3.9727257527448376,6.816162109375,12.528611111111111,0,0,0,0,0,0,0,1,0
Jill,2012,2012-09-12 18:00:00,37.58933,-75.824,wind,36.664515352513384,3.628718413878091,212.65057668028518,18.52,1,-2.436370849609375,-1.1540069580078125,0.15592670440673828,286.346435546875,8838.3515625,0.006345412693917751,-3.524383544921875,-0.4982452392578125,0.1382741928100586,286.11083984375,15798.19140625,0.0007625515572726727,-3.2234954833984375,-3.2132568359375,0.03276252746582031,279.697998046875,31623.94140625,0.00170464429538697,2.2861034657317125,2.320965856549736,4.444608372052999,3.559428000417926,6.6484375,12.524166666666666,0,0,0,0,0,0,0,1,0
Jill,2012,2012-09-12 19:00:00,37.2915,-75.98967,wind,36.203346717157714,3.616398722747439,203.87953700922412,18.52,1,-2.5944061279296875,-1.1981658935546875,0.2346630096435547,286.580810546875,8804.29296875,0.005650123115628958,-3.2488555908203125,-0.3374176025390625,0.0478668212890625,286.2861328125,15776.671875,0.0007706494070589542,-3.4379730224609375,-3.1781463623046875,0.014605522155761719,279.74951171875,31606.796875,0.001674371538683772,2.145855821883906,1.623719781021822,4.297835739106024,3.266330247924666,6.831298828125,12.519166666666667,0,0,0,0,0,0,0,1,0
Jill,2012,2012-09-12 20:00:00,36.93717,-76.15883,wind,42.1582647640498,3.7648739348562574,200.8929568952155,15.94777778,1,-2.6971588134765625,-0.8809051513671875,0.08500003814697266,287.12255859375,8756.703125,0.007576080039143562,-3.2216339111328125,-0.4466552734375,0.04265117645263672,286.335693359375,15728.125,0.0007749448996037245,-3.779144287109375,-3.09393310546875,0.035614013671875,279.777099609375,31562.21484375,0.0016495159361511469,1.7848534541414782,1.5661962017262536,4.238232178884794,3.2524492295269467,7.345458984375,12.51361111111111,0,0,0,0,0,0,0,1,0
Jill,2012,2012-09-12 21:00:00,36.64017,-76.30867,wind,35.61862693376562,3.6005570435615866,202.04548892053728,12.34666667,1,-3.5810699462890625,-1.1154327392578125,0.0047130584716796875,286.9189453125,8777.74609375,0.008317595347762108,-3.5922088623046875,-1.0479278564453125,0.029494285583496094,286.390869140625,15747.4296875,0.0008002053946256638,-4.0915679931640625,-3.0705108642578125,0.04429149627685547,279.73779296875,31585.69921875,0.0016144526889547706,2.37800724672989,2.3196188154148376,4.3817537458127935,3.741940312556362,7.18115234375,12.508888888888889,0,0,0,0,0,0,0,1,0
Jill,2012,2012-09-12 22:00:00,36.29317,-76.41,wind,39.63433059852181,3.7046132905496507,193.24605937992246,0.0,0,-3.244384765625,-1.706390380859375,0.00270843505859375,287.801025390625,8769.453125,0.008187827654182911,-3.800384521484375,-1.2192535400390625,0.07684612274169922,286.17626953125,15737.68359375,0.0007722252048552036,-3.879974365234375,-2.3834991455078125,0.04856109619140625,279.796875,31584.7890625,0.0015922001330181956,2.4043889551574775,2.057610519516115,3.209118088777994,3.991177984760365,8.004150390625,12.50361111111111,0,0,0,0,0,0,0,1,0
Jill,2012,2012-09-13 15:00:00,36.06933,-76.43183,wind,18.40687609270455,2.965627441039331,184.6212385351537,19.54888889,1,-7.0046844482421875,0.2149505615234375,-0.0623779296875,289.317626953125,8862.92578125,0.00963917002081871,-4.984375,1.6394500732421875,-0.1870870590209961,284.023681640625,15855.5625,0.007696697022765875,-4.9329833984375,-1.310699462890625,0.013972282409667969,278.90966796875,31647.203125,0.002095883945003152,0.3501044938850404,-1.232537200453113,1.7038811009333277,5.247074488062735,10.407958984375,12.462777777777777,0,0,0,0,0,0,0,1,0
Jill,2012,2012-09-13 16:00:00,35.71617,-76.49867,wind,39.72849904054292,3.70692806953378,188.7365800588226,8.745555556,1,-5.9373779296875,-2.050445556640625,0.020318984985351562,289.209716796875,8854.5234375,0.010948805138468742,-5.459869384765625,0.5653076171875,-0.23173046112060547,284.43017578125,15856.28125,0.007995679043233395,-4.48388671875,-1.1650543212890625,0.07428741455078125,278.980712890625,31636.1953125,0.0019768031779676676,2.9284940014072114,0.2705614399959234,1.8326023385037635,5.489056968255219,10.22900390625,12.457777777777778,0,0,0,0,0,0,0,1,0
Jill,2012,2012-09-13 17:00:00,35.373,-76.56133,wind,38.57759108582931,3.6782630764179967,188.46874439154956,22.12111111,1,-6.6594696044921875,-1.935577392578125,0.15301895141601562,289.950439453125,8810.046875,0.010464970022439957,-6.5796051025390625,0.215118408203125,0.07130241394042969,284.500244140625,15818.28515625,0.00814921036362648,-4.0339202880859375,-1.447845458984375,0.024074554443359375,279.1708984375,31601.96484375,0.0018559294985607266,2.8952117394455934,0.7562047421611859,2.0261335640933087,6.58312078234221,10.779541015625,12.453055555555556,0,0,0,0,0,0,0,1,0
Jill,2012,2012-09-13 18:00:00,34.974,-76.8225,wind,50.318088082438976,3.9380432842295874,208.22414273688375,15.94777778,1,-6.25347900390625,-2.2563629150390625,0.38182830810546875,290.1630859375,8742.5234375,0.01081094704568386,-6.083221435546875,-0.44659423828125,0.226715087890625,284.66796875,15756.8203125,0.008170667104423046,-3.9007110595703125,-1.2676239013671875,0.043669700622558594,279.2265625,31544.17578125,0.0018316088244318962,4.945499250279285,3.2703858056078956,2.961641193052831,6.099592564062209,10.9365234375,12.4475,0,0,0,0,0,0,0,1,0
Jill,2012,2012-09-13 19:00:00,34.73333,-76.94433,wind,28.978409170960536,3.4004774282565715,202.59306076299356,13.37555556,1,-6.1646575927734375,-2.58526611328125,0.3104543685913086,290.455810546875,8700.5546875,0.010692834854125977,-5.91302490234375,-1.457855224609375,0.20449161529541016,284.890625,15721.1875,0.008234569802880287,-3.7461700439453125,-0.994598388671875,0.03415393829345703,279.24609375,31520.640625,0.0017920350655913353,4.755224174832323,3.617661328482935,2.3574864264090687,6.090090750691501,11.209716796875,12.444166666666666,0,0,0,0,0,0,0,1,0
Jill,2012,2012-09-13 20:00:00,34.70333,-77.23367,wind,26.654650362404297,3.3197939005319452,262.8929558527625,11.31777778,1,-5.67486572265625,-2.3440093994140625,0.15756511688232422,290.7109375,8639.390625,0.01065404899418354,-5.4449920654296875,-1.683837890625,0.10323619842529297,285.04736328125,15663.24609375,0.008336125873029232,-3.3568572998046875,-0.8768463134765625,0.0016841888427734375,279.25048828125,31462.59375,0.0018051263177767396,5.921273214099294,5.61148702300112,3.439552147895129,5.6994077441868205,11.46044921875,12.443888888888889,0,0,0,0,0,0,0,1,0
Jill,2012,2012-09-13 21:00:00,34.51983,-77.5345,wind,34.26764960116897,3.56296610185641,233.54167107950428,11.83222222,1,-6.2836456298828125,-2.697296142578125,0.25489044189453125,290.7890625,8614.07421875,0.010313061065971851,-6.37017822265625,-2.24615478515625,0.15765857696533203,285.078369140625,15640.9765625,0.008321279659867287,-3.133758544921875,-0.9125213623046875,0.13767337799072266,279.35693359375,31455.1015625,0.0017543236026540399,6.656704529222571,6.458216432526554,3.062703201488361,6.754582289622672,11.43212890625,12.44138888888889,0,0,0,0,0,0,0,1,0
Jill,2012,2012-09-13 22:00:00,34.36417,-77.8255,wind,31.807169469097957,3.4906470728796077,237.11421727325904,15.43333333,1,-7.09783935546875,-2.164794921875,0.0696868896484375,290.95556640625,8563.43359375,0.009599331766366959,-7.969451904296875,-1.9909820556640625,-0.06613922119140625,285.703125,15595.5390625,0.008049611002206802,-3.168121337890625,-1.0117034912109375,0.038478851318359375,279.375244140625,31425.69921875,0.0017469163285568357,7.135853635594506,7.773419808611659,3.209765223801684,8.214388181774549,11.580322265625,12.439166666666667,0,0,0,0,0,0,0,1,0
Jill,2012,2012-09-14 16:00:00,34.02283,-78.36267,wind,49.28198459060269,3.917646853718806,229.78430031154676,21.09222222,1,-4.130828857421875,-2.12396240234375,0.04311561584472656,291.305908203125,8483.4921875,0.011946383863687515,-2.2194061279296875,-0.84881591796875,-0.009775161743164062,287.149658203125,15549.43359375,0.008484024554491043,-0.0951995849609375,-1.7720947265625,0.015413284301757812,278.816650390625,31368.578125,0.0025249121244996786,4.525752299311135,2.2428333794428195,1.2168792260451742,2.3761843411841976,12.4892578125,12.4,0,0,0,0,0,0,0,1,0
Jill,2012,2012-09-14 17:00:00,33.84683,-78.75267,wind,40.957612891971515,3.736659891823319,241.56597360157446,12.86111111,1,-3.15899658203125,-1.965057373046875,-0.162261962890625,291.88916015625,8471.796875,0.010933450423181057,-0.69775390625,-1.9094390869140625,-0.025841712951660156,287.468505859375,15540.8828125,0.006247581914067268,-0.6948394775390625,-1.624755859375,0.0754995346069336,278.937255859375,31366.48046875,0.002223389921709895,3.7135692926919064,1.522753816734041,1.3846400379846449,2.032933383149173,12.951904296875,12.397777777777778,0,0,0,0,0,0,0,1,0
Jill,2012,2012-09-14 18:00:00,33.55483,-79.12183,wind,47.12184178525082,3.8737361652129767,226.54832680111357,10.80333333,1,-2.4836883544921875,-2.4637603759765625,-0.1181020736694336,291.896484375,8431.5,0.010621053166687489,-0.1604461669921875,-3.4809722900390625,0.003939628601074219,287.22216796875,15500.640625,0.007849879562854767,-0.499298095703125,-1.1834716796875,0.06424427032470703,279.08935546875,31334.94140625,0.0021776105277240276,3.4974780018460865,2.510489254990907,1.1763915841054826,3.4846679980339994,12.80712890625,12.394166666666667,0,0,0,0,0,0,0,1,0
Jill,2012,2012-09-14 19:00:00,33.21717,-79.41983,wind,46.639289578923666,3.863657832094711,216.46893390281056,14.91888889,1,-1.527801513671875,-2.5969696044921875,-0.33539390563964844,292.06640625,8409.140625,0.01068919152021408,-0.1482086181640625,-2.1619720458984375,-0.2962465286254883,287.229248046875,15475.8828125,0.009354759007692337,0.1297149658203125,-0.9221038818359375,0.15108299255371094,278.43896484375,31311.15234375,0.003979929722845554,2.9965342108249042,1.8267063300167747,0.6644359470717225,2.1670461281994844,13.62744140625,12.390277777777778,0,0,0,0,0,0,0,1,0
Jill,2012,2012-09-14 20:00:00,32.933,-79.70083,wind,41.036257967730926,3.7385325308132127,219.72219481264653,16.97666667,1,-1.514923095703125,-3.3631744384765625,-0.1800403594970703,292.1162109375,8368.9140625,0.011187375523149967,0.043243408203125,-2.19891357421875,-0.14507102966308594,287.125,15438.87109375,0.010093704797327518,0.136474609375,-1.1831207275390625,0.26466941833496094,278.655517578125,31269.1640625,0.00394898047670722,3.5549280958072833,1.6636635131654878,0.8227834830120205,2.1993387413576153,13.460693359375,12.386944444444444,0,0,0,0,0,0,0,1,0
Jill,2012,2012-09-14 21:00:00,32.80633,-80.11567,wind,41.22416067591144,3.742992585075617,250.1340221220414,20.06333333,1,-2.1213226318359375,-3.49468994140625,-0.038062095642089844,292.072021484375,8336.55078125,0.012250247411429882,-0.9556884765625,-2.14019775390625,0.008503913879394531,287.180419921875,15407.84375,0.010201962664723396,-0.0062103271484375,-0.6679534912109375,0.24423980712890625,278.906005859375,31252.15625,0.0034456774592399597,3.1826524385798765,1.626099989592214,0.2328254739144435,2.3438828661133453,13.166015625,12.385555555555555,0,0,0,0,0,0,0,1,0
Jill,2012,2012-09-14 22:00:00,32.66167,-80.49533,wind,38.98505287466375,3.6885057061454587,245.73412661096484,19.54888889,1,-2.3253173828125,-3.5756683349609375,0.0024766921997070312,292.44970703125,8355.65625,0.01179954782128334,-0.654876708984375,-1.4569854736328125,0.03829193115234375,287.214111328125,15431.6640625,0.009940341114997864,0.0484619140625,-0.6944427490234375,0.11857318878173828,279.142822265625,31284.35546875,0.0033673467114567757,3.589369000576925,1.1957965967639121,0.24121591465012399,1.597394808538965,13.306884765625,12.383888888888889,0,0,0,0,0,0,0,1,0
Jill,2012,2012-09-15 15:00:00,32.41217,-80.76317,wind,28.48608260065107,3.383918375775229,202.5435119222054,17.49111111,1,-3.9775848388671875,-3.1558990478515625,0.1377248764038086,291.314697265625,8450.1640625,0.010055272839963436,-1.023712158203125,-1.4534454345703125,0.13473987579345703,288.336669921875,15510.16796875,0.0043270280584692955,0.8177032470703125,-1.6281585693359375,0.0030603408813476562,279.555908203125,31373.96484375,0.0015707395505160093,4.439698655589521,1.7348615260525198,1.1902536583340781,1.7777767616115878,11.7587890625,12.348055555555556,0,0,0,0,0,0,0,1,0
Jill,2012,2012-09-15 16:00:00,32.1395,-81.03867,wind,39.87634446752045,3.710551520848236,220.57965591707858,20.57777778,1,-3.1303253173828125,-2.645263671875,0.0790557861328125,291.47705078125,8409.05078125,0.01134312991052866,-0.4635009765625,-1.7768707275390625,0.06195354461669922,288.412353515625,15474.60546875,0.00543559342622757,0.5362091064453125,-1.8993072509765625,0.030135154724121094,279.693115234375,31345.0078125,0.0020806994289159775,4.045374882534812,1.6510469673465822,1.0937218037369434,1.8363286028539632,11.783935546875,12.345277777777778,0,0,0,0,0,0,0,1,0
Jill,2012,2012-09-15 17:00:00,31.889,-81.39433,wind,43.592702673250194,3.7975702284475656,230.37956102346988,16.97666667,1,-2.5968170166015625,-1.6715087890625,0.059922218322753906,292.302001953125,8413.8515625,0.01093250047415495,0.077301025390625,-1.541351318359375,0.09618091583251953,288.312744140625,15483.83984375,0.006756521761417389,-0.0885467529296875,-1.969635009765625,-0.02239513397216797,279.282470703125,31349.77734375,0.0039522890001535416,3.0662104612998053,0.9233740224724327,1.324240213636123,1.543288480853345,13.01953125,12.342777777777778,0,0,0,0,0,0,0,1,0
Jill,2012,2012-09-15 18:00:00,31.50483,-81.66167,wind,49.64398939940473,3.9248205543420687,210.69969876816498,15.94777778,1,-2.8888397216796875,-1.49090576171875,-0.04500865936279297,292.7412109375,8354.69921875,0.01184889767318964,-0.96661376953125,-0.47442626953125,0.00194549560546875,288.164794921875,15437.6875,0.009006420150399208,-0.8099822998046875,-0.96917724609375,0.06189918518066406,279.273193359375,31317.77734375,0.0051136319525539875,2.756826309177624,0.9014312236468367,1.2468789231982922,1.0767648140001376,13.468017578125,12.338888888888889,0,0,0,0,0,0,0,1,0
Jill,2012,2012-09-15 19:00:00,31.12117,-81.82317,wind,45.335936905902855,3.8359178350975895,199.82217504151058,8.745555556,1,-4.816070556640625,-1.7073211669921875,-0.14770030975341797,292.430419921875,8310.0703125,0.012730145826935768,-2.6259002685546875,-0.7877655029296875,0.022934913635253906,288.355712890625,15403.0625,0.009075566194951534,-1.1455078125,-0.139068603515625,0.09951019287109375,279.5849609375,31304.03125,0.0056894454173743725,3.2393010590042053,1.631538221953549,0.5192727706671934,2.741519051183421,12.845458984375,12.335277777777778,0,0,0,0,0,0,0,1,0
Jill,2012,2012-09-15 20:00:00,30.74767,-81.959,wind,43.505006552117806,3.7956016896329445,197.35965957441556,11.31777778,1,-5.8009796142578125,-1.440460205078125,-0.09446048736572266,292.740478515625,8222.10546875,0.013431578874588013,-3.9421844482421875,-1.0644378662109375,0.08278083801269531,288.76171875,15325.87109375,0.00966445729136467,-1.0120697021484375,0.7050933837890625,0.0998983383178711,279.780029296875,31246.9609375,0.006593991070985794,3.1056798550143703,2.1921784931263915,-0.37100674402043377,4.0833621190125,12.96044921875,12.331666666666667,0,0,0,0,0,0,0,1,0
Jill,2012,2012-09-15 21:00:00,30.43417,-82.00817,wind,35.175893553289924,3.5883929730636246,187.70171434680748,13.37555556,1,-6.9860382080078125,-1.5500335693359375,-0.16058349609375,292.837646484375,8200.35546875,0.013082992285490036,-4.480438232421875,-0.7697906494140625,-0.15219783782958984,288.941650390625,15311.9921875,0.009986793622374535,-0.7139434814453125,0.998443603515625,-0.11893081665039062,280.0068359375,31247.28515625,0.006974519230425358,2.472290766140591,1.3632961923213496,-0.8937571008186777,4.5460867125994175,12.830810546875,12.328611111111112,0,0,0,0,0,0,0,1,0
Jill,2012,2012-09-15 22:00:00,30.3135,-82.00217,wind,13.430232013738133,2.669325451224652,177.54213025438253,0.0,0,-6.628875732421875,0.476226806640625,-0.010375022888183594,293.329345703125,8217.3359375,0.01302015595138073,-4.6171417236328125,0.66363525390625,-0.13245773315429688,288.8671875,15333.4375,0.010544417425990105,0.2698211669921875,0.68524169921875,-0.44660377502441406,279.7490234375,31256.984375,0.007838758639991283,-0.7600664603516041,-0.8610297587196202,-0.6730400771931299,4.6645910266965736,13.580322265625,12.3275,0,0,0,0,0,0,0,1,0
Jill,2012,2012-09-16 15:00:00,30.13933,-81.971,wind,19.774379611630042,3.033720478039551,170.0589073396195,15.94777778,1,-1.6552734375,2.3100128173828125,-0.020502090454101562,292.876220703125,8288.39453125,0.012906091287732124,-1.6313323974609375,1.1302032470703125,0.023389816284179688,288.298095703125,15388.91015625,0.009374257177114487,2.3128204345703125,1.5475311279296875,0.0744476318359375,279.295654296875,31267.640625,0.006867620162665844,-2.5610888294167786,-1.3948601220988708,-1.1250210377926313,1.9845918398234756,13.58056640625,12.295833333333333,0,0,0,0,0,0,0,1,0
Jill,2012,2012-09-16 16:00:00,29.90167,-81.9595,wind,26.449770066372206,3.312357791467714,177.5980049679995,14.91888889,1,-2.3371429443359375,1.1535186767578125,-0.0979156494140625,292.9697265625,8289.0234375,0.014516334980726242,-1.8171844482421875,1.29583740234375,0.0027637481689453125,288.675537109375,15393.97265625,0.008915034122765064,2.2347564697265625,1.466644287109375,0.06336688995361328,279.5146484375,31288.9296875,0.0070776669308543205,-1.250455858484148,-1.370857847833136,-1.3716960177470194,2.231894686638745,13.455078125,12.293888888888889,0,0,0,0,0,0,0,1,0
Jill,2012,2012-09-16 17:00:00,29.606,-81.9815,wind,32.94552815847847,3.524757126874825,183.70151139020598,13.89,1,-3.22735595703125,0.6310577392578125,-0.16613388061523438,293.895751953125,8240.20703125,0.013092515990138054,-2.3427581787109375,1.246490478515625,-0.16271209716796875,288.940673828125,15357.04296875,0.009572578594088554,0.80023193359375,1.459503173828125,0.06797027587890625,279.761474609375,31271.3984375,0.0075859264470636845,-0.42138761407381276,-1.0926449311454165,-1.5081204059916555,2.6537246271885673,14.13427734375,12.29138888888889,0,0,0,0,0,0,0,1,0
Jill,2012,2012-09-16 18:00:00,29.27717,-82.0075,wind,36.65080582277296,3.6283543570121592,183.94540079134885,10.28888889,1,-3.6046295166015625,0.6067962646484375,-0.1964883804321289,294.249267578125,8210.0859375,0.012715822085738182,-2.6417236328125,1.0027008056640625,-0.23345088958740234,289.27392578125,15329.921875,0.009713256731629372,0.200286865234375,1.4981536865234375,0.031098365783691406,279.842041015625,31253.8046875,0.008156470023095608,-0.3573386835050817,-0.8185584949707342,-1.5083840718144446,2.825617217147332,14.4072265625,12.288611111111111,0,0,0,0,0,0,0,1,0
Jill,2012,2012-09-16 19:00:00,28.99283,-81.88067,wind,33.932133734621885,3.5534071429714422,158.6825149822281,14.91888889,1,-3.901641845703125,0.9862213134765625,-0.07808685302734375,294.407470703125,8143.4140625,0.012707697227597237,-2.75213623046875,1.3885040283203125,-0.0900564193725586,289.446044921875,15267.0,0.010076619684696198,0.00634765625,1.5932769775390625,0.23033714294433594,279.9736328125,31206.36328125,0.008174257352948189,-2.337129847725237,-2.2940023689304523,-1.4819578945432172,3.0825634247684954,14.433837890625,12.286388888888888,0,0,0,0,0,0,0,1,0
Jill,2012,2012-09-16 20:00:00,28.64417,-82.0175,wind,40.996986414208735,3.737597863666418,199.0081068449349,14.91888889,1,-4.49676513671875,0.7027587890625,-0.027486801147460938,294.564697265625,8058.41796875,0.012808794155716896,-3.1909332275390625,0.5985565185546875,-0.044559478759765625,289.46044921875,15186.1875,0.010663607157766819,0.215545654296875,0.9711151123046875,0.2742605209350586,280.235107421875,31135.9609375,0.008219340816140175,0.8001659904188186,0.47337439383816504,-0.9883662705169537,3.2465866334532283,14.32958984375,12.283333333333333,0,0,0,0,0,0,0,1,0
Jill,2012,2012-09-16 21:00:00,28.5215,-82.0535,wind,14.08593586583065,2.7137629101848746,194.45954037890158,0.0,0,-5.45086669921875,1.2331085205078125,0.06804084777832031,294.374267578125,8043.03515625,0.013026740401983261,-4.1619415283203125,0.6402130126953125,0.0133209228515625,289.41015625,15172.33203125,0.011173353530466557,-0.2255096435546875,1.0191192626953125,-0.024248123168945312,280.33837890625,31128.390625,0.008568530902266502,0.16701231292272678,0.4192875632735168,-0.9305289313169438,4.210894202753333,14.035888671875,12.2825,0,0,0,0,0,0,0,1,0
Jill,2012,2012-09-17 15:00:00,28.3775,-81.96583,wind,16.95769179259541,2.888018535271495,157.9149433555076,11.83222222,1,-4.5686187744140625,4.2397613525390625,0.1010122299194336,293.672119140625,8072.99609375,0.01321941427886486,-3.8991546630859375,5.0020599365234375,0.2144317626953125,289.462646484375,15200.57421875,0.01002410240471363,-1.1422119140625,5.7735748291015625,0.1603069305419922,280.859619140625,31180.25,0.006701100617647171,-5.646397340148242,-6.1010567204071116,-5.779400529269119,6.342240195328277,12.8125,12.253333333333334,0,0,0,0,0,0,0,1,0
Jill,2012,2012-09-17 16:00:00,28.18817,-81.94817,wind,21.123438024113845,3.0966375906216874,175.3000288436715,7.202222222,1,-4.5829925537109375,4.1122589111328125,-0.22701740264892578,294.110595703125,8073.6484375,0.013932764530181885,-4.2992095947265625,5.542755126953125,-0.24982833862304688,289.650390625,15207.3359375,0.010386532172560692,-1.1632080078125,6.680145263671875,-0.2619304656982422,281.018798828125,31193.3125,0.006282019428908825,-4.473952420252788,-5.8763858795947295,-6.752993740477913,7.014651633313951,13.091796875,12.252222222222223,0,0,0,0,0,0,0,1,0
Jill,2012,2012-09-17 17:00:00,27.96217,-81.85767,wind,26.6525119080282,3.3197165704253413,160.5192140204905,6.173333333,1,-3.3776092529296875,5.10723876953125,0.024992942810058594,294.413330078125,8047.4296875,0.014543555676937103,-3.3934173583984375,6.43359375,0.022017478942871094,289.393310546875,15182.10546875,0.011010723188519478,-2.133575439453125,5.6232452392578125,0.18837547302246094,280.925048828125,31154.37109375,0.00634496845304966,-5.941267977332385,-7.196965474210184,-6.012861078898894,7.273679255254447,13.48828125,12.250555555555556,0,0,0,0,0,0,0,1,0
Jill,2012,2012-09-17 18:00:00,27.803,-81.74417,wind,20.921167615540735,3.0874527277935044,147.75055094102464,15.94777778,1,-2.65118408203125,3.792938232421875,-0.05730724334716797,294.860107421875,7968.13671875,0.01483148243278265,-2.6561737060546875,5.680999755859375,-0.0421905517578125,290.06005859375,15117.17578125,0.01069885864853859,-0.856689453125,6.296417236328125,-0.035305023193359375,281.759033203125,31131.49609375,0.00544016994535923,-4.62250160120579,-6.221959943646875,-5.782222502039633,6.271285114138136,13.10107421875,12.249444444444444,0,0,0,0,0,0,0,1,0
Jill,2012,2012-09-17 19:00:00,27.56233,-81.81633,wind,27.688489454666403,3.3564959780204418,194.88626967716485,9.26,1,-1.692626953125,5.0916595458984375,-0.23171138763427734,295.40966796875,7939.76953125,0.01514611579477787,-1.575347900390625,6.5751800537109375,-0.36693286895751953,289.942626953125,15093.16015625,0.010930139571428299,-0.318389892578125,5.390289306640625,-0.0401153564453125,281.47900390625,31085.57421875,0.005810430273413658,-4.4859336893044395,-5.949792923175929,-5.127583895180149,6.761265691124947,13.9306640625,12.247777777777777,0,0,0,0,0,0,0,1,0
Jill,2012,2012-09-17 20:00:00,27.31317,-81.80717,wind,27.720071378025597,3.357596229484233,178.1291004310532,10.28888889,1,-0.1948394775390625,4.599212646484375,-0.3773832321166992,295.578369140625,7872.25,0.01563197374343872,-0.3222198486328125,6.604888916015625,-0.19942855834960938,289.717529296875,15025.81640625,0.010984605178236961,1.0781097412109375,4.90338134765625,0.25951194763183594,281.8369140625,31029.2421875,0.005768613424152136,-4.603121960628127,-6.611887714948858,-4.86556983785024,6.612744001075424,13.741455078125,12.24611111111111,0,0,0,0,0,0,0,1,0
Jill,2012,2012-09-17 21:00:00,27.18183,-81.98483,wind,22.84161852823023,3.171432731177465,230.29554043632115,6.687777778,1,0.208770751953125,6.220458984375,-0.07053947448730469,294.9169921875,7843.4765625,0.014905739575624466,-1.0504913330078125,6.5364532470703125,-0.25489330291748047,289.9853515625,14999.86328125,0.011817649938166142,2.25347900390625,5.61212158203125,-0.5239324569702148,281.40234375,31002.03125,0.0062140109948813915,-4.13441925617457,-3.3674720675094365,-5.318892427845535,6.62032877520902,13.5146484375,12.245277777777778,0,0,0,0,0,0,0,1,0
Jill,2012,2012-09-18 17:00:00,26.86583,-81.83867,wind,21.96376204954475,3.133917410361127,152.0357485901485,4.63,1,6.1956787109375,8.522674560546875,-0.051482200622558594,294.551025390625,8005.21875,0.017249682918190956,8.7744140625,8.366180419921875,0.005706787109375,290.475341796875,15166.19921875,0.011144259944558144,9.526611328125,8.303787231445312,0.21802520751953125,281.661376953125,31197.84765625,0.006286244839429855,-4.622288751234551,-3.2748447537206617,-2.8670157996797476,12.123667636440794,12.8896484375,12.216944444444444,0,0,0,0,0,0,0,1,0
Jill,2012,2012-09-18 18:00:00,26.752,-81.66033,wind,21.75921187325101,3.1249699809455285,125.52989828886643,12.34666667,1,6.0649261474609375,7.85150146484375,-0.055121421813964844,294.37548828125,7974.23828125,0.017459439113736153,8.908157348632812,7.43243408203125,-0.05377769470214844,290.54443359375,15137.66796875,0.011396454647183418,9.354171752929688,8.606643676757812,-0.08207321166992188,281.60986328125,31158.58984375,0.006749846041202545,0.37298700292609954,2.9303754271288325,2.610981749723245,11.601566434397576,12.765625,12.216388888888888,0,0,0,0,0,0,0,1,0
Jill,2012,2012-09-18 19:00:00,26.573,-81.51667,wind,24.494052723406693,3.238445198429772,144.31856202647475,9.26,1,5.70001220703125,6.198486328125,-0.18163204193115234,295.1337890625,7877.76171875,0.016006948426365852,8.143951416015625,6.8977203369140625,-0.07419776916503906,290.3486328125,15046.33984375,0.012162210419774055,9.454299926757812,7.4578094482421875,-0.23944664001464844,281.9091796875,31074.15234375,0.006437269039452076,-1.7101679515845771,-0.852640334218993,-0.543287757263081,10.672510975056468,13.224609375,12.215555555555556,0,0,0,0,0,0,0,1,0
Jill,2012,2012-09-18 20:00:00,26.3865,-81.30667,wind,29.44349554427021,3.4158723603122123,134.72832491241957,4.63,1,6.547393798828125,5.590423583984375,0.3942289352416992,295.317138671875,7894.625,0.015752315521240234,8.2530517578125,6.3753204345703125,0.4670381546020508,290.55126953125,15066.4609375,0.01225376222282648,9.528900146484375,7.6873321533203125,0.054396629333496094,281.58984375,31092.03125,0.00716802291572094,0.7173684682541945,1.3767879609148483,1.3598935479578724,10.428689944599071,13.727294921875,12.214444444444444,0,0,0,0,0,0,0,1,0
Jill,2012,2012-09-18 21:00:00,26.23633,-81.09633,wind,26.802701342145966,3.3251331865566263,128.48903169712582,13.89,1,4.744659423828125,3.724578857421875,-0.4252738952636719,295.510498046875,7830.06640625,0.014980293810367584,6.1007843017578125,4.657196044921875,-0.4299955368041992,290.896240234375,15005.21875,0.011107423342764378,7.9434814453125,5.6752471923828125,-0.8116769790649414,281.589599609375,31031.70703125,0.006869522854685783,1.3957277126068415,1.8767755764988605,2.6855057520247745,7.67522273927021,13.9208984375,12.213611111111112,0,0,0,0,0,0,0,1,0
Jill,2012,2012-09-19 19:00:00,25.25017,-80.55033,wind,26.312545019310633,3.30734612115873,166.5533026840027,9.774444444,1,0.779205322265625,-1.2010040283203125,-0.26058006286621094,295.58837890625,8095.02734375,0.015036086551845074,1.649505615234375,-2.14111328125,-0.16409587860107422,291.091552734375,15273.33203125,0.011543731205165386,2.1187896728515625,3.6869354248046875,-0.0879678726196289,281.992919921875,31314.69140625,0.005829192698001862,1.349277435182025,2.4659953727246577,-3.0931595185441414,2.7028197975142323,13.595458984375,12.184166666666666,0,0,0,0,0,0,0,1,0
Jill,2012,2012-09-19 20:00:00,24.936,-80.54467,wind,34.938759370240895,3.581816361289399,179.06407803519483,13.37555556,1,0.1033935546875,-1.33563232421875,0.051540374755859375,295.674560546875,8051.10546875,0.014681333675980568,0.497711181640625,-2.5008544921875,-0.0982503890991211,291.162353515625,15227.3515625,0.011369898915290833,1.175262451171875,3.65966796875,-0.25399017333984375,281.867431640625,31266.8203125,0.005875455681234598,1.3371429853760102,2.5086505592941943,-3.6399827615559808,2.5498999218448763,13.80712890625,12.182777777777778,0,0,0,0,0,0,0,1,0
Jill,2012,2012-09-19 21:00:00,24.53633,-80.42033,wind,46.18130983960677,3.853997836197096,164.19573525419196,9.26,1,-0.9084625244140625,-2.6389617919921875,0.15662384033203125,295.988525390625,8000.40234375,0.013848313130438328,-1.562225341796875,-2.5588226318359375,0.2269458770751953,291.694580078125,15187.01171875,0.010893830098211765,0.2360076904296875,2.3983001708984375,0.35112953186035156,282.353515625,31250.08984375,0.0054173944517970085,2.29178156453986,2.0366183225686902,-2.2433618305723657,2.9980195596006634,13.635009765625,12.181111111111111,0,0,0,0,0,0,0,1,0
Jill,2012,2012-09-19 22:00:00,24.12383,-80.4035,wind,45.89959280055532,3.848008993123611,177.8674561763114,15.94777778,1,-1.8127899169921875,-3.367950439453125,0.015324592590332031,295.910888671875,8024.26953125,0.014841706492006779,-1.7228240966796875,-1.443450927734375,-0.04533195495605469,291.857666015625,15218.171875,0.009987504221498966,-0.867401123046875,-0.063232421875,-0.16396713256835938,281.836669921875,31248.18359375,0.005632232408970594,3.2981615588162927,1.378342665531108,0.030911489135041242,2.2475928120719306,14.07421875,12.179444444444444,0,0,0,0,0,0,0,1,0
Jill,2012,2012-09-20 15:00:00,22.63567,-80.33567,wind,13.633747739253531,2.683330350323207,177.55809618155627,6.687777778,1,-7.983673095703125,0.4019622802734375,-0.1218709945678711,295.8369140625,8031.83984375,0.014651728793978691,-8.381317138671875,0.040313720703125,-0.07232284545898438,291.708984375,15219.03125,0.011293256655335426,-6.9991302490234375,0.2499847412109375,-0.13514995574951172,282.1298828125,31299.66796875,0.006368536502122879,-0.7417525274328773,-0.39737453309660487,-0.5479652060994695,8.381414091611978,13.70703125,12.151944444444444,0,0,0,0,0,0,0,1,0
Jill,2012,2012-09-20 16:00:00,22.3955,-80.285,wind,27.20814769730712,3.3396108616495743,168.96192994796752,8.745555556,1,-7.382781982421875,0.16986083984375,-0.0623321533203125,295.950439453125,8023.75390625,0.015049848705530167,-7.860076904296875,-0.1976776123046875,-0.17528438568115234,291.71875,15213.66015625,0.011731485836207867,-7.8054656982421875,0.3444671630859375,-0.15457534790039062,282.248779296875,31296.6796875,0.006527759600430727,-1.5802346929747269,-1.3108790897494038,-1.8325383599634835,7.862562265563792,13.70166015625,12.151388888888889,0,0,0,0,0,0,0,1,0
Jill,2012,2012-09-20 17:00:00,22.15133,-80.247,wind,27.430582475950175,3.3474654135272544,171.79756870884034,11.31777778,1,-4.6611480712890625,-0.2864532470703125,-0.06187152862548828,295.44970703125,7987.5859375,0.01676216721534729,-6.7799530029296875,0.2859649658203125,-0.27088165283203125,291.68896484375,15178.125,0.011970414780080318,-8.054153442382812,0.562774658203125,-0.2975635528564453,282.189208984375,31257.5390625,0.007049657870084047,-0.3814874665499978,-1.2503418209275514,-1.7061111658610804,6.785981040616891,13.260498046875,12.150555555555556,0,0,0,0,0,0,0,1,0
Jill,2012,2012-09-20 18:00:00,22.05267,-80.13667,wind,15.797203635450712,2.821212422284039,133.96325301244934,8.231111111,1,-3.51617431640625,-0.4374237060546875,-0.050891876220703125,295.768798828125,7899.859375,0.017140617594122887,-6.420379638671875,0.1675872802734375,0.01602649688720703,291.48779296875,15087.01953125,0.012480965815484524,-8.169921875,1.09271240234375,0.033440589904785156,282.278564453125,31167.984375,0.007286169566214085,-2.227231978156987,-4.737632652004752,-6.639146186360887,6.422566480868987,13.490234375,12.150277777777777,0,0,0,0,0,0,0,1,0
Jill,2012,2012-09-20 19:00:00,21.867,-80.06667,wind,21.87125635433585,3.1298809411273196,160.71424913388887,21.09222222,1,-4.1707305908203125,-0.0525970458984375,-0.666386604309082,296.320556640625,7808.63671875,0.016883868724107742,-6.2434844970703125,0.3990631103515625,-0.7025413513183594,291.181884765625,14996.0,0.012504697777330875,-7.2304229736328125,3.3281402587890625,-0.5968685150146484,282.486083984375,31074.09375,0.006505826022475958,-1.3278620368164007,-2.4387648989299087,-5.529437083879596,6.25622490254313,13.83447265625,12.149722222222222,0,0,0,0,0,0,0,1,0
Jill,2012,2012-09-21 15:00:00,21.84467,-79.8465,wind,19.736017994540408,3.0318721879617527,79.1941274449265,9.26,1,-6.2258453369140625,4.6002349853515625,-0.19993305206298828,295.028076171875,7883.13671875,0.01345731783658266,-5.658416748046875,4.3971710205078125,-0.03163623809814453,291.59619140625,15052.7890625,0.009777264669537544,-0.27459716796875,3.8035888671875,-0.05601692199707031,281.201416015625,31112.6328125,0.00653106439858675,-5.252987669612791,-4.73369153882224,0.44337640152708935,7.166086315288917,13.82666015625,12.12888888888889,0,0,0,0,0,0,0,1,0
Jill,2012,2012-09-21 16:00:00,21.80867,-79.64583,wind,21.097145625394063,3.095448442960207,100.90041893164096,9.774444444,1,-5.2416229248046875,3.1142578125,-0.13228893280029297,294.900146484375,7887.00390625,0.014234115369617939,-4.731353759765625,3.8050384521484375,-0.06153106689453125,291.572509765625,15059.5859375,0.010053984820842743,0.1074981689453125,3.9523468017578125,0.11736392974853516,281.024169921875,31113.9296875,0.006516043096780777,-5.735964372836417,-5.365530256668327,-0.6418405314966502,6.0715752504911356,13.8759765625,12.12888888888889,0,0,0,0,0,0,0,1,0
Jill,2012,2012-09-21 17:00:00,21.71467,-79.47267,wind,20.713000158311228,3.077911166802715,120.27441705850333,14.91888889,1,-3.921630859375,1.5318145751953125,0.05917072296142578,295.161376953125,7860.1015625,0.01506527978926897,-3.9659271240234375,2.8270416259765625,0.031273841857910156,291.7294921875,15032.484375,0.009313425980508327,-0.09344482421875,3.7262725830078125,0.08273601531982422,281.209228515625,31094.44921875,0.006547751370817423,-4.159053900699979,-4.850287509352503,-1.9592716308497902,4.870394471505262,13.9521484375,12.12888888888889,0,0,0,0,0,0,0,1,0
Jill,2012,2012-09-21 18:00:00,21.65167,-79.16533,wind,32.51996469825335,3.512141222458595,102.38305192811538,7.202222222,1,-3.5135040283203125,0.940887451171875,0.05196189880371094,295.941650390625,7804.59375,0.01459565944969654,-4.765350341796875,2.208160400390625,-0.05302715301513672,291.746826171875,14980.34765625,0.009127815254032612,0.1030731201171875,3.17767333984375,-0.03156471252441406,281.182861328125,31036.875,0.006666719913482666,-3.6335349512012605,-5.128020149550585,-0.5807654650224175,5.252098269636325,14.7587890625,12.12861111111111,0,0,0,0,0,0,0,1,0
Jill,2012,2012-09-21 19:00:00,21.61333,-78.865,wind,31.334432912377704,3.476132696856338,97.76426519905476,12.86111111,1,-3.332977294921875,-0.2641754150390625,-0.026159286499023438,296.4248046875,7728.375,0.01489227544516325,-4.789581298828125,1.9722747802734375,-0.015810012817382812,291.73876953125,14914.0546875,0.010309753008186817,0.341278076171875,2.2484130859375,0.033860206604003906,281.637451171875,30985.578125,0.006196090020239353,-3.2667320614183963,-5.012121458894773,0.03439406691488789,5.179764167120617,14.787353515625,12.12861111111111,0,0,0,0,0,0,0,1,0
Jill,2012,2012-09-21 20:00:00,21.37867,-78.58967,wind,38.63008409892569,3.6795885293026833,132.43917753120354,14.91888889,1,-1.96533203125,-0.8778076171875,-0.6076374053955078,297.231689453125,7670.06640625,0.015639271587133408,-3.91912841796875,1.2855224609375,-0.2910594940185547,290.848388671875,14866.50390625,0.014323201030492783,0.1428375244140625,2.9082489013671875,0.1555004119873047,282.048828125,30935.0859375,0.00630340538918972,-0.858052562255434,-3.7597734045202467,-1.857093957127664,4.12457701517441,15.182861328125,12.128333333333334,0,0,0,0,0,0,0,1,0
Jill,2012,2012-09-21 21:00:00,21.09733,-78.33367,wind,41.01998652270857,3.738145374681643,139.65121536288007,12.34666667,1,-0.84429931640625,-1.17236328125,-1.283543586730957,297.171630859375,7659.8203125,0.015242700465023518,-3.8494110107421875,-0.8229827880859375,-1.0300874710083008,291.694091796875,14866.96875,0.013251428492367268,-0.7269439697265625,1.7763671875,-0.8183774948120117,282.400146484375,30952.79296875,0.005995579995214939,0.34684615005166153,-1.865049055390131,-1.8244520595399163,3.9364026469746323,14.771484375,12.127777777777778,0,0,0,0,0,0,0,1,0
Jill,2012,2012-09-21 22:00:00,20.852,-78.1455,wind,33.55394199568419,3.5425216390941285,144.35661194649305,0.0,0,-1.6421356201171875,-0.608978271484375,-0.6075277328491211,296.70068359375,7700.62890625,0.012624542228877544,-4.4045562744140625,-0.3575439453125,-0.41779327392578125,291.626220703125,14896.41796875,0.01146865077316761,-0.765533447265625,3.4742584228515625,-0.08009624481201172,282.008056640625,30964.12109375,0.0067678652703762054,-0.4620436026147357,-2.2761431147976063,-3.2694956716994312,4.419044426944576,14.692626953125,12.127222222222223,0,0,0,0,0,0,0,1,0
Jill,2012,2012-09-22 15:00:00,20.75383,-77.87483,wind,23.557860325166395,3.2010319791729325,108.78033635417364,12.86111111,1,-3.0465850830078125,3.049224853515625,0.014642715454101562,295.60595703125,7990.37109375,0.014738410711288452,-3.5800018310546875,2.8972015380859375,0.044394493103027344,291.33056640625,15171.3046875,0.012193053960800171,-2.721343994140625,2.911651611328125,0.17734909057617188,282.693603515625,31264.703125,0.006263178773224354,-3.8660541575724543,-4.3221291872844665,-3.5138385295172014,4.605452188726145,12.912353515625,12.1075,0,0,0,0,0,0,0,1,0
Jill,2012,2012-09-22 16:00:00,20.78117,-77.63133,wind,25.498628484622635,3.277092976355566,83.10947459834233,14.91888889,1,-2.93634033203125,2.3289947509765625,0.09006977081298828,296.158447265625,7971.04296875,0.01436983048915863,-3.802337646484375,2.596527099609375,0.0303955078125,291.547607421875,15155.6015625,0.011904582381248474,-2.625335693359375,2.9387664794921875,0.10344600677490234,282.983642578125,31259.94140625,0.0060488381423056126,-2.6357159938671333,-3.463361807494444,-2.2538017376651456,4.604315861979737,13.1748046875,12.1075,0,0,0,0,0,0,0,1,0
Jill,2012,2012-09-22 17:00:00,20.74833,-77.26717,wind,38.03817125289214,3.6645399175402527,95.44427068439512,9.774444444,1,-2.2093048095703125,0.8306427001953125,-0.09281063079833984,297.280517578125,7935.37109375,0.013391871005296707,-3.466217041015625,1.634063720703125,0.010533332824707031,291.4296875,15130.39453125,0.0119413360953331,-2.5566864013671875,2.13671875,0.02754974365234375,283.446533203125,31244.58984375,0.005553881172090769,-2.2781478551005794,-3.6056166943186967,-2.7478796555074223,3.8320783941283425,13.833984375,12.1075,0,0,0,0,0,0,0,1,0
Jill,2012,2012-09-22 18:00:00,20.63533,-76.98217,wind,32.19913882029084,3.502523936438151,112.91832340966994,9.26,1,-1.197662353515625,0.32415771484375,-0.39025211334228516,298.68896484375,7881.73828125,0.012823622673749924,-2.2158966064453125,0.7608184814453125,-0.32681941986083984,291.59423828125,15101.359375,0.012622874230146408,-2.7714080810546875,1.6699371337890625,-0.036734580993652344,283.5234375,31208.015625,0.0052124629728496075,-1.2293530037798552,-2.337252569941044,-3.2029401252624954,2.342870575205682,15.16552734375,12.1075,0,0,0,0,0,0,0,1,0
Jill,2012,2012-09-22 19:00:00,20.35833,-76.75,wind,39.159372735314705,3.6928558561209237,141.82395878444152,13.37555556,1,-0.853363037109375,0.6773834228515625,-0.5470113754272461,299.1884765625,7842.84375,0.01355262566357851,-1.447967529296875,-0.230224609375,-0.9093618392944336,292.55517578125,15080.19140625,0.012893636710941792,-3.06298828125,1.5047607421875,-0.2757587432861328,282.984375,31197.2421875,0.006531637627631426,-1.0599479460964734,-0.7139762611246807,-3.0760865823409187,1.4661559728282554,16.2041015625,12.1075,0,0,0,0,0,0,0,1,0
Jill,2012,2012-09-22 20:00:00,20.076,-76.49883,wind,40.89530124007977,3.735173678398148,140.10065420106355,18.00555556,1,-1.6372833251953125,2.236236572265625,-0.10529327392578125,296.361572265625,7838.29296875,0.014072291553020477,-2.0239105224609375,1.1026153564453125,-0.25548648834228516,291.94482421875,15036.68359375,0.013444297015666962,-3.2875823974609375,1.10931396484375,-0.6337966918945312,283.25732421875,31158.828125,0.005754850804805756,-2.765799591578693,-2.144115083381384,-2.9598248608741566,2.3047720987544795,13.104248046875,12.107222222222223,0,0,0,0,0,0,0,1,0
Jill,2012,2012-09-22 21:00:00,20.0155,-76.18283,wind,33.687471281450314,3.5463785635841574,101.46506240183203,9.774444444,1,-0.9335174560546875,2.251312255859375,0.23584556579589844,296.510498046875,7857.13671875,0.014954226091504097,-2.009429931640625,1.0255584716796875,0.2868690490722656,292.132080078125,15061.3359375,0.011917250230908394,-3.1637725830078125,0.6696929931640625,0.09433937072753906,283.106201171875,31178.8046875,0.005791286006569862,-1.3623842884993,-2.1731845815199415,-3.2337580758573456,2.256009492224539,13.404296875,12.107222222222223,0,0,0,0,0,0,0,1,0
Jill,2012,2012-09-22 22:00:00,19.99733,-75.8345,wind,36.45121787926393,3.623039229575019,93.11781217036759,10.28888889,1,-1.4132537841796875,2.0472259521484375,-0.14505672454833984,297.343017578125,7836.296875,0.013833874836564064,-3.193359375,-0.939910888671875,-0.012059211730957031,292.306396484375,15048.41796875,0.01256977953016758,-2.67266845703125,0.1949462890625,-0.19765090942382812,283.652587890625,31180.0,0.0056985956616699696,-1.5225089564653833,-3.1375115607977233,-2.6793153797140232,3.328810084180884,13.6904296875,12.107222222222223,0,0,0,0,0,0,0,1,0
Jill,2012,2012-09-23 14:00:00,19.91233,-75.257,wind,23.75605528812061,3.209070117196669,86.60717034624679,12.34666667,1,-3.7169342041015625,-0.1475982666015625,0.060814857482910156,295.8330078125,8111.27734375,0.014902891591191292,-3.79669189453125,0.1115570068359375,0.022835731506347656,292.113037109375,15301.09375,0.010324301198124886,-5.453460693359375,0.8825836181640625,0.14844608306884766,281.77197265625,31359.640625,0.006304160226136446,-3.7191543972317516,-3.783435107595208,-5.391669521055798,3.798330463213211,14.06103515625,12.088333333333333,0,0,0,0,0,0,0,1,0
Jill,2012,2012-09-23 15:00:00,20.01133,-75.00733,wind,28.321094386510584,3.378307201919091,67.0840338679601,8.745555556,1,-4.04010009765625,-0.816802978515625,0.05082893371582031,296.4951171875,8099.390625,0.015214532613754272,-4.640411376953125,0.0864715576171875,-0.004197120666503906,292.18310546875,15294.06640625,0.010297387838363647,-5.82354736328125,0.7062835693359375,0.13657093048095703,282.103271484375,31360.359375,0.005639290902763605,-4.039290280344843,-4.240505542513312,-5.088922017478588,4.641216982390797,14.391845703125,12.088333333333333,0,0,0,0,0,0,0,1,0
Jill,2012,2012-09-23 16:00:00,20.1065,-74.72583,wind,31.24904238071939,3.4734883491798128,70.15725302742197,16.97666667,1,-4.728912353515625,-1.0789337158203125,0.034389495849609375,296.1865234375,8083.69921875,0.01628158614039421,-5.114654541015625,0.7443084716796875,0.009854316711425781,292.32470703125,15281.203125,0.010381204076111317,-5.749603271484375,0.7653656005859375,0.14635372161865234,282.466064453125,31357.39453125,0.0041870917193591595,-4.814379381624585,-4.558338247909305,-5.148441037124529,5.168528434181813,13.720458984375,12.088333333333333,0,0,0,0,0,0,0,1,0
Jill,2012,2012-09-23 17:00:00,20.13717,-74.40783,wind,33.37641040042205,3.5373705849754944,84.08069046764166,14.40444444,1,-3.6776123046875,-0.644989013671875,-0.1351480484008789,295.4287109375,8055.765625,0.016787251457571983,-4.199249267578125,1.660369873046875,0.11859989166259766,292.59912109375,15254.125,0.010427698493003845,-4.8297119140625,0.3724517822265625,0.1547679901123047,282.759521484375,31347.26953125,0.003298352239653468,-3.7245199824884563,-4.0056291392151335,-4.765550341851585,4.515586620426754,12.669189453125,12.088333333333333,0,0,0,0,0,0,0,1,0
Jill,2012,2012-09-23 18:00:00,20.09583,-74.09767,wind,32.70888773159493,3.5177615334952947,98.02554455927606,11.83222222,1,-2.873626708984375,0.55694580078125,0.11734867095947266,296.6689453125,7988.8984375,0.013441466726362705,-2.784423828125,1.5161285400390625,0.1591205596923828,292.56103515625,15194.52734375,0.010568829253315926,-4.9639892578125,0.4101715087890625,0.12213706970214844,282.7333984375,31289.5546875,0.0030463431030511856,-2.92323994123845,-2.9688266203758893,-4.972637484056307,3.1704355859331472,13.935546875,12.088333333333333,0,0,0,0,0,0,0,1,0
Jill,2012,2012-09-23 19:00:00,19.9105,-73.731,wind,43.502921931507124,3.795554848398763,118.21254602709865,14.40444444,1,-1.991180419921875,0.7938079833984375,0.16668319702148438,296.5771484375,7907.66015625,0.014270272105932236,-2.3583221435546875,0.891845703125,0.12809181213378906,292.790283203125,15115.73046875,0.0101277194917202,-4.5647430419921875,0.5300140380859375,0.09354782104492188,282.6484375,31217.1484375,0.003963072784245014,-2.129895848541558,-2.4997678370348693,-4.273012185570633,2.5213234800324416,13.9287109375,12.088611111111112,0,0,0,0,0,0,0,1,0
Jill,2012,2012-09-23 20:00:00,19.7155,-73.4035,wind,40.545554280102635,3.7267905187081145,122.27348384804293,11.31777778,1,-1.3033294677734375,-0.2728118896484375,0.2028493881225586,296.558837890625,7876.91015625,0.015538950450718403,-1.7193603515625,0.6684112548828125,0.20516395568847656,292.876708984375,15086.74609375,0.010787745006382465,-4.29681396484375,0.87591552734375,0.08226680755615234,282.505859375,31195.4921875,0.005155391991138458,-0.9563059048825695,-1.8106403321046969,-4.100699868387195,1.8447150522991729,14.052978515625,12.088611111111112,0,0,0,0,0,0,0,1,0
Jill,2012,2012-09-23 21:00:00,19.642,-73.05883,wind,37.001057965589304,3.6376140005385453,102.7027032945332,16.97666667,1,-0.8172760009765625,-2.1688079833984375,-0.3282632827758789,297.323974609375,7856.6171875,0.015737218782305717,-2.4549407958984375,-0.4669952392578125,0.0762948989868164,291.76123046875,15063.9140625,0.013457936234772205,-3.780181884765625,1.10174560546875,-0.04527759552001953,282.743408203125,31171.3984375,0.005732841324061155,-0.32036846620613074,-2.292165457721918,-3.9299240957645507,2.4989635581288328,14.58056640625,12.088611111111112,0,0,0,0,0,0,0,1,0
Jill,2012,2012-09-23 22:00:00,19.45767,-72.75167,wind,38.157873576693135,3.667601515286357,122.43845761699288,14.91888889,1,-1.838714599609375,-1.0676727294921875,0.039078712463378906,296.702392578125,7882.98046875,0.016079280525445938,-3.1873626708984375,-1.2136993408203125,0.04965686798095703,292.034912109375,15089.18359375,0.012256477028131485,-4.68731689453125,0.1672821044921875,-0.6765127182006836,282.254150390625,31168.203125,0.005569001194089651,-0.9791238312831119,-2.0390120470710382,-4.045674865248509,3.410622653672564,14.4482421875,12.088611111111112,0,0,0,0,0,0,0,1,0
Jill,2012,2012-09-24 14:00:00,19.223,-72.48317,wind,13.44561552667336,2.6703909447565093,146.77891206510537,7.716666667,1,-1.0433197021484375,1.6753997802734375,0.1587848663330078,295.87646484375,8024.01953125,0.01367785781621933,-1.7570037841796875,2.71917724609375,0.06882286071777344,291.98828125,15206.35546875,0.008426927030086517,-6.677001953125,2.465911865234375,0.15047740936279297,281.533203125,31244.41796875,0.004777671303600073,-1.9731817802553915,-3.237374026763586,-5.721026757631436,3.237435280170977,14.34326171875,12.070833333333333,0,0,0,0,0,0,0,1,0
Jill,2012,2012-09-24 15:00:00,19.076,-72.3825,wind,19.467977230104303,3.0188615784790795,147.08321411433752,12.86111111,1,-1.0665130615234375,1.09881591796875,0.059533119201660156,296.5927734375,8035.4921875,0.013691827654838562,-3.09130859375,2.560150146484375,0.09430980682373047,292.27978515625,15221.71875,0.007499143946915865,-6.7180633544921875,2.6168975830078125,0.12539005279541016,281.59375,31263.06640625,0.004329012706875801,-1.5019777387589843,-3.829025602892325,-5.847515401580985,4.013795908405978,14.9990234375,12.070833333333333,0,0,0,0,0,0,0,1,0
Jill,2012,2012-09-24 16:00:00,18.896,-72.243,wind,24.81428195521744,3.250927902923169,143.74188550068754,8.745555556,1,-1.445343017578125,1.1467132568359375,-0.05534172058105469,298.88818359375,8001.30078125,0.009567747823894024,-2.874725341796875,1.76300048828125,0.03748035430908203,291.878173828125,15211.41796875,0.008923063986003399,-6.7671356201171875,2.9614715576171875,-0.065948486328125,281.551513671875,31255.53515625,0.004146157298237085,-1.7794750180647803,-3.1217957195198762,-6.390260164002918,3.3722717139117195,17.336669921875,12.071111111111112,0,0,0,0,0,0,0,1,0
Jill,2012,2012-09-24 17:00:00,18.669,-72.19267,wind,25.791351098047453,3.288079115209324,168.1369911665122,16.46222222,1,-1.73223876953125,0.1001739501953125,-0.14825439453125,299.40869140625,7952.43359375,0.01057341881096363,-2.838653564453125,0.7260894775390625,-0.31064414978027344,292.113037109375,15176.05859375,0.010523827746510506,-6.9438934326171875,2.371917724609375,-0.12747859954833984,281.6962890625,31222.14453125,0.004534062929451466,-0.45413490684240426,-1.2941304187193903,-3.7487309297581537,2.9300443662810602,17.71240234375,12.071666666666667,0,0,0,0,0,0,0,1,0
Jill,2012,2012-09-24 18:00:00,18.41817,-72.20067,wind,27.903771598745664,3.3639720917502394,181.73326888357494,18.00555556,1,-1.358612060546875,0.5956268310546875,-0.0765542984008789,299.0400390625,7884.7109375,0.011279352940618992,-3.170654296875,0.5967559814453125,-0.607243537902832,292.230712890625,15107.33203125,0.010585922747850418,-7.4384765625,1.6474609375,-0.157501220703125,281.807861328125,31153.91796875,0.005138244014233351,-0.5542608682913436,-0.500581321857195,-1.421718282043867,3.2263239719040397,17.232177734375,12.071944444444444,0,0,0,0,0,0,0,1,0
Jill,2012,2012-09-24 19:00:00,18.2895,-71.999,wind,25.645835524376746,3.2826328728993173,123.8779293833648,18.00555556,1,-2.8215484619140625,0.9167633056640625,-0.3263387680053711,298.281005859375,7857.94140625,0.01167359296232462,-5.8249359130859375,-0.702667236328125,0.09232521057128906,292.354248046875,15064.88671875,0.010351313278079033,-9.113052368164062,0.98529052734375,-0.17028331756591797,281.84765625,31108.4375,0.004730653949081898,-2.8535530113932377,-4.444334949091681,-8.115128673362523,5.867164531233747,16.433349609375,12.072222222222223,0,0,0,0,0,0,0,1,0
Jill,2012,2012-09-24 20:00:00,18.08067,-71.63217,wind,45.176846922891926,3.832478523615482,120.87317935341639,8.745555556,1,-5.481903076171875,0.270782470703125,0.0039463043212890625,298.325927734375,7792.015625,0.01184001937508583,-7.713531494140625,-1.557861328125,0.0086822509765625,292.303955078125,15005.99609375,0.009675834327936172,-11.120086669921875,0.883636474609375,0.25284481048583984,281.8779296875,31047.6328125,0.00453991862013936,-4.8440951316236,-5.821164001612925,-9.997857070066436,7.869275699120389,16.447998046875,12.0725,0,0,0,0,0,0,0,1,0
Jill,2012,2012-09-24 21:00:00,17.9915,-71.38983,wind,27.474395162177647,3.349005268095454,111.1173514927608,9.26,1,-5.6085662841796875,-0.7770538330078125,0.12666893005371094,298.271484375,7803.45703125,0.012058109976351261,-7.4326629638671875,-1.78875732421875,0.1009206771850586,292.19775390625,15019.59765625,0.009465353563427925,-11.46038818359375,0.3420867919921875,0.20045948028564453,281.7724609375,31060.34765625,0.004458379466086626,-4.9519636121976465,-6.289066259423311,-10.814006544831264,7.644876159846488,16.4990234375,12.0725,0,0,0,0,0,0,0,1,0
Jill,2012,2012-09-24 22:00:00,17.9165,-71.26867,wind,15.290766656629858,2.790598484528615,123.03347201415636,0.0,0,-6.74102783203125,-1.0067901611328125,-0.08963298797607422,296.93798828125,7799.3203125,0.011391380801796913,-10.086456298828125,-0.9719085693359375,-0.005837440490722656,292.03271484375,14989.51953125,0.007836082950234413,-12.122604370117188,0.71453857421875,0.048389434814453125,281.829833984375,31030.58984375,0.004541046917438507,-5.102525436012947,-7.926187876588956,-10.55252825099393,10.133173586558073,15.108154296875,12.072777777777778,0,0,0,0,0,0,0,1,0
Jill,2012,2012-09-25 14:00:00,17.68283,-71.22467,wind,26.38159662429057,3.3098711316842615,169.78543486800618,13.89,1,-9.743011474609375,-3.147064208984375,0.32019996643066406,295.09814453125,8030.01171875,0.012853801250457764,-11.3128662109375,-1.640228271484375,0.12560749053955078,290.804931640625,15190.19921875,0.010010586120188236,-10.897018432617188,0.240509033203125,0.011320114135742188,282.107177734375,31219.7734375,0.003947718068957329,1.369408778673279,-0.39193472660593076,-2.1691190621755005,11.431154390049503,12.990966796875,12.05638888888889,0,0,0,0,0,0,0,1,0
Jill,2012,2012-09-25 15:00:00,17.29033,-71.1955,wind,43.753516390097836,3.801170020183404,175.94103608257512,10.80333333,1,-12.498458862304688,-1.0253448486328125,0.05959510803222656,294.51953125,8062.2890625,0.014633948914706707,-12.289581298828125,-0.00091552734375,-0.0815744400024414,290.637939453125,15220.93359375,0.011044745333492756,-11.011917114257812,0.29937744140625,-0.052405357360839844,281.22802734375,31240.27734375,0.007037898059934378,0.13809404492069077,-0.868980745954485,-1.0780835397332473,12.289581332929789,13.29150390625,12.0575,0,0,0,0,0,0,0,1,0
Jill,2012,2012-09-25 16:00:00,16.9215,-71.1975,wind,41.01257558171792,3.7379689920788928,180.2972372881055,10.80333333,1,-12.233444213867188,0.209075927734375,-0.05783367156982422,294.607421875,8010.5625,0.013967195525765419,-12.100509643554688,0.8474884033203125,-0.06897640228271484,290.552734375,15164.98828125,0.01074723619967699,-10.905654907226562,0.563323974609375,0.01029205322265625,281.407958984375,31183.3203125,0.006356099154800177,-0.1456091122034592,-0.7847026278212943,-0.5067406259130001,12.13015128625865,13.199462890625,12.058333333333334,0,0,0,0,0,0,0,1,0
Jill,2012,2012-09-25 17:00:00,16.5645,-71.21983,wind,39.76773434620898,3.7078909436953675,183.43099210551406,11.31777778,1,-12.610458374023438,2.08203125,0.11793136596679688,294.263671875,7987.9765625,0.014265982434153557,-12.330581665039062,1.8470001220703125,0.1127309799194336,290.572998046875,15138.19921875,0.010442622005939484,-10.637054443359375,1.2540740966796875,-0.32179832458496094,281.413330078125,31160.04296875,0.006507186219096184,-1.323609805658198,-1.1057495400603086,-0.6152376579433262,12.468145557745355,12.850341796875,12.059166666666666,0,0,0,0,0,0,0,1,0
Jill,2012,2012-09-25 18:00:00,16.2445,-71.4555,wind,43.566609207751995,3.796984906158897,215.27411545211413,12.34666667,1,-11.561187744140625,1.654693603515625,0.13989734649658203,294.805908203125,7879.11328125,0.013604313135147095,-11.993362426757812,1.9613037109375,0.11005115509033203,291.05615234375,15040.16015625,0.01019547414034605,-11.180633544921875,2.614837646484375,-0.0061798095703125,281.73974609375,31080.45703125,0.006018125917762518,5.325567628059728,5.324827640205227,4.321941598265219,12.152672732617432,13.066162109375,12.06,0,0,0,0,0,0,0,1,0
Jill,2012,2012-09-25 19:00:00,15.98867,-71.80317,wind,46.78239621137959,3.8666572915689796,232.59827283112608,12.34666667,1,-11.120223999023438,1.0367431640625,0.06102275848388672,294.70556640625,7808.5078125,0.014301836490631104,-12.323165893554688,2.2729949951171875,0.052163124084472656,291.011474609375,14969.71484375,0.010499232448637486,-12.260757446289062,2.570098876953125,0.03449249267578125,281.6953125,31013.2578125,0.005785613786429167,8.204147344960878,8.408860849534754,8.178822974738583,12.531038420174813,13.01025390625,12.060555555555556,0,0,0,0,0,0,0,1,0
Jill,2012,2012-09-25 20:00:00,15.715,-72.092,wind,43.365103902682435,3.7924532122812327,225.47337895676034,11.83222222,1,-11.265365600585938,0.269775390625,-0.10525703430175781,294.266357421875,7755.16015625,0.015238821506500244,-12.60162353515625,2.1847381591796875,-0.17548656463623047,290.8486328125,14915.15234375,0.011162513867020607,-13.406539916992188,1.3086700439453125,-0.2054281234741211,281.7568359375,30956.1875,0.005513815674930811,7.842180077836152,7.451981774092268,8.64016106950303,12.789605019154413,12.509521484375,12.061388888888889,0,0,0,0,0,0,0,1,0
Jill,2012,2012-09-25 21:00:00,15.45783,-72.30367,wind,36.49258688201482,3.624143230288205,218.43611044723482,10.80333333,1,-12.244964599609375,-0.053863525390625,0.11910057067871094,294.150146484375,7717.7734375,0.015512147918343544,-13.564971923828125,2.602508544921875,-0.012638092041015625,290.845703125,14877.1953125,0.011236888356506824,-14.541152954101562,0.9104766845703125,-0.042220115661621094,281.81884765625,30919.70703125,0.005590124521404505,7.654170498172057,6.394000840103067,8.326207200231872,13.81236815396392,12.331298828125,12.061944444444444,0,0,0,0,0,0,0,1,0
Jill,2012,2012-09-25 22:00:00,15.13683,-72.51783,wind,42.445734622377294,3.7715126793984637,212.7907007365733,11.83222222,1,-12.648513793945312,0.9686737060546875,0.14170074462890625,295.210205078125,7691.75,0.013362832367420197,-13.1861572265625,3.203155517578125,0.15130901336669922,291.046142578125,14857.35546875,0.01055521797388792,-13.811904907226562,1.1168365478515625,0.16269683837890625,282.080322265625,30911.8671875,0.0052559273317456245,6.035758167306087,4.448503456987352,6.541264198074613,13.569633291781235,13.1298828125,12.062777777777777,0,0,0,0,0,0,0,1,0
Jill,2012,2012-09-26 14:00:00,11.23783,-74.04717,wind,11.850853924733586,2.5534102624199675,147.95109147864292,11.31777778,1,-0.5821533203125,0.01239013671875,-0.18567657470703125,296.89599609375,7691.30078125,0.012787551619112492,-0.074005126953125,-0.092010498046875,-0.019249916076660156,292.6064453125,14875.8671875,0.011002750135958195,-0.8684539794921875,2.9764404296875,0.14460277557373047,282.71044921875,31019.53515625,0.008488156832754612,-0.31941739459775487,0.03871737769789313,-2.983656342121967,0.11807917075497328,14.185546875,12.062222222222223,0,0,0,0,0,0,0,1,0
Jill,2012,2012-09-26 16:00:00,11.08517,-73.76767,wind,27.247492255056493,3.3410046839196705,113.59252831847613,12.86111111,1,0.5146484375,-1.05938720703125,-1.1239919662475586,296.479248046875,7975.03125,0.013478279113769531,0.5749969482421875,-1.38250732421875,-1.5250205993652344,291.91650390625,15039.3046875,0.01323051005601883,-0.116607666015625,0.61956787109375,-0.4230356216430664,283.276611328125,31074.0234375,0.010516063310205936,0.8956295560010419,1.0802560450018914,-0.35483036416580077,1.4973135917389906,13.20263671875,12.062777777777777,0,0,0,0,0,0,0,1,0
Jill,2012,2012-09-26 17:00:00,11.05517,-73.59283,wind,19.368993731393815,3.0140138294796763,99.90048562059172,9.774444444,1,-0.37872314453125,-0.8532562255859375,-1.1978225708007812,295.06298828125,7862.3203125,0.013563894666731358,0.0044097900390625,-1.2282257080078125,-1.9707040786743164,291.11962890625,14928.1484375,0.013115116395056248,0.619720458984375,-0.2022552490234375,-2.1356916427612305,282.733154296875,30968.26171875,0.010013713501393795,-0.22637645040915969,0.21552211481124262,0.6452667523803013,1.228233624380753,12.329833984375,12.062777777777777,0,0,0,0,0,0,0,1,0
Jill,2012,2012-09-26 18:00:00,11.03283,-73.4225,wind,18.754315473529132,2.9833719724672094,97.5951350460968,10.80333333,1,-0.326324462890625,-0.534759521484375,-0.7193927764892578,295.155517578125,7790.640625,0.013832749798893929,0.052093505859375,-0.61572265625,-1.22174072265625,291.390625,14854.6796875,0.012555314227938652,0.7945404052734375,-0.7316741943359375,-1.836440086364746,282.6728515625,30882.85546875,0.010327235795557499,-0.25278118574352937,0.13301791156725562,0.8842767238897874,0.6179224245585172,12.482666015625,12.062777777777777,0,0,0,0,0,0,0,1,0
Jill,2012,2012-09-27 15:00:00,10.956,-73.36967,wind,13.540639068651165,2.6769474235914297,138.8247138385741,13.89,1,-1.4449310302734375,-0.5694427490234375,-0.697596549987793,297.212158203125,7740.53515625,0.015535697340965271,-0.6202850341796875,0.17388916015625,-0.13341712951660156,292.379638671875,14917.63671875,0.013025020249187946,1.162078857421875,1.496551513671875,-0.09449100494384766,283.146240234375,31078.875,0.007617684081196785,-0.522672843499745,-0.539260055267318,-0.36138088572975113,0.6441979227280558,14.06591796875,12.053055555555556,0,0,0,0,0,0,0,1,0
Jill,2012,2012-09-27 16:00:00,10.7795,-73.04,wind,41.002287482772566,3.7377240806758025,118.56635627869014,10.80333333,1,0.4322052001953125,-0.4904327392578125,0.14765071868896484,298.197265625,7739.18359375,0.015070381574332714,0.93206787109375,0.875885009765625,0.3057098388671875,293.183837890625,14952.6328125,0.012787314131855965,0.6632080078125,1.8353118896484375,-0.21947860717773438,283.472412109375,31116.27734375,0.007563327439129353,0.6141035065842544,0.39977418049746377,-0.2951308617466297,1.2790328637909834,14.724853515625,12.053888888888888,0,0,0,0,0,0,0,1,0
Jill,2012,2012-09-27 17:00:00,10.586,-72.89767,wind,26.54834515027305,3.3159424666540964,144.12710010013586,18.00555556,1,1.6309661865234375,-0.6213836669921875,0.23883628845214844,296.776611328125,7711.796875,0.01486416719853878,1.6070404052734375,-0.225372314453125,0.0044403076171875,292.611083984375,14859.578125,0.011942838318645954,0.2015228271484375,1.275054931640625,-1.1895198822021484,282.926513671875,30989.38671875,0.007627217564731836,1.45924742078625,1.1243316906161713,-0.915110913442487,1.6227666327304653,13.85009765625,12.054722222222223,0,0,0,0,0,0,0,1,0
Jill,2012,2012-09-27 18:00:00,10.517,-72.98917,wind,12.606045332546124,2.610514203722855,232.51769181649283,16.46222222,1,0.014251708984375,0.2405242919921875,0.4803171157836914,297.426513671875,7682.9375,0.013844569213688374,1.5554351806640625,-0.1962890625,0.2900733947753906,293.205078125,14844.06640625,0.011805613525211811,0.673492431640625,1.8359375,0.895411491394043,283.1435546875,30987.30859375,0.007734458893537521,-0.15767230234216106,-1.114856898979467,-1.6516421731587165,1.5677716661888534,14.282958984375,12.055,0,0,0,0,0,0,0,1,0
Jill,2012,2012-09-27 19:00:00,10.30017,-73.132,wind,28.728292113032417,3.3920991887750382,212.95129441346253,7.202222222,1,1.40966796875,0.6015167236328125,-0.39399051666259766,298.689453125,7352.4375,0.013999924063682556,1.3714447021484375,1.1814727783203125,-0.045131683349609375,292.813720703125,14596.68359375,0.012808880768716335,-1.40673828125,4.0728759765625,0.20008277893066406,282.7568359375,30756.48046875,0.008496389724314213,-1.2715076106678898,-1.7373773934113528,-2.6525242499170396,1.8101763717834056,15.9326171875,12.056111111111111,0,0,0,0,0,0,0,1,0
Jill,2012,2012-09-27 20:00:00,10.04567,-73.19433,wind,29.109736113176375,3.404848578362789,193.5587365676596,15.94777778,1,0.4044952392578125,0.08990478515625,-0.27668094635009766,297.119384765625,7419.99609375,0.015664318576455116,-0.342010498046875,0.29583740234375,0.35731029510498047,292.00048828125,14623.765625,0.01390655804425478,-2.0028839111328125,3.2544097900390625,0.4148273468017578,283.183349609375,30776.453125,0.007648804225027561,-0.18222984544337417,-0.20741079508558777,-2.694149459110852,0.4522067551461049,13.93603515625,12.057222222222222,0,0,0,0,0,0,0,1,0
Jill,2012,2012-09-27 21:00:00,9.792,-73.21,wind,28.258989416990993,3.376186856956941,183.483497424212,8.745555556,1,1.3197021484375,-0.5330352783203125,-0.17329025268554688,297.402099609375,7460.46484375,0.01694703847169876,0.8900299072265625,-0.97039794921875,-0.22270870208740234,292.141357421875,14665.375,0.0145426569506526,-1.813079833984375,4.51239013671875,-0.07221317291259766,283.245849609375,30815.4609375,0.007882385514676571,0.4518639224579036,0.9145258325637722,-4.393888141781479,1.3167480456054146,14.15625,12.058333333333334,0,0,0,0,0,0,0,1,0
Jill,2012,2012-09-28 15:00:00,9.52733,-72.99133,wind,22.554214214982025,3.1593047520108457,123.16371968620808,16.46222222,1,-1.048583984375,0.927825927734375,-0.149383544921875,298.313232421875,7718.2421875,0.01472400315105915,-0.798309326171875,1.5520782470703125,-0.14758777618408203,291.80126953125,14924.76953125,0.012773137539625168,-2.52911376953125,2.187530517578125,-0.2145547866821289,283.257568359375,31046.21875,0.00675550289452076,-1.385332697078708,-1.517311845244517,-3.31380058694617,1.7453494393048765,15.0556640625,12.050833333333333,0,0,0,0,0,0,0,1,0
Jill,2012,2012-09-28 16:00:00,9.38033,-72.78283,wind,28.110197701708795,3.3710885492737614,125.53787810653228,8.745555556,1,-0.5129241943359375,1.8560028076171875,-0.11433696746826172,297.176025390625,7699.25,0.014725299552083015,1.263824462890625,3.143768310546875,0.4351482391357422,292.091064453125,14907.83984375,0.01107081025838852,-1.54803466796875,2.1182098388671875,-0.1493091583251953,283.24951171875,31039.92578125,0.0066093560308218,-1.4961675424438592,-0.7988734591267941,-2.4908749649722157,3.388293296543192,13.926513671875,12.051666666666666,0,0,0,0,0,0,0,1,0
Jill,2012,2012-09-28 17:00:00,9.24767,-72.54367,wind,30.104459629706646,3.43735120535849,119.32103609821303,9.26,1,0.1927032470703125,0.5394439697265625,0.5213375091552734,296.631591796875,7562.4921875,0.014860471710562706,0.9022369384765625,3.9355926513671875,0.05683326721191406,293.2607421875,14779.29296875,0.01100852619856596,-0.892120361328125,4.5091552734375,-0.1335897445678711,283.148193359375,30932.55859375,0.007131264545023441,-0.09615116867379783,-1.1406190002956236,-2.9859754624649377,4.0376875821003,13.4833984375,12.052222222222222,0,0,0,0,0,0,0,1,0
Jill,2012,2012-09-28 18:00:00,9.04533,-72.34783,wind,31.119807653193686,3.469472900679363,136.2859290379384,13.89,1,-2.0811309814453125,-0.8057708740234375,0.11398029327392578,296.792236328125,7501.4375,0.01606767065823078,-0.544464111328125,2.28363037109375,0.3904895782470703,293.06591796875,14720.94921875,0.011301049031317234,-0.5579376220703125,5.090728759765625,0.12601089477539062,283.332275390625,30884.78125,0.007106901612132788,-0.8557771145930688,-2.02685955416829,-4.065134126199461,2.3476389927555097,13.4599609375,12.053333333333333,0,0,0,0,0,0,0,1,0
Jill,2012,2012-09-28 19:00:00,8.88033,-72.126,wind,30.500494359560275,3.450003239662733,126.9626916897729,19.03444444,1,-2.157012939453125,-0.7809600830078125,0.03569602966308594,297.28662109375,7450.015625,0.01621406339108944,0.0071258544921875,2.346221923828125,0.07147884368896484,293.294921875,14675.62109375,0.011359970085322857,0.6576080322265625,4.9994964599609375,-0.335968017578125,283.23046875,30837.515625,0.007399437017738819,-1.253924754977167,-1.405077435809147,-2.4807248189556996,2.346232744988014,14.05615234375,12.054444444444444,0,0,0,0,0,0,0,1,0
Jill,2012,2012-09-28 20:00:00,8.6685,-71.976,wind,28.74950161156468,3.3928123792988654,145.003136503429,14.40444444,1,-2.2346038818359375,-0.3882598876953125,0.4082374572753906,297.0556640625,7428.37109375,0.015926072373986244,-1.60687255859375,2.0326690673828125,0.3036212921142578,293.19677734375,14649.50390625,0.012824450619518757,-0.62786865234375,4.1628875732421875,0.08199214935302734,283.126953125,30817.44140625,0.008151892572641373,-0.9635598533758554,-2.586721021611524,-3.7702710792567182,2.591096863696249,13.9287109375,12.055555555555555,0,0,0,0,0,0,0,1,0
Jill,2012,2012-09-28 21:00:00,8.4915,-71.91117,wind,20.932538063951426,3.0879712905233494,160.08618263863752,0.0,0,-1.3444061279296875,-0.473480224609375,-0.10097694396972656,297.645263671875,7412.81640625,0.01592838764190674,-1.8902130126953125,1.19708251953125,-0.22908592224121094,292.9833984375,14624.609375,0.013552780263125896,-1.5322723388671875,3.2564849853515625,-0.08640480041503906,283.468505859375,30798.71875,0.008266580291092396,-0.012744240424668485,-1.769322642518274,-3.5836683785919705,2.2373895038481733,14.1767578125,12.05638888888889,0,0,0,0,0,0,0,1,0
Jill,2012,2012-09-30 14:00:00,8.14483,-70.31933,wind,15.893511172612122,2.8269295939164025,117.41882595310562,13.89,1,-0.785247802734375,1.4502410888671875,-0.04020881652832031,295.172119140625,8033.0078125,0.01301681250333786,-1.9993438720703125,3.850830078125,-0.11664867401123047,290.04736328125,15188.23046875,0.011505565606057644,-4.1727752685546875,5.2595977783203125,0.01878070831298828,281.123291015625,31181.08203125,0.007262592203915119,-1.364859961713387,-3.548020250905476,-6.126022848791753,4.338924775722357,14.048828125,12.043611111111112,0,0,0,0,0,0,0,1,0
Jill,2012,2012-09-30 15:00:00,8.1695,-70.094,wind,24.953295501054818,3.2562985958091106,83.67259623037938,15.43333333,1,-0.281768798828125,0.7403411865234375,-0.11408805847167969,294.631591796875,8024.21875,0.015451394952833652,-1.1409759521484375,2.653076171875,0.048102378845214844,290.101318359375,15178.7265625,0.011991990730166435,-4.7798004150390625,5.569305419921875,0.06895923614501953,281.41796875,31191.73828125,0.00730145163834095,-0.19845958679967507,-0.8416308156795105,-4.136892121101174,2.888016498767266,13.213623046875,12.043333333333333,0,0,0,0,0,0,0,1,0
Jill,2012,2012-09-30 16:00:00,8.22583,-69.88883,wind,23.43337619892913,3.1959500746129623,74.4820586094886,9.26,1,0.027435302734375,1.1695404052734375,-0.14405441284179688,295.551025390625,7948.0546875,0.0150636937469244,-0.707916259765625,2.564910888671875,0.09140777587890625,290.563232421875,15112.546875,0.011718276888132095,-4.877655029296875,5.9730224609375,0.08798980712890625,281.83154296875,31125.4609375,0.007119271904230118,0.3393341655428394,0.00410615013685256,-3.1018254335872397,2.6608106467142867,13.719482421875,12.043055555555556,0,0,0,0,0,0,0,1,0
Jill,2012,2012-09-30 17:00:00,8.0945,-69.64133,wind,30.90931931347831,3.462898108614132,118.17609195762634,6.687777778,1,0.2387542724609375,0.3943328857421875,0.23016738891601562,295.957275390625,7879.83984375,0.015576880425214767,-1.66033935546875,1.59619140625,0.14891433715820312,290.795166015625,15055.625,0.010979033075273037,-5.405609130859375,5.842071533203125,-0.13849449157714844,281.54541015625,31054.7734375,0.007109520956873894,0.02426474794222927,-2.217284481895379,-7.523574206101945,2.3031616922623424,14.411865234375,12.043888888888889,0,0,0,0,0,0,0,1,0
Jill,2012,2012-09-30 18:00:00,7.923,-69.522,wind,23.158323167557477,3.184628965341624,145.42422521228798,8.231111111,1,-0.0945281982421875,0.50164794921875,0.050049781799316406,296.3701171875,7772.50390625,0.015575852245092392,-2.439453125,1.7791748046875,0.09369468688964844,290.677001953125,14950.9765625,0.01219900231808424,-5.3712310791015625,5.7220458984375,0.022393226623535156,281.380615234375,30967.3203125,0.007491711527109146,-0.46668941752457366,-2.8493095902048244,-7.759547814632742,3.0193367706678678,14.989501953125,12.045277777777779,0,0,0,0,0,0,0,1,0
Jill,2012,2012-09-30 19:00:00,7.711,-69.4725,wind,24.195801650557996,3.226677379469528,166.9720045703608,9.26,1,0.2574462890625,-0.662811279296875,0.08229446411132812,296.495849609375,7681.65234375,0.015667106956243515,-1.5807952880859375,1.0926971435546875,0.18387985229492188,290.82373046875,14866.359375,0.012396411970257759,-5.9296875,5.6864013671875,0.08527851104736328,281.2861328125,30887.28125,0.007802138105034828,0.7037859145716784,-1.4209252809139699,-6.876745949328565,1.921692168472171,15.209716796875,12.046666666666667,0,0,0,0,0,0,0,1,0
Jill,2012,2012-09-30 21:00:00,7.503,-69.46533,wind,14.638807135484978,2.749755462098796,184.89470087523338,8.745555556,1,-0.0805816650390625,-1.15118408203125,0.18239784240722656,295.497314453125,7565.3125,0.01498408056795597,-0.36468505859375,0.063201904296875,0.2131032943725586,290.934814453125,14743.47265625,0.012092708609998226,-6.16876220703125,3.513519287109375,0.055169105529785156,282.3837890625,30800.81640625,0.00675430241972208,1.1538615469223394,-0.03185474901658032,-2.97435791773828,0.37012115944414503,13.113525390625,12.048333333333334,0,0,0,0,0,0,0,1,0
Jill,2012,2012-10-01 14:00:00,7.235,-69.44367,wind,20.440957571360066,3.0653029980485327,175.77253310302467,11.83222222,1,-1.870697021484375,-2.5435333251953125,0.08133316040039062,295.12255859375,7911.01953125,0.014671087265014648,-3.315277099609375,-0.9237518310546875,-0.08048248291015625,290.83984375,15078.55859375,0.01124979555606842,-7.26434326171875,1.2843170166015625,-0.040785789489746094,281.52978515625,31103.01953125,0.006762395612895489,2.398712172457498,0.6768486111155632,-1.8163231429167501,3.441566459124571,13.5927734375,12.043611111111112,0,0,0,0,0,0,0,1,0
Jill,2012,2012-10-01 15:00:00,7.00817,-69.30283,wind,29.62522760985929,3.4218241009959436,148.35337675799093,17.49111111,1,-1.3221282958984375,-1.8266448974609375,0.08456230163574219,294.297607421875,7922.7265625,0.015598740428686142,-3.0621490478515625,-0.886322021484375,-0.010654449462890625,290.99560546875,15085.453125,0.01098461914807558,-7.691864013671875,1.1664581298828125,0.02996826171875,281.45703125,31112.8359375,0.006505039986222982,0.8613305962244936,-0.8521185346031633,-5.028764157776648,3.1878399453276165,12.840576171875,12.045555555555556,0,0,0,0,0,0,0,1,0
Jill,2012,2012-10-01 16:00:00,6.90733,-68.9975,wind,35.51752152405272,3.597792187160132,108.38456364153387,18.00555556,1,-1.2000579833984375,-1.6050567626953125,-0.05141735076904297,294.71630859375,7857.14453125,0.01669473387300968,-3.0826416015625,-0.76873779296875,-0.06973743438720703,290.927001953125,15021.23828125,0.011076632887125015,-7.143951416015625,2.161468505859375,0.00103759765625,281.448486328125,31053.24609375,0.006505701690912247,-0.6325839618659631,-2.6828518982003526,-7.461044273465422,3.1770484790166926,13.267822265625,12.046388888888888,0,0,0,0,0,0,0,1,0
Jill,2012,2012-10-01 19:00:00,6.571,-69.0275,wind,33.64257794943297,3.5450835020981235,208.8600678965648,10.28888889,1,-1.8050537109375,-3.0011444091796875,-0.3404712677001953,296.298583984375,7517.9921875,0.01634112372994423,-1.768402099609375,-2.3440399169921875,-0.5208988189697266,290.80322265625,14705.90625,0.012248423881828785,-4.1896514892578125,1.5790557861328125,-0.904047966003418,281.81982421875,30732.7421875,0.006650953553617001,3.499654774314927,2.9064712026054065,0.6392890886040745,2.936284917775451,14.478759765625,12.049166666666666,0,0,0,0,0,0,0,1,0
Jill,2012,2012-10-01 20:00:00,6.2125,-69.00183,wind,39.9641790641898,3.712698003461078,175.92832555374844,0.0,0,-2.6980438232421875,-4.9795684814453125,0.6344070434570312,295.89990234375,7465.21875,0.016660775989294052,-1.8086700439453125,-4.3508758544921875,0.9874382019042969,291.1201171875,14653.96875,0.012023302726447582,-4.5059661865234375,-0.8538665771484375,0.7721290588378906,282.3056640625,30701.50390625,0.006867431104183197,4.7754273031470875,4.21147087799077,0.5317683293503652,4.7118370121501725,13.59423828125,12.051944444444445,0,0,0,0,0,0,0,1,0
Jill,2012,2012-10-02 14:00:00,6.04933,-68.86683,wind,18.37065175491926,2.9637591244996733,136.82747373574182,7.202222222,1,-5.26318359375,-4.682769775390625,-0.0969991683959961,295.16455078125,7903.55859375,0.015044070780277252,-6.3003387451171875,-2.5378875732421875,-0.19764041900634766,291.144775390625,15075.83984375,0.011119488626718521,-6.90484619140625,-0.636962890625,-0.101531982421875,282.147216796875,31126.12109375,0.005861741490662098,-0.18592799988609077,-2.4598026449096775,-4.259743384102538,6.792285450247356,13.017333984375,12.047777777777778,0,0,0,0,0,0,0,1,0
Jill,2012,2012-10-02 15:00:00,5.85233,-68.69483,wind,29.012072540993564,3.4015997187468536,139.02027651977016,14.91888889,1,-3.3346405029296875,-4.357391357421875,-0.19334030151367188,294.8486328125,7912.203125,0.01599152386188507,-5.2766265869140625,-2.5366058349609375,-0.15695953369140625,291.216552734375,15083.3671875,0.01120372861623764,-6.5894012451171875,-0.8935089111328125,-0.10468006134033203,282.05908203125,31134.1015625,0.006195036228746176,1.1027462309321967,-1.5453794475894325,-3.6467288343372126,5.854669700306434,12.78955078125,12.049722222222222,0,0,0,0,0,0,0,1,0
Jill,2012,2012-10-02 16:00:00,5.67067,-68.46417,wind,32.54578259113418,3.5129111503338426,128.35226995684923,13.89,1,-3.2590789794921875,-3.4492340087890625,-0.1311492919921875,295.799560546875,7862.87890625,0.01579228602349758,-4.65557861328125,-2.0602569580078125,-0.13238239288330078,291.375,15044.0078125,0.011049062013626099,-6.4915008544921875,-0.5129547119140625,-0.04576587677001953,281.951171875,31100.6796875,0.006323064677417278,-0.41557291834008003,-2.3725756911492084,-4.772418290313929,5.091077583131234,13.848388671875,12.051388888888889,0,0,0,0,0,0,0,1,0
Jill,2012,2012-10-02 17:00:00,5.32917,-68.3255,wind,40.95762403797762,3.736660157472479,157.98514463518654,20.06333333,1,-0.70904541015625,-2.6993255615234375,-0.023346900939941406,296.3037109375,7750.0703125,0.016809433698654175,-1.97943115234375,-0.762969970703125,0.03858661651611328,291.7080078125,14937.8828125,0.011628121137619019,-5.372802734375,-0.5698699951171875,0.15610599517822266,282.0859375,30997.09765625,0.006621563341468573,2.236725291529078,-0.03464447227576206,-1.4856599683513023,2.121384185635321,14.2177734375,12.054444444444444,0,0,0,0,0,0,0,1,0
Jill,2012,2012-10-02 18:00:00,4.95117,-68.19333,wind,44.507514293908635,3.8178774616379307,160.79336980172218,10.28888889,1,-0.244384765625,-2.30120849609375,-0.05305004119873047,296.88671875,7618.625,0.016499068588018417,-0.25396728515625,-1.5523529052734375,0.03106212615966797,291.816162109375,14815.96875,0.012174215167760849,-5.40008544921875,-0.6200408935546875,0.1249532699584961,282.08203125,30880.625,0.006988469511270523,2.092722632518661,1.382397192806592,-1.1909697462974211,1.572990440034687,14.8046875,12.057777777777778,0,0,0,0,0,0,0,1,0
Jill,2012,2012-10-02 19:00:00,4.567,-67.9565,wind,50.13507170056432,3.9344705964387536,148.4257508078099,16.97666667,1,1.29730224609375,0.113616943359375,0.42754459381103516,296.656005859375,7520.03515625,0.015335921198129654,-0.1744232177734375,0.405487060546875,0.44055843353271484,292.169677734375,14726.80078125,0.011566433124244213,-4.7747344970703125,-0.8738861083984375,0.4846029281616211,282.419921875,30816.21875,0.006749401334673166,0.5824740629385884,-0.43678823741779577,-1.7555475147767179,0.4414104837556366,14.236083984375,12.061388888888889,0,0,0,0,0,0,0,1,0
Jill,2012,2012-10-02 20:00:00,4.13283,-67.79283,wind,51.57541732839362,3.962248659329844,159.39318416492017,21.09222222,1,0.5456695556640625,-0.07501220703125,-0.06301498413085938,296.840087890625,7472.26171875,0.01594635471701622,-1.2806396484375,0.3866729736328125,0.0602264404296875,291.7041015625,14676.25,0.0126267671585083,-4.8275146484375,-0.9924163818359375,-0.10711002349853516,282.802490234375,30772.49609375,0.006991512142121792,0.26226278783359547,-0.8126577016968493,-0.7701389815060622,1.3377420893760372,14.03759765625,12.065277777777778,0,0,0,0,0,0,0,1,0
Jill,2012,2012-10-02 21:00:00,3.78833,-67.70617,wind,39.4944524045137,3.701164987063868,165.90940347918092,5.658888889,1,-0.041290283203125,-0.8677825927734375,0.05167579650878906,296.582275390625,7476.734375,0.015689726918935776,-1.9953155517578125,-1.032928466796875,0.03499031066894531,291.76513671875,14674.42578125,0.012182874605059624,-5.647979736328125,-1.209320068359375,-0.09559059143066406,282.847412109375,30770.3125,0.006892873905599117,0.8316203766376435,0.5160784925761468,-0.20209957526495215,2.2468256204267227,13.73486328125,12.068333333333333,0,0,0,0,0,0,0,1,0
Jill,2012,2012-10-02 22:00:00,3.47583,-67.4995,wind,41.63462671493635,3.7526667567888814,146.56795738875928,0.0,0,-0.0849456787109375,-2.0999298095703125,0.07634544372558594,296.88330078125,7492.8125,0.015029721893370152,-2.441131591796875,-1.6829833984375,-0.012017250061035156,292.44091796875,14703.61328125,0.01178246084600687,-6.2423553466796875,-1.063079833984375,-0.0806121826171875,282.83984375,30821.46484375,0.007194259203970432,1.7056745518697747,0.05958130826266239,-2.5520278199298105,2.9650559131127667,14.04345703125,12.071111111111112,0,0,0,0,0,0,0,1,0
Jill,2012,2012-10-03 15:00:00,3.34617,-67.21083,wind,26.02136186813307,3.2966277334874055,114.4816157098461,17.49111111,1,-1.6172332763671875,-0.8195953369140625,-0.13733386993408203,295.487548828125,7875.93359375,0.014689601957798004,-2.7750396728515625,0.177215576171875,-0.19753742218017578,291.2890625,15054.875,0.012412519194185734,-7.3467254638671875,1.8538818359375,-0.09648990631103516,283.1513671875,31149.671875,0.006535778287798166,-1.1321934343098499,-2.5989861028021135,-7.4544638007753825,2.780692458064724,12.336181640625,12.069444444444445,0,0,0,0,0,0,0,1,0
Jill,2012,2012-10-03 16:00:00,3.21117,-66.9675,wind,30.903546553175776,3.462717180826612,119.05444051294893,8.745555556,1,-1.1444854736328125,0.2231903076171875,-0.19233989715576172,295.368408203125,7812.734375,0.016200782731175423,-2.6476593017578125,0.9474029541015625,-0.2588024139404297,291.638671875,14997.2421875,0.012376749888062477,-7.0318145751953125,1.4311370849609375,-0.21917438507080078,282.875244140625,31094.18359375,0.0070212106220424175,-1.1088521292518274,-2.7745714975576963,-6.8419396622968245,2.8120583449894907,12.4931640625,12.070833333333333,0,0,0,0,0,0,0,1,0
Jill,2012,2012-10-03 17:00:00,3.08883,-66.88067,wind,16.67321710462355,2.872050335669271,144.67351019854152,8.231111111,1,-0.577850341796875,0.7008209228515625,-0.05958271026611328,295.94970703125,7751.11328125,0.01622801274061203,-3.3820037841796875,0.9103851318359375,-0.09873199462890625,291.436279296875,14933.8671875,0.012270904146134853,-6.699859619140625,1.15753173828125,0.04751110076904297,282.625244140625,31019.21875,0.007446665782481432,-0.9059122336371508,-2.6983488159975666,-4.818488408698925,3.5023921374502973,13.324462890625,12.071944444444444,0,0,0,0,0,0,0,1,0
Jill,2012,2012-10-03 18:00:00,2.83917,-66.82067,wind,28.549280484167046,3.3860593944581012,166.502414670387,7.716666667,1,-0.3491668701171875,0.7099761962890625,-0.14311504364013672,296.705810546875,7640.921875,0.016358891502022743,-4.865966796875,0.228515625,-0.09993839263916016,291.797119140625,14833.03515625,0.01153084821999073,-6.481109619140625,1.0958251953125,-0.049887657165527344,282.80908203125,30931.56640625,0.007206818088889122,-0.7718635601042806,-1.357941951574464,-2.5782776372604537,4.871329619227084,13.896728515625,12.074444444444444,0,0,0,0,0,0,0,1,0
Jill,2012,2012-10-03 19:00:00,2.61717,-66.65033,wind,31.101589347395734,3.468905541290202,142.52835533703103,14.91888889,1,-1.142730712890625,-0.29791259765625,0.04858112335205078,296.666015625,7483.16015625,0.01651884615421295,-5.591552734375,-0.4584197998046875,0.2613868713378906,292.49951171875,14687.32421875,0.011664353311061859,-5.4936370849609375,1.0967254638671875,0.41654205322265625,283.528564453125,30817.34765625,0.0063497088849544525,-0.4587619526646974,-3.037898884218675,-4.212578125836544,5.610312887366399,13.137451171875,12.076666666666666,0,0,0,0,0,0,0,1,0
Jill,2012,2012-10-03 20:00:00,2.36017,-66.48267,wind,34.11090434882269,3.558511747434,146.90168979617766,17.49111111,1,-2.6973876953125,-1.4737548828125,0.13926982879638672,296.490234375,7434.08203125,0.016037514433264732,-6.9820098876953125,-0.3738250732421875,0.03761482238769531,292.634521484375,14642.41796875,0.011811702512204647,-6.2767333984375,0.8294525146484375,-0.11614322662353516,283.3291015625,30776.34375,0.006726216524839401,-0.23836628190058962,-3.4995505080739795,-4.122442595376296,6.992010244361748,13.1611328125,12.079166666666667,0,0,0,0,0,0,0,1,0
Jill,2012,2012-10-03 21:00:00,2.10933,-66.42333,wind,28.660819982053567,3.38982698238474,166.69909002987674,0.0,0,-2.3322296142578125,-1.857452392578125,-0.06023693084716797,296.308837890625,7448.53125,0.015965254977345467,-6.70404052734375,-1.0249481201171875,-0.1408090591430664,292.342529296875,14652.515625,0.012121642008423805,-6.902008056640625,-0.07049560546875,-0.06655216217041016,283.322265625,30780.5,0.006573625840246677,1.2710617822474122,-0.5449122676158218,-1.5193072404610508,6.78193763176861,12.986572265625,12.081666666666667,0,0,0,0,0,0,0,1,0
Bergen,2013,2013-09-23 14:00:00,38.3155,-76.23267,daylight,50.513308852581964,3.941840198605857,166.1598593703078,5.658888889,1,-0.328216552734375,-8.190048217773438,-0.053183555603027344,279.521240234375,7837.8203125,0.0059580267407000065,2.9308929443359375,-6.5850067138671875,0.16690444946289062,276.856201171875,14586.453125,0.004159704316407442,5.7137451171875,-5.451751708984375,0.04419517517089844,281.7119140625,30377.8671875,0.0005619956646114588,7.873752044728737,7.094933670047869,6.660277076857701,7.207804580649653,-2.190673828125,12.096388888888889,0,0,1,0,0,0,0,0,0
Bergen,2013,2013-09-23 15:00:00,37.84133,-76.36883,daylight,54.05545611303363,4.008340970210805,192.77903903814826,11.83222222,1,0.279327392578125,-7.5463409423828125,-0.04165935516357422,280.3583984375,7854.5,0.006098839454352856,2.1583404541015625,-6.7403717041015625,0.24786853790283203,277.576416015625,14623.61328125,0.004363345913589001,5.8160247802734375,-4.9745635986328125,0.047394752502441406,281.587158203125,30446.765625,0.0007392450352199376,7.297635730997319,6.096007915204616,3.5648887294015106,7.077502682815764,-1.228759765625,12.096111111111112,0,0,1,0,0,0,0,0,0
Bergen,2013,2013-09-23 16:00:00,37.40333,-76.4895,daylight,49.84942064005614,3.928868728920442,192.34653618733046,18.00555556,1,0.7257080078125,-5.9224090576171875,-0.04064750671386719,281.3798828125,7879.18359375,0.0062688738107681274,2.3051605224609375,-5.519500732421875,0.143096923828125,276.856201171875,14661.94140625,0.004938840866088867,5.8394927978515625,-4.964630126953125,-0.00797271728515625,281.489013671875,30497.14453125,0.0007673869840800762,5.6302632210805825,4.898948600426677,3.6011862697432147,5.9815260067576395,-0.109130859375,12.095833333333333,0,0,1,0,0,0,0,0,0
Bergen,2013,2013-09-23 17:00:00,36.97867,-76.60033,daylight,48.22978265237617,3.896498778817771,191.77842202680853,2.057777778,1,0.432342529296875,-5.6365966796875,-0.06602764129638672,282.166259765625,7869.4375,0.006520077586174011,2.2931671142578125,-5.570587158203125,0.0845479965209961,277.4482421875,14671.0,0.005256893113255501,6.2250823974609375,-5.360595703125,0.1289834976196289,281.546630859375,30530.515625,0.0007165117422118783,5.429661430366349,4.985196518752759,3.977014971715488,6.024122898899978,0.61962890625,12.095555555555556,0,0,1,0,0,0,0,0,0
Bergen,2013,2013-09-23 18:00:00,36.5045,-76.646,daylight,52.88210572380299,3.9867984325120296,184.4271122012209,22.12111111,1,0.45697021484375,-4.470947265625,-0.024072647094726562,283.68896484375,7865.46875,0.00649435818195343,0.9339447021484375,-4.6794891357421875,0.01591968536376953,278.036376953125,14697.48828125,0.00581620167940855,6.020233154296875,-5.619781494140625,0.1952228546142578,281.836669921875,30567.5078125,0.0006443746970035136,4.422333560815338,4.59343515956729,5.138307215894118,4.771778628373313,1.852294921875,12.095277777777778,0,0,1,0,0,0,0,0,0
Bergen,2013,2013-09-23 19:00:00,35.984,-76.579,daylight,58.188004572776634,4.080718895898793,174.05323696060623,19.54888889,1,0.4813385009765625,-4.8418731689453125,-0.04049491882324219,284.299560546875,7833.53125,0.006822291761636734,1.3087615966796875,-4.9680023193359375,0.04665660858154297,278.806396484375,14682.23828125,0.005905991420149803,5.5541839599609375,-5.4846038818359375,0.0570526123046875,282.1494140625,30574.7421875,0.0006349682807922363,4.865685824602215,5.076860852697192,6.030526586477493,5.137499777311024,2.150146484375,12.095,0,0,1,0,0,0,0,0,0
Bergen,2013,2013-09-23 20:00:00,35.5735,-76.53,daylight,45.859046400623754,3.847144082907237,174.45439713848225,13.89,1,0.88568115234375,-5.3114776611328125,0.0644063949584961,284.98291015625,7840.6015625,0.007082600146532059,1.678253173828125,-5.2773590087890625,0.16223812103271484,279.7744140625,14707.61328125,0.005911567248404026,4.777252197265625,-5.4226226806640625,-0.052145957946777344,282.09033203125,30617.63671875,0.0007071012514643371,5.372208243595851,5.414841837774455,5.858906616344881,5.537784017376558,2.892578125,12.094722222222222,0,0,1,0,0,0,0,0,0
Bergen,2013,2013-09-23 21:00:00,35.184,-76.608,daylight,43.88394153570667,3.8040800812375317,189.29590095023278,0.0,0,0.822784423828125,-5.4858245849609375,0.08292198181152344,285.213134765625,7843.0234375,0.007234659045934677,2.89654541015625,-5.3173828125,0.17168426513671875,280.53515625,14716.73828125,0.005536775570362806,4.2562255859375,-5.1334991455078125,-0.020842552185058594,281.9658203125,30646.23046875,0.0007852885173633695,5.280873744447031,4.779662783553507,4.378560494333498,6.05512471281704,3.247314453125,12.094722222222222,0,0,1,0,0,0,0,0,0
Bergen,2013,2013-09-23 22:00:00,35.01333,-76.63617,daylight,19.149897911916213,3.0031992219737145,187.69892489457425,19.03444444,1,0.5565032958984375,-4.92230224609375,-0.05342864990234375,285.521728515625,7870.3984375,0.007241874933242798,3.947509765625,-4.7177734375,0.12896728515625,281.189697265625,14758.80859375,0.005414429120719433,3.71826171875,-5.6013641357421875,0.1229095458984375,281.668701171875,30708.1640625,0.0009220122592523694,4.803377798633614,4.146407705306844,5.052745272457498,6.1514404457236935,3.85302734375,12.094444444444445,0,0,1,0,0,0,0,0,0
Bergen,2013,2013-09-24 16:00:00,34.757,-76.63033,daylight,16.01830654509231,2.8342896202568078,175.8005363757569,22.63555556,1,-0.7306976318359375,-5.30426025390625,0.1790475845336914,284.02978515625,8011.90234375,0.006323746405541897,1.0054931640625,-6.08990478515625,0.08792495727539062,285.302734375,14920.33984375,0.002689716871827841,4.8702239990234375,-2.26898193359375,0.028661727905273438,280.86865234375,30822.29296875,0.0010148625588044524,5.23651102354151,6.147185501143889,2.619531041503376,6.172354234426716,3.1611328125,12.058333333333334,0,0,1,0,0,0,0,0,0
Bergen,2013,2013-09-24 17:00:00,34.34217,-76.60383,daylight,46.19079455809976,3.854198843021845,176.98062974189043,10.28888889,1,-1.853668212890625,-5.5428924560546875,0.35727787017822266,284.503662109375,7957.9140625,0.007039779797196388,1.5883331298828125,-5.102294921875,0.14022445678710938,286.610107421875,14887.30078125,0.0019229752942919731,5.9883880615234375,-1.459808349609375,0.07991790771484375,281.22314453125,30821.03125,0.0008598951972089708,5.437558412718046,5.178875003438153,1.7732115666698482,5.343801605718044,3.280517578125,12.05888888888889,0,0,1,0,0,0,0,0,0
Bergen,2013,2013-09-24 18:00:00,33.97267,-76.72033,daylight,42.46187777799256,3.7718841809356722,194.6553829288981,11.31777778,1,-3.001800537109375,-4.864410400390625,0.3038454055786133,285.1044921875,7893.44140625,0.0073472121730446815,1.167633056640625,-4.2942047119140625,0.11962127685546875,287.315673828125,14839.31640625,0.0018229411216452718,8.093338012695312,-1.831146240234375,0.02937602996826172,281.59130859375,30788.76171875,0.0006984838983044028,5.465616592286468,3.8590764552924406,-0.2760820710943639,4.4501192189406416,3.51318359375,12.059166666666666,0,0,1,0,0,0,0,0,0
Bergen,2013,2013-09-24 19:00:00,33.49433,-76.90817,daylight,55.95341659637297,4.042233681006295,198.13790141379982,20.06333333,1,-4.23870849609375,-4.5343780517578125,0.19892406463623047,286.1845703125,7828.546875,0.008116773329675198,3.080810546875,-3.6954193115234375,0.1208639144897461,288.82421875,14807.91796875,0.0017661352176219225,8.307037353515625,-2.14093017578125,0.08599281311035156,282.2294921875,30791.92578125,0.0007454065489582717,5.628596558865476,2.552721828276359,-0.5514759835400702,4.8111867053479225,3.955078125,12.059722222222222,0,0,1,0,0,0,0,0,0
Bergen,2013,2013-09-24 20:00:00,33.10117,-77.09683,daylight,47.102556492270246,3.8733353252267775,201.9064355642131,21.60666667,1,-4.1691741943359375,-2.238189697265625,-0.131439208984375,287.179931640625,7832.75390625,0.008897082880139351,2.5988006591796875,-4.765838623046875,-0.22505760192871094,287.22509765625,14798.33203125,0.0030928009655326605,6.080902099609375,-1.509918212890625,-0.01116180419921875,282.744873046875,30789.44140625,0.0007650094339624047,3.6320652866437797,3.4521264373433187,-0.8678423125356771,5.428349900943942,4.43505859375,12.06,0,0,1,0,0,0,0,0,0
Bergen,2013,2013-09-24 21:00:00,32.73017,-77.2065,daylight,42.50452252676211,3.7728648988229967,193.96643277325083,13.37555556,1,-3.896575927734375,-1.1385345458984375,0.2271413803100586,287.843994140625,7824.48828125,0.009083645418286324,2.3257904052734375,-4.2189788818359375,0.3287334442138672,287.48876953125,14801.53125,0.004061160143464804,5.9359283447265625,-0.3735504150390625,0.06756019592285156,282.666015625,30798.546875,0.0009352414635941386,2.0453282220132136,3.5329170228361004,-1.070149223124232,4.81758070141431,5.177978515625,12.060277777777777,0,0,1,0,0,0,0,0,0
Bergen,2013,2013-09-24 22:00:00,32.41383,-77.41017,daylight,40.019314686209796,3.71404304568385,208.5377103093868,13.89,1,-4.7734832763671875,-1.307464599609375,0.008555412292480469,288.567138671875,7830.18359375,0.010021685622632504,2.5909881591796875,-2.7547454833984375,0.11935710906982422,288.46044921875,14845.71875,0.005955525208264589,6.4402313232421875,0.968170166015625,0.2258291244506836,281.916015625,30830.41796875,0.004780787508934736,3.429081305069209,1.182240732543767,-3.927277494485182,3.781777666562834,6.651123046875,12.060555555555556,0,0,1,0,0,0,0,0,0
Bergen,2013,2013-09-25 20:00:00,31.26783,-81.4445,daylight,18.32021688021038,2.9611520544051317,217.9351732807089,6.687777778,1,-3.780364990234375,-3.3373260498046875,0.06750106811523438,292.584716796875,7355.6484375,0.014588466845452785,0.8037567138671875,-2.1973724365234375,0.07785987854003906,289.58544921875,14480.18359375,0.013550281524658203,8.39837646484375,-3.178466796875,-0.11717605590820312,281.438232421875,30500.96875,0.0071662855334579945,4.9562249343001845,1.2389575461912499,-2.6561871755688875,2.3397586370990338,11.146484375,12.03,0,0,1,0,0,0,0,0,0
Bergen,2013,2013-09-26 16:00:00,31.05983,-81.5575,daylight,12.051321946005432,2.5688894271828286,202.4574426716953,0.0,0,0.4449310302734375,-5.806854248046875,0.048270225524902344,291.10302734375,7571.92578125,0.013864189386367798,1.5886383056640625,-3.3917083740234375,-0.07151985168457031,288.457275390625,14658.83984375,0.012420879676938057,5.268890380859375,-1.5184326171875,0.039275169372558594,280.51025390625,30596.53125,0.006096262484788895,5.196520508059208,2.527637928124877,-0.6094208161525745,3.7453247336704854,10.5927734375,11.999166666666667,0,0,1,0,0,0,0,0,0
Bergen,2013,2013-09-26 17:00:00,30.932,-81.56417,daylight,14.228258479249902,2.7231528123222093,182.5627234998602,0.0,0,0.2060089111328125,-6.5863189697265625,0.07191276550292969,290.771728515625,7557.1015625,0.013526220805943012,2.190521240234375,-5.0391693115234375,-0.06125164031982422,288.25,14641.3515625,0.012091616168618202,5.0625152587890625,-1.572967529296875,-0.005211830139160156,280.777587890625,30569.3828125,0.005412948317825794,6.5705205170204035,4.936184607101887,1.3450338582932837,5.494689313702599,9.994140625,11.999444444444444,0,0,1,0,0,0,0,0,0
Bergen,2013,2013-09-26 18:00:00,30.80417,-81.57033,daylight,14.22620169759963,2.7230177397159996,182.37015981326095,20.06333333,1,0.674835205078125,-6.901214599609375,-0.06512069702148438,291.14453125,7552.95703125,0.013611705042421818,2.1593475341796875,-5.6616973876953125,-0.15625572204589844,288.085693359375,14638.8671875,0.012402002699673176,5.4475555419921875,-2.575653076171875,0.03540992736816406,281.10302734375,30564.87890625,0.004468793515115976,6.867402627724961,5.567553372132411,2.3481643461724278,6.05950485462334,10.04150390625,12.0,0,0,1,0,0,0,0,0,0
Bergen,2013,2013-09-26 19:00:00,30.5235,-81.56367,daylight,31.21558036148046,3.4724501976845943,178.82899754204118,15.43333333,1,1.107269287109375,-7.3212738037109375,-0.0740976333618164,291.2177734375,7530.4921875,0.013788089156150818,2.5990753173828125,-6.1798095703125,-0.020275115966796875,288.10302734375,14616.1171875,0.012469111010432243,5.5780487060546875,-3.7586517333984375,0.08530426025390625,281.340576171875,30548.62109375,0.004520055837929249,7.342373414667833,6.231634754001197,3.871862133267383,6.704121033420752,9.877197265625,12.001111111111111,0,0,1,0,0,0,0,0,0
Bergen,2013,2013-09-26 20:00:00,30.17617,-81.55617,daylight,38.62803846595087,3.6795369097863717,178.93057330895874,6.173333333,1,0.93035888671875,-8.547592163085938,0.09395790100097656,291.631103515625,7516.05859375,0.013813983649015427,3.147613525390625,-6.7150421142578125,0.1869974136352539,288.4287109375,14610.44921875,0.01212991215288639,6.3477020263671875,-4.2466278076171875,0.10670661926269531,281.692626953125,30558.14453125,0.003973839338868856,8.563467445075718,6.772619293784625,4.364361189046423,7.4161486973683335,9.9384765625,12.002222222222223,0,0,1,0,0,0,0,0,0
Bergen,2013,2013-09-26 21:00:00,30.03483,-81.55783,daylight,15.717102136399022,2.8164322754343782,180.5825446806327,15.43333333,1,0.6125030517578125,-9.418228149414062,0.04956626892089844,291.967041015625,7516.16796875,0.013674474321305752,3.3762054443359375,-7.0707855224609375,0.07473182678222656,288.5478515625,14615.64453125,0.0116096967831254,7.141082763671875,-5.2509613037109375,0.1000509262084961,282.18115234375,30569.8359375,0.0033112734090536833,9.41151394262577,7.036093677430068,5.1780854563426555,7.835481549145963,9.785888671875,12.002777777777778,0,0,1,0,0,0,0,0,0
Bergen,2013,2013-09-27 14:00:00,29.7695,-81.49817,daylight,19.465337678060116,3.0187326100799274,169.5726518295279,11.83222222,1,-6.1637420654296875,-6.014129638671875,-0.19777393341064453,291.21484375,7852.94140625,0.012807603925466537,-4.1504364013671875,-4.0534210205078125,-0.024765968322753906,287.86181640625,14931.38671875,0.011429945938289165,-0.2119140625,-2.92022705078125,0.04009056091308594,280.78271484375,30817.828125,0.0023783657234162092,4.799240416289273,3.23529789113458,2.833646038829238,5.801408819527237,10.43212890625,11.973888888888888,0,0,1,0,0,0,0,0,0
Bergen,2013,2013-09-27 15:00:00,29.46983,-81.42533,daylight,34.057559918475135,3.5569912797657537,168.05063209382206,10.80333333,1,-5.59423828125,-5.7507781982421875,-0.08154106140136719,291.219482421875,7890.0390625,0.01316368579864502,-4.0749359130859375,-4.11212158203125,-0.052681922912597656,287.947021484375,14969.44921875,0.011269751936197281,-0.6767578125,-1.86663818359375,0.04109382629394531,280.728271484375,30866.0546875,0.0027424406725913286,4.467892790047852,3.1793116441237625,1.6860690805095093,5.78918358675597,10.4912109375,11.975277777777778,0,0,1,0,0,0,0,0,0
Bergen,2013,2013-09-27 16:00:00,29.2255,-81.36383,daylight,27.814488549659234,3.3608783352832226,167.61002607423222,20.06333333,1,-3.2667388916015625,-5.8550262451171875,-0.27178192138671875,291.335693359375,7882.34765625,0.013660095632076263,-4.4548797607421875,-4.8113861083984375,-0.07712841033935547,288.05322265625,14962.52734375,0.010996516793966293,-1.333831787109375,-1.9372100830078125,0.07858657836914062,280.1474609375,30873.171875,0.004840767942368984,5.017735815207769,3.743469470766198,1.6058993081900583,6.55708700314094,11.188232421875,11.97638888888889,0,0,1,0,0,0,0,0,0
Bergen,2013,2013-09-27 17:00:00,28.93033,-81.33133,daylight,32.973016712210864,3.525566583416795,174.49554875846582,0.0,0,-3.106597900390625,-5.5206146240234375,-0.7047691345214844,292.373291015625,7830.8046875,0.012935739010572433,-4.26861572265625,-4.67388916015625,-0.43900394439697266,288.770263671875,14933.296875,0.010521572083234787,-1.216827392578125,-2.7025299072265625,-0.05087757110595703,279.92333984375,30855.875,0.007182027213275433,5.1971632360806215,4.242877903206263,2.573346028636901,6.329796210711229,12.449951171875,11.977777777777778,0,0,1,0,0,0,0,0,0
Bergen,2013,2013-09-27 20:00:00,28.734,-81.428,daylight,11.17289243635925,2.499211548140925,212.9519484237265,15.43333333,1,-5.1912994384765625,-6.035888671875,-0.09290695190429688,292.361572265625,7755.234375,0.013633936643600464,-4.4970245361328125,-5.3332366943359375,-0.025528907775878906,288.49853515625,14855.96875,0.01117345318198204,0.0316925048828125,-1.3526458740234375,0.036515235900878906,280.822265625,30782.42578125,0.004209904931485653,7.888609369653247,6.921354340179079,1.1178030489911088,6.976148171906318,11.539306640625,11.97861111111111,0,0,1,0,0,0,0,0,0
Bergen,2013,2013-09-27 21:00:00,28.504,-81.53467,daylight,27.613074364678337,3.3538637589847067,202.1777670774464,8.231111111,1,-6.4028167724609375,-6.366241455078125,0.0853281021118164,292.697021484375,7730.66796875,0.0136316679418087,-5.167022705078125,-5.378814697265625,0.3222951889038086,288.704833984375,14835.8046875,0.011135321110486984,0.6618194580078125,-1.542327880859375,0.06705093383789062,280.784912109375,30773.18359375,0.004238271154463291,8.312193438975976,6.931329964509969,1.1783974479091117,7.458536799018529,11.912109375,11.979722222222222,0,0,1,0,0,0,0,0,0
Bergen,2013,2013-09-28 15:00:00,28.27933,-81.60167,daylight,21.92824881768725,3.1323697231591394,192.55302328639382,21.09222222,1,-5.71893310546875,-0.4263916015625,-0.10377788543701172,292.53125,8063.98828125,0.012760751880705357,-2.18701171875,-0.5737762451171875,-0.11068439483642578,288.001953125,15155.73828125,0.009700152091681957,-6.1599273681640625,1.304931640625,0.08322715759277344,279.61376953125,31042.01171875,0.0060964589938521385,1.6591690010547038,1.0353920121077251,0.0650795632536274,2.261026191226145,12.91748046875,11.952777777777778,0,0,1,0,0,0,0,0,0
Bergen,2013,2013-09-28 16:00:00,27.92283,-81.61033,daylight,39.65009115488771,3.7050010784239675,181.22959725389185,18.00555556,1,-6.17181396484375,-1.324127197265625,0.008810997009277344,292.466552734375,8046.52734375,0.012782225385308266,-2.9141082763671875,-1.2359466552734375,-0.010422706604003906,288.076904296875,15139.98828125,0.009684894233942032,-5.3433380126953125,2.1565093994140625,-0.004016876220703125,279.88720703125,31033.59765625,0.005678367335349321,1.4562624668945068,1.2981955364406033,-2.041350810585377,3.165373782205403,12.579345703125,11.955,0,0,1,0,0,0,0,0,0
Bergen,2013,2013-09-28 17:00:00,27.5175,-81.68367,daylight,45.645123557844876,3.842568389307366,189.11699708983193,15.94777778,1,-5.589019775390625,-2.583709716796875,-0.007639884948730469,293.312744140625,7994.484375,0.014326080679893494,-2.6381378173828125,-1.4298095703125,-0.027352333068847656,288.91259765625,15105.27734375,0.00902610458433628,-4.176116943359375,1.769012451171875,-0.10020256042480469,279.874755859375,31013.734375,0.0054205614142119884,3.436654981413719,1.8297620912942043,-1.0849544130698263,3.000687679659875,13.43798828125,11.957222222222223,0,0,1,0,0,0,0,0,0
Bergen,2013,2013-09-28 18:00:00,27.1515,-81.693,daylight,40.7077768476479,3.7306876065641292,181.29940909659575,13.89,1,-4.8354339599609375,-2.94921875,-0.10692501068115234,293.802001953125,7959.265625,0.014691075310111046,-2.924468994140625,-1.7804412841796875,0.01409912109375,289.462890625,15080.2265625,0.008738282136619091,-4.127166748046875,0.8720703125,-0.112274169921875,279.568115234375,30993.546875,0.005036267451941967,3.058113585690599,1.8463016823733807,-0.7782541983947086,3.4238122121549384,14.23388671875,11.959444444444445,0,0,1,0,0,0,0,0,0
Bergen,2013,2013-09-28 19:00:00,26.74,-81.548,daylight,47.96096506281057,3.8910233492600224,162.52882994815843,10.28888889,1,-4.288604736328125,-2.2091522216796875,-0.5209207534790039,294.462890625,7871.609375,0.014548728242516518,-2.9793243408203125,-2.1861724853515625,-0.6176443099975586,289.728759765625,15008.2421875,0.00914987176656723,-3.0195465087890625,-0.5400543212890625,-0.22596073150634766,279.504150390625,30934.52734375,0.004172927234321833,0.8196898182539198,1.1908500290671802,-0.39140537515548723,3.695365159698378,14.958740234375,11.961666666666666,0,0,1,0,0,0,0,0,0
Bergen,2013,2013-09-28 20:00:00,26.35283,-81.43317,daylight,44.5408502201758,3.8186097302060635,165.1149745183577,18.00555556,1,-2.627197265625,-1.4201812744140625,-0.39893245697021484,294.903076171875,7811.80859375,0.014105360023677349,-3.16021728515625,-2.089202880859375,-0.08057403564453125,289.678466796875,14953.5546875,0.010750613175332546,-2.503936767578125,-2.118072509765625,0.48526668548583984,279.446044921875,30879.79296875,0.005272987764328718,0.6976496002559862,1.2072987168056861,1.4037850568609107,3.78836930179615,15.45703125,11.963888888888889,0,0,1,0,0,0,0,0,0
Bergen,2013,2013-09-28 21:00:00,25.906,-81.322,daylight,50.90963738571026,3.9495044643728257,167.3840021133866,22.63555556,1,-2.7730560302734375,-1.1470794677734375,-0.7354049682617188,294.2236328125,7774.5,0.013836618512868881,-1.421722412109375,-1.50262451171875,-0.9426155090332031,289.67333984375,14907.5078125,0.010567515157163143,-3.2764892578125,-3.61737060546875,-0.18241310119628906,280.300537109375,30867.01171875,0.006527549587190151,0.5137051274555335,1.1558183369673887,2.814395365558866,2.0686166972912385,13.923095703125,11.966388888888888,0,0,1,0,0,0,0,0,0
Bergen,2013,2013-09-28 22:00:00,25.562,-81.1365,daylight,42.52518205793724,3.773339668481513,154.05096921173015,10.80333333,1,-1.061309814453125,-0.841796875,-0.9087419509887695,294.763671875,7770.30078125,0.013716897927224636,-1.2309112548828125,-2.1419219970703125,-0.6346597671508789,289.313232421875,14910.94921875,0.011556414887309074,-1.2184295654296875,-2.2789306640625,-0.03700828552246094,280.2568359375,30852.796875,0.0036248303949832916,0.2925311460426007,1.3873696641950595,1.5160272490554934,2.470419470237971,14.5068359375,11.968333333333334,0,0,1,0,0,0,0,0,0
Bergen,2013,2013-09-29 15:00:00,25.431,-81.00117,daylight,17.39946523547099,2.9123216009029744,134.38290615243568,0.0,0,-3.0154876708984375,0.66357421875,-0.0026922225952148438,293.103515625,7964.76953125,0.013492387719452381,1.4142303466796875,2.004425048828125,-0.06072711944580078,288.8798828125,15073.78515625,0.00944555178284645,0.2429962158203125,1.38555908203125,0.018018722534179688,279.710205078125,31011.90625,0.005536181852221489,-2.6192500019186102,-0.3912712953531383,-0.7954646360303774,2.4531137865658375,13.393310546875,11.944444444444445,0,0,1,0,0,0,0,0,0
Bergen,2013,2013-09-30 17:00:00,25.32633,-80.79483,daylight,13.179425005945639,2.651791970630598,105.80709061742351,13.89,1,-1.3298187255859375,1.4585418701171875,-0.15850067138671875,294.118896484375,7930.40234375,0.013733464293181896,-1.145904541015625,0.561187744140625,-0.06482887268066406,289.774169921875,15060.9921875,0.009273556992411613,1.0766754150390625,3.5868072509765625,-0.08709239959716797,280.95263671875,31028.11328125,0.004375009797513485,-1.6768365058694494,-1.2554385095321527,0.05891629997473513,1.2759423581392202,13.166259765625,11.920555555555556,0,0,1,0,0,0,0,0,0
Bergen,2013,2013-09-30 18:00:00,25.30567,-80.54333,daylight,25.383967637515013,3.2727565392213958,95.13867755741927,10.80333333,1,-1.233489990234375,1.0151519775390625,-0.12010955810546875,293.82275390625,7891.60546875,0.013869982212781906,-0.933502197265625,0.0298919677734375,-0.04494190216064453,289.82470703125,15026.80859375,0.010114762000739574,1.5609893798828125,3.3607330322265625,-0.1254873275756836,280.889404296875,30991.02734375,0.004237279761582613,-1.3194561513990517,-0.9324276170888968,1.2537058833000552,0.9339806647019616,12.933349609375,11.920833333333333,0,0,1,0,0,0,0,0,0
Bergen,2013,2013-09-30 19:00:00,25.26283,-80.449,daylight,10.613258492927095,2.45214741894357,116.64874381605307,0.0,0,-1.685272216796875,0.79180908203125,-0.10644340515136719,293.951904296875,7847.12890625,0.013749507255852222,-1.3328399658203125,-0.073577880859375,-0.002712249755859375,289.92578125,14985.96875,0.010122607462108135,1.5711669921875,2.895233154296875,-0.08654212951660156,280.645263671875,30950.71484375,0.004506691358983517,-1.861392690065567,-1.1582552339964007,0.10569774521750097,1.3348693115955765,13.306640625,11.921111111111111,0,0,1,0,0,0,0,0,0
Bergen,2013,2013-10-04 17:00:00,25.09867,-80.46967,daylight,19.022973425958984,2.996880285633833,189.6507166944314,10.28888889,1,-3.2404937744140625,0.15802001953125,0.18518733978271484,294.148681640625,8165.359375,0.012582593597471714,-0.2159423828125,-0.823760986328125,0.03875732421875,290.040771484375,15306.3125,0.00941772572696209,1.1965484619140625,-4.3436737060546875,0.063720703125,282.133544921875,31331.92578125,0.0068937730975449085,0.38745737784453066,0.8483040428901678,4.0816110434011,0.851594548650369,12.01513671875,11.825833333333334,0,0,1,0,0,0,0,0,0
Bergen,2013,2013-10-04 18:00:00,24.84067,-80.675,daylight,35.37524373108553,3.593888425980151,215.8525378521856,16.46222222,1,-3.38165283203125,0.4701080322265625,0.2063579559326172,294.832275390625,8100.8125,0.011974404565989971,-0.9304046630859375,-1.0069122314453125,0.13385868072509766,290.272216796875,15250.96875,0.009805873036384583,0.631500244140625,-3.8024444580078125,0.1744823455810547,282.33642578125,31296.25,0.007005000952631235,1.599602623356041,1.3610687196568967,2.7121138514869645,1.370957723245409,12.495849609375,11.828888888888889,0,0,1,0,0,0,0,0,0
Bergen,2013,2013-10-04 19:00:00,24.5065,-80.702,daylight,37.25802491679863,3.644353340013606,184.2047904088705,10.80333333,1,-3.7423248291015625,0.220245361328125,0.10686969757080078,295.249267578125,8039.359375,0.012280448339879513,-1.6898193359375,-1.06085205078125,0.060667991638183594,290.537109375,15198.4765625,0.009977078065276146,0.44580078125,-3.6377716064453125,0.11946964263916016,282.6240234375,31262.8984375,0.007285316940397024,0.05474063414536595,1.181896833680417,3.595293182011738,1.9952183995129549,12.625244140625,11.833055555555555,0,0,1,0,0,0,0,0,0
Bergen,2013,2013-10-04 20:00:00,24.15417,-80.66267,daylight,39.37944534990133,3.698320877027634,174.18407580500616,13.37555556,1,-4.4224395751953125,-0.2780914306640625,0.02950572967529297,295.352783203125,7981.4375,0.012797663919627666,-2.3924102783203125,-0.97674560546875,-0.06047344207763672,290.8095703125,15147.65625,0.01008124090731144,0.00921630859375,-3.7993316650390625,-0.0679931640625,282.622314453125,31216.1796875,0.007724246010184288,-0.1714782071117485,0.7292882568722139,3.7807088382799305,2.5841166609917576,12.73046875,11.837222222222222,0,0,1,0,0,0,0,0,0
Bergen,2013,2013-10-04 21:00:00,23.81183,-80.7075,daylight,38.337966165104554,3.6721901127201715,186.83190568758116,11.83222222,1,-6.0109405517578125,-0.7444000244140625,-0.0019989013671875,295.35791015625,7976.6015625,0.014402617700397968,-3.5991973876953125,-0.7892303466796875,-0.055916786193847656,291.2705078125,15151.12109375,0.010624730959534645,-0.1637725830078125,-3.599334716796875,-0.06842231750488281,282.455810546875,31224.1328125,0.008223017677664757,1.454157158352635,1.2117756882302448,3.593259229455923,3.684712522804581,12.902099609375,11.841388888888888,0,0,1,0,0,0,0,0,0
Bergen,2013,2013-10-04 22:00:00,23.47083,-80.7005,daylight,37.92417372484986,3.661615490130593,178.9212728798541,10.80333333,1,-6.6378173828125,-0.90911865234375,-0.04433250427246094,295.147216796875,7945.42578125,0.015081966295838356,-5.4864044189453125,-0.7244415283203125,-0.13666725158691406,290.9736328125,15118.6640625,0.011347955092787743,-1.6988372802734375,-3.76214599609375,-0.07310962677001953,282.191162109375,31166.59375,0.008103221654891968,0.7839924684702123,0.621024837262188,3.7294965367461637,5.534026470498468,12.9560546875,11.845277777777778,0,0,1,0,0,0,0,0,0
Bergen,2013,2013-10-05 16:00:00,22.91383,-80.675,daylight,22.275751518436316,3.147412111296485,176.70520597860445,12.86111111,1,-5.5965728759765625,-0.900970458984375,-0.09933853149414062,294.84130859375,8044.88671875,0.014925537630915642,-2.169586181640625,0.38214111328125,-0.142181396484375,290.837890625,15210.1171875,0.010143272578716278,-0.4053955078125,-4.4908905029296875,-0.02544689178466797,283.123291015625,31245.27734375,0.0032725392375141382,0.5778275924495466,-0.5062027624260615,4.460167829247307,2.2029834384365627,11.718017578125,11.830277777777777,0,0,1,0,0,0,0,0,0
Bergen,2013,2013-10-05 17:00:00,22.60933,-80.693,daylight,33.90912024554918,3.5527481201562976,183.12357497858122,13.89,1,-4.481719970703125,-1.6728973388671875,-0.1397867202758789,295.685791015625,7998.265625,0.014614325948059559,-2.1800079345703125,-0.529541015625,-0.21111679077148438,291.301513671875,15171.74609375,0.010514936409890652,-0.370635986328125,-1.6217498779296875,0.0437774658203125,282.54296875,31232.60546875,0.006166540086269379,1.9146194030584955,0.6475422018392969,1.6395363316318337,2.243401052424349,13.142822265625,11.834166666666667,0,0,1,0,0,0,0,0,0
Bergen,2013,2013-10-05 22:00:00,21.81,-79.82317,daylight,23.15434169898143,3.1844641444361304,112.75457471143324,8.231111111,1,-5.54522705078125,-2.1575775146484375,-0.16835880279541016,295.927734375,7796.9609375,0.014513288624584675,-4.3154144287109375,-1.061370849609375,-0.3067607879638672,290.925537109375,14973.50390625,0.012145772576332092,1.20635986328125,-2.4619598388671875,-0.15424633026123047,282.098388671875,31030.71484375,0.008152879774570465,-4.279124801459651,-3.5690242304308573,2.064717119242186,4.444019551253918,13.829345703125,11.844444444444445,0,0,1,0,0,0,0,0,0
Bergen,2013,2013-10-06 17:00:00,21.68833,-79.43917,daylight,24.37657477663376,3.2338264955992058,106.25021922598057,11.83222222,1,-2.2821502685546875,0.991058349609375,-0.01865100860595703,295.6826171875,7899.19140625,0.013205766677856445,-1.0962066650390625,1.1320037841796875,-0.10049724578857422,291.892578125,15066.9765625,0.008420569822192192,1.312347412109375,-1.7061614990234375,-0.2852773666381836,282.131103515625,31110.390625,0.004936089739203453,-2.4683061108580957,-1.3691835365051992,1.737357294164803,1.575786032389295,13.551513671875,11.825555555555555,0,0,1,0,0,0,0,0,0
Bergen,2013,2013-10-06 18:00:00,21.70717,-79.11317,daylight,33.74624101868472,3.548071394035594,86.38062894900861,18.00555556,1,-2.069549560546875,0.126251220703125,-0.306915283203125,295.920166015625,7836.04296875,0.013808690011501312,-1.5199127197265625,0.3376007080078125,-0.30531978607177734,291.287841796875,15008.046875,0.010381878353655338,0.8975830078125,-0.1060638427734375,-0.1978130340576172,281.216796875,31039.48046875,0.006275762338191271,-2.057451746058282,-1.4955691302431218,0.8890971353801934,1.5569550133622911,14.703369140625,11.825277777777778,0,0,1,0,0,0,0,0,0
Bergen,2013,2013-10-06 19:00:00,21.74483,-78.77783,daylight,34.89153138192518,3.5805013730128183,83.0448314227267,5.658888889,1,-1.3661041259765625,-0.357421875,-0.3348884582519531,295.985595703125,7790.75390625,0.01498941145837307,-1.942291259765625,0.222503662109375,-0.27867889404296875,291.04052734375,14966.6640625,0.01174317765980959,1.4338836669921875,0.819915771484375,-0.053084373474121094,281.0615234375,30991.80859375,0.006938803009688854,-1.3993324196647234,-1.901054771593298,1.522617811534108,1.954994428998206,14.924072265625,11.824722222222222,0,0,1,0,0,0,0,0,0
Bergen,2013,2013-10-06 20:00:00,21.74517,-78.46983,daylight,31.811028884628385,3.4907647053544912,89.87485268412559,6.687777778,1,-0.44891357421875,-0.4129638671875,-0.8008632659912109,296.20361328125,7681.046875,0.014962451532483101,-0.9329071044921875,1.1643524169921875,-0.7344093322753906,291.031494140625,14862.70703125,0.012680203653872013,2.14349365234375,0.850921630859375,-0.31804847717285156,281.070068359375,30891.09765625,0.007299034856259823,-0.44981451183482757,-0.9303616644873156,2.145347148561921,1.4919893486776459,15.133544921875,11.825,0,0,1,0,0,0,0,0,0
Bergen,2013,2013-10-06 21:00:00,21.53383,-78.10583,daylight,44.35862222484177,3.814600284726307,121.92277611640856,9.26,1,-0.97015380859375,-1.8262939453125,-0.3814697265625,295.90185546875,7746.53515625,0.014941073954105377,0.4255523681640625,0.7786102294921875,-0.7394723892211914,290.489990234375,14926.890625,0.014205580577254295,2.582122802734375,0.2224273681640625,-0.16233158111572266,281.65576171875,30959.94140625,0.006529912352561951,0.14227073891048136,-0.05051773681542915,2.0739923657026162,0.8873154498372711,14.24609375,11.827777777777778,0,0,1,0,0,0,0,0,0
Bergen,2013,2013-10-07 15:00:00,21.449,-77.79467,daylight,21.771187385942156,3.1254960256612416,109.61058617624423,15.43333333,1,1.994293212890625,0.7003173828125,-0.054327964782714844,295.19580078125,7928.94140625,0.013341416604816914,2.7954254150390625,0.8790130615234375,-0.02424144744873047,291.480712890625,15104.05859375,0.010174455121159554,3.4765777587890625,-2.0082244873046875,0.016178131103515625,282.112548828125,31171.85546875,0.00656089698895812,1.6435706901931413,2.338258737127954,3.9489320489031834,2.930369808296407,13.083251953125,11.80888888888889,0,0,1,0,0,0,0,0,0
Bergen,2013,2013-10-07 16:00:00,21.39033,-77.49467,daylight,31.732270295727194,3.4883614504743483,101.80917297767428,18.00555556,1,1.401519775390625,0.47039794921875,-0.09880828857421875,295.270263671875,7916.7890625,0.015061527490615845,2.841278076171875,0.5605621337890625,-0.09809017181396484,291.5859375,15091.3984375,0.01029559038579464,3.3890228271484375,-1.431884765625,-0.023977279663085938,282.15283203125,31161.87890625,0.006563518196344376,1.2755878593732786,2.6664208029762095,3.6103321035318783,2.8960474809597128,13.117431640625,11.809722222222222,0,0,1,0,0,0,0,0,0
Bergen,2013,2013-10-07 17:00:00,21.17417,-77.18817,daylight,39.82751826302882,3.709356321290413,127.0652241198132,19.03444444,1,1.250885009765625,0.1439666748046875,-0.176116943359375,295.826171875,7882.94921875,0.015163753181695938,2.465118408203125,0.190032958984375,-0.21578121185302734,291.56494140625,15059.18359375,0.010918834246695042,3.1623077392578125,-1.189849853515625,-0.058920860290527344,282.199951171875,31127.734375,0.006651252508163452,0.91137143143598,1.8525036067581584,3.240513949573467,2.4724322623607438,13.626220703125,11.813055555555556,0,0,1,0,0,0,0,0,0
Bergen,2013,2013-10-07 18:00:00,20.92,-76.94283,daylight,38.0394844850407,3.6645735566687914,137.9413658412957,19.03444444,1,2.230133056640625,-0.3992156982421875,-0.13233661651611328,296.25341796875,7819.46875,0.015596072189509869,2.6062164306640625,-0.1341705322265625,-0.1523723602294922,291.657958984375,15003.73828125,0.01148578803986311,3.2717132568359375,-0.6485595703125,-0.029610633850097656,282.240478515625,31078.26171875,0.006687493063509464,1.79034708575023,1.84549651498848,2.6732198078986227,2.6096677595397626,14.012939453125,11.816666666666666,0,0,1,0,0,0,0,0,0
Bergen,2013,2013-10-07 19:00:00,20.862,-76.84617,daylight,11.934227630218672,2.5598771022369897,122.69390973963368,20.06333333,1,2.9947509765625,-0.7039337158203125,-0.14464282989501953,297.249267578125,7796.109375,0.014752108603715897,2.3532257080078125,0.1644287109375,-0.15388774871826172,291.25,14991.86328125,0.01232172828167677,3.6801910400390625,-0.1584014892578125,-0.059912681579589844,282.246337890625,31064.9921875,0.0063615706749260426,2.900517603334657,1.8915836171005875,3.1826924589719354,2.3589633388014826,15.0029296875,11.8175,0,0,1,0,0,0,0,0,0
Bergen,2013,2013-10-07 20:00:00,20.73317,-76.507,daylight,38.055705138622415,3.6649889639145674,112.05232821168704,19.03444444,1,2.9474334716796875,-1.5351409912109375,-0.5348072052001953,297.755615234375,7708.359375,0.01465216651558876,3.0942230224609375,0.3665771484375,-0.3887290954589844,291.236328125,14914.171875,0.01328454352915287,4.42279052734375,-0.3871917724609375,0.06992530822753906,282.294921875,30980.3828125,0.006319375243037939,3.308176837422772,2.7302212362402867,4.244597501395301,3.1158618259614577,15.460693359375,11.819444444444445,0,0,1,0,0,0,0,0,0
Bergen,2013,2013-10-07 21:00:00,20.62,-76.18583,daylight,35.70333308927883,3.6028675708080073,110.58097739949977,17.49111111,1,2.1019287109375,-0.6788787841796875,-0.7486963272094727,297.5703125,7766.68359375,0.014219757169485092,1.8325958251953125,-1.64410400390625,-0.4600963592529297,291.1953125,14974.4375,0.013712849467992783,3.4610137939453125,-0.1731414794921875,0.5505437850952148,282.05078125,31033.99609375,0.006213524378836155,2.2064226758689474,2.293586054552449,3.300983652658754,2.4620084147264505,15.51953125,11.821111111111112,0,0,1,0,0,0,0,0,0
Bergen,2013,2013-10-07 22:00:00,20.43633,-75.979,daylight,29.681520447474977,3.4236605335329817,133.44175353031176,0.0,0,1.3821258544921875,-0.3471527099609375,-0.46895408630371094,296.17041015625,7772.484375,0.014803804457187653,0.98028564453125,-1.0153961181640625,0.012900352478027344,291.07080078125,14962.296875,0.013453714549541473,3.6659698486328125,-1.0847930908203125,0.6503772735595703,282.03857421875,31041.4765625,0.006159142125397921,1.2422333719032665,1.4099631353559805,3.407686521552289,1.411378482780822,14.1318359375,11.823888888888888,0,0,1,0,0,0,0,0,0
Bergen,2013,2013-10-08 15:00:00,20.2895,-75.84033,daylight,16.34973076634119,2.8535769884823328,128.2139403342983,9.26,1,-0.70623779296875,-0.04766845703125,-0.0678415298461914,296.23681640625,8007.59375,0.015493975020945072,-1.3172760009765625,0.7273406982421875,1.621246337890625e-05,292.18896484375,15202.1953125,0.010559337213635445,0.037261962890625,-0.501312255859375,-0.09538745880126953,282.83154296875,31306.54296875,0.006180508062243462,-0.525407872181017,-1.4849248456412543,0.3393885138257844,1.5047393641651825,13.4052734375,11.806944444444444,0,0,1,0,0,0,0,0,0
Bergen,2013,2013-10-08 16:00:00,20.15,-75.66317,daylight,24.131281966241286,3.2241133636344377,129.97059395512042,11.83222222,1,-0.59808349609375,0.5968475341796875,-0.21112537384033203,297.132080078125,7984.6015625,0.015223214402794838,-1.1415252685546875,1.1628570556640625,-0.14422893524169922,292.181396484375,15184.70703125,0.010973180644214153,-0.2252044677734375,-0.002838134765625,-0.11010169982910156,282.73779296875,31288.578125,0.0062544215470552444,-0.8417672792123103,-1.621848383293833,-0.17076770140584496,1.6295141824042354,14.394287109375,11.809166666666666,0,0,1,0,0,0,0,0,0
Bergen,2013,2013-10-08 17:00:00,20.06267,-75.37967,daylight,31.15460471785396,3.4705556664885315,108.11248170808153,9.26,1,-0.445281982421875,0.3274078369140625,-0.2486429214477539,297.344482421875,7911.5234375,0.014463276602327824,-0.906707763671875,-0.0176849365234375,-0.019339561462402344,292.206787109375,15115.40625,0.010812505148351192,-0.5341339111328125,0.061431884765625,0.0006628036499023438,282.623291015625,31222.03125,0.006426921579986811,-0.5250030733402538,-0.8562806522485058,-0.526764681834198,0.9068802157301099,14.72119140625,11.810555555555556,0,0,1,0,0,0,0,0,0
Bergen,2013,2013-10-08 18:00:00,20.02867,-75.06767,daylight,32.809657514020344,3.520746486944157,96.56335022775949,15.43333333,1,-0.4726409912109375,0.51348876953125,-0.34173107147216797,297.78173828125,7876.859375,0.014591570012271404,-0.416168212890625,-1.3279876708984375,-0.1170816421508789,292.024658203125,15087.984375,0.011599748395383358,-0.195220947265625,-0.15338134765625,0.006374359130859375,282.792236328125,31198.765625,0.006087678950279951,-0.5282359842533414,-0.2616494232988902,-0.17640973551686545,1.3916706634397498,14.989501953125,11.811111111111112,0,0,1,0,0,0,0,0,0
Bergen,2013,2013-10-08 19:00:00,20.17283,-74.7405,daylight,37.73747580748915,3.6568074985893513,64.80756201226274,7.716666667,1,-2.1162872314453125,0.0692596435546875,-0.455810546875,294.862060546875,7790.10546875,0.015405709855258465,0.28875732421875,-0.5792236328125,-0.39414501190185547,291.205322265625,14974.03125,0.01439210306853056,-0.1033935546875,-0.454925537109375,-1.5651473999023438,282.619140625,31078.07421875,0.005980025511234999,-1.885511795660925,0.014739408568679946,-0.2872026383429471,0.6472100193124966,12.242919921875,11.80888888888889,0,0,1,0,0,0,0,0,0
Bergen,2013,2013-10-08 20:00:00,20.13783,-74.31433,daylight,44.65589544206544,3.821132743107057,94.9263017431278,14.40444444,1,0.7257843017578125,-1.2505950927734375,0.01602458953857422,296.13623046875,7796.828125,0.013952258974313736,1.336273193359375,-0.2955474853515625,0.006314277648925781,292.2001953125,14993.59375,0.01089356280863285,0.6181793212890625,-0.4282989501953125,-0.0667562484741211,282.93017578125,31108.0234375,0.005927331745624542,0.8304972040403474,1.3567169039995008,0.6526756223483714,1.3685665359742265,13.2060546875,11.809444444444445,0,0,1,0,0,0,0,0,0
Bergen,2013,2013-10-08 21:00:00,20.19867,-74.15233,daylight,18.212162750157596,2.9555435550428575,68.16636993748858,8.745555556,1,-0.577056884765625,-2.3136749267578125,0.04107952117919922,296.1826171875,7794.96484375,0.014203323051333427,0.2780914306640625,-0.8746490478515625,0.07294082641601562,292.4267578125,14995.09375,0.010826840065419674,0.3685302734375,-0.5577239990234375,0.025391578674316406,283.025146484375,31119.265625,0.005877320189028978,-1.3961484692723898,-0.06714984363171916,0.13467007893980443,0.9177939859883752,13.157470703125,11.80861111111111,0,0,1,0,0,0,0,0,0
Bergen,2013,2013-10-08 22:00:00,19.94583,-74.00083,daylight,32.26123626314699,3.5043926427416854,150.60322305689,13.89,1,-1.0936737060546875,-2.5976104736328125,0.042205810546875,297.567138671875,7777.16796875,0.01099287997931242,0.0156402587890625,-0.1377410888671875,-0.015313148498535156,293.146484375,14989.91015625,0.008713042363524437,0.9146881103515625,0.4881439208984375,-0.09641170501708984,283.44189453125,31118.75,0.004957386292517185,1.72631092187958,0.12768283771235814,0.02368779367386542,0.13862620696429406,14.125244140625,11.8125,0,0,1,0,0,0,0,0,0
Bergen,2013,2013-10-09 14:00:00,18.30117,-73.01217,daylight,20.94735248114032,3.088646516353119,146.15837510529684,9.26,1,-3.05291748046875,1.943695068359375,-0.19417667388916016,295.615966796875,7976.8515625,0.015440817922353745,-4.64990234375,0.7616424560546875,-0.22784900665283203,292.28515625,15175.390625,0.01237402856349945,-4.86541748046875,1.97210693359375,-0.12018489837646484,283.02880859375,31312.484375,0.005862007383257151,-3.3145616722578297,-3.22213183591575,-4.347539751123106,4.711867043675655,12.587158203125,11.821111111111112,0,0,1,0,0,0,0,0,0
Bergen,2013,2013-10-09 15:00:00,18.27583,-72.74367,daylight,28.4874612868085,3.383965131865055,95.63423695257637,6.687777778,1,-3.6197357177734375,2.148040771484375,-0.047924041748046875,295.613037109375,7965.390625,0.015513723716139793,-4.8508453369140625,1.2421417236328125,0.13725948333740234,292.116943359375,15159.4453125,0.012338707223534584,-4.460784912109375,1.1873626708984375,0.31456470489501953,283.153564453125,31299.46875,0.006112585309892893,-3.8131378959406375,-4.94936094160386,-4.555806858359912,5.007356242993941,12.45947265625,11.821388888888889,0,0,1,0,0,0,0,0,0
Bergen,2013,2013-10-09 16:00:00,18.2985,-72.45567,daylight,30.51109224771837,3.4503396186948647,85.21571727132743,7.716666667,1,-4.20062255859375,1.960205078125,-0.12067508697509766,296.033935546875,7943.2421875,0.015692075714468956,-6.31463623046875,1.24468994140625,-0.0030927658081054688,291.9384765625,15140.171875,0.012811277993023396,-3.5530242919921875,0.6109619140625,-0.2122020721435547,283.082275390625,31265.06640625,0.006748063024133444,-4.022496755783272,-6.188821901572121,-3.489687796594615,6.436138887049166,12.95166015625,11.821111111111112,0,0,1,0,0,0,0,0,0
Bergen,2013,2013-10-09 17:00:00,18.26467,-72.2205,daylight,25.113171614174036,3.2624398465777427,98.57791086839939,9.26,1,-3.3230133056640625,1.4735260009765625,-0.082672119140625,297.18310546875,7873.5,0.015748154371976852,-5.2097320556640625,0.756439208984375,-0.17094898223876953,292.2216796875,15086.76953125,0.013064973056316376,-4.0510711669921875,1.0299072265625,0.07228469848632812,282.518310546875,31200.30859375,0.008001910522580147,-3.505624440022101,-5.264281811115302,-4.159370638931617,5.264362104633628,14.664794921875,11.821666666666667,0,0,1,0,0,0,0,0,0
Bergen,2013,2013-10-09 18:00:00,18.16467,-71.86633,daylight,39.02617856004389,3.689533704046864,106.49889237365284,8.231111111,1,-4.862762451171875,2.9802398681640625,-0.1080160140991211,295.4501953125,7803.359375,0.01432209461927414,-5.6839447021484375,2.5111083984375,-0.402984619140625,291.3388671875,14984.71875,0.013563290238380432,-3.19329833984375,1.2252960205078125,-1.2863187789916992,281.781982421875,31065.21484375,0.0075543890707194805,-5.508917914962201,-6.16305633127335,-3.409795159735485,6.213927322216171,13.668212890625,11.823333333333334,0,0,1,0,0,0,0,0,0
Bergen,2013,2013-10-09 19:00:00,17.9655,-71.60233,daylight,35.627973796192556,3.60081225984151,128.3927604001401,8.745555556,1,-4.4816436767578125,-0.901947021484375,0.2530202865600586,296.6494140625,7769.0,0.014615559950470924,-6.5123748779296875,1.4567108154296875,-0.20145797729492188,291.56494140625,14965.265625,0.01248169969767332,-5.1479644775390625,1.6281280517578125,-0.6772146224975586,283.1181640625,31083.0546875,0.006865511182695627,-2.9524334695473513,-6.00890510045331,-5.045976979961755,6.673307497072163,13.53125,11.82638888888889,0,0,1,0,0,0,0,0,0
Bergen,2013,2013-10-09 21:00:00,17.9775,-71.32517,daylight,19.728373243880352,3.031503449846066,89.00236831377015,6.687777778,1,-4.7978057861328125,-0.0453948974609375,-0.2026357650756836,295.825439453125,7756.34765625,0.01435874868184328,-5.934173583984375,1.34967041015625,-0.3214550018310547,291.306884765625,14940.10546875,0.012278291396796703,-3.360748291015625,-0.351318359375,-0.23678112030029297,283.28857421875,31043.81640625,0.00635775551199913,-4.797868888171796,-5.909774839831157,-3.3663556856258676,6.085723156775151,12.536865234375,11.82638888888889,0,0,1,0,0,0,0,0,0
Bergen,2013,2013-10-10 15:00:00,17.8195,-71.33,daylight,13.363482967224906,2.6646890806745698,219.81452862291593,12.86111111,1,-6.192962646484375,1.6409454345703125,-0.005373954772949219,294.824951171875,7956.11328125,0.014525449834764004,-6.3141326904296875,2.06903076171875,-0.21512699127197266,291.188232421875,15124.43359375,0.011326421052217484,-5.2617034912109375,-0.709442138671875,-0.004589080810546875,282.591064453125,31203.55078125,0.006327417679131031,2.7049368643512173,2.4537011793813095,3.9140299293503906,6.644483420499393,12.23388671875,11.8125,0,0,1,0,0,0,0,0,0
Bergen,2013,2013-10-10 16:00:00,17.70367,-71.413,daylight,15.59288236897249,2.808973830459626,214.32274930034058,11.83222222,1,-6.7618255615234375,1.6605224609375,0.28900814056396484,295.557861328125,7889.08203125,0.015015504322946072,-6.3770904541015625,1.904998779296875,0.007466316223144531,291.32958984375,15062.78515625,0.011526856571435928,-5.02935791015625,-0.2306365966796875,0.091827392578125,282.627197265625,31141.578125,0.006717983167618513,2.441299311435365,2.0224581268781696,3.0263004899055863,6.655546785119601,12.9306640625,11.814444444444444,0,0,1,0,0,0,0,0,0
Bergen,2013,2013-10-10 17:00:00,17.40183,-71.46417,daylight,33.998673817709005,3.555310169848935,189.1892471062078,21.09222222,1,-7.561798095703125,2.8665618896484375,0.3085489273071289,295.2939453125,7796.15625,0.014543944038450718,-6.840423583984375,2.9365234375,0.1415081024169922,291.491943359375,14973.3359375,0.011198574677109718,-5.007080078125,-0.823150634765625,0.000720977783203125,282.675537109375,31053.171875,0.006383491680026054,-1.6221848134559134,-1.80644906290664,1.612196815804107,7.444095963064719,12.618408203125,11.819722222222222,0,0,1,0,0,0,0,0,0
Bergen,2013,2013-10-10 18:00:00,17.10467,-71.57367,daylight,35.02896333493325,3.584323152071114,199.40361861276725,10.80333333,1,-7.3067169189453125,3.198211669921875,-0.21120071411132812,295.514892578125,7737.00390625,0.013318844139575958,-6.8349151611328125,3.6160888671875,-0.10931682586669922,291.4775390625,14910.59765625,0.01050960086286068,-5.312103271484375,-1.1624908447265625,-0.179962158203125,282.55859375,30992.546875,0.006644616834819317,-0.5891159886778774,-1.140000773492408,2.8612539935058123,7.732539295424276,12.956298828125,11.824722222222222,0,0,1,0,0,0,0,0,0
Bergen,2013,2013-10-10 19:00:00,16.84033,-71.638,daylight,30.178994405811483,3.4397446118526998,193.11233404546584,8.231111111,1,-6.96270751953125,2.87701416015625,-0.19347286224365234,295.431396484375,7696.76171875,0.014587724581360817,-6.713958740234375,3.348724365234375,-0.14850902557373047,291.2724609375,14871.21484375,0.011220084503293037,-5.3942108154296875,-0.9568939208984375,-0.15619564056396484,282.269775390625,30945.26171875,0.007040282245725393,-1.222435632103039,-1.7382783987195758,2.155680868993427,7.50274595330829,13.16162109375,11.829166666666667,0,0,1,0,0,0,0,0,0
Bergen,2013,2013-10-10 20:00:00,16.55583,-71.66933,daylight,31.810453022187218,3.4907471543201516,186.0257652015915,9.774444444,1,-7.499969482421875,2.4364776611328125,-0.015229225158691406,295.65966796875,7657.515625,0.014394914731383324,-6.9159088134765625,2.7445526123046875,0.019736289978027344,291.32666015625,14834.10546875,0.01124535035341978,-5.85150146484375,-0.5310211181640625,0.11837577819824219,282.2734375,30905.40625,0.006941634230315685,-1.6357012368090558,-2.0033861731183435,1.1423524416419735,7.440588938923536,13.38623046875,11.834166666666667,0,0,1,0,0,0,0,0,0
Bergen,2013,2013-10-10 21:00:00,16.27983,-71.70167,daylight,30.883041816161608,3.4620742639299835,186.41749436111104,8.231111111,1,-8.947280883789062,0.918609619140625,-0.040747642517089844,296.03955078125,7645.578125,0.012770754285156727,-7.8084869384765625,1.4075775146484375,-0.07108879089355469,291.749755859375,14826.0625,0.009415533393621445,-6.4134063720703125,-0.26318359375,0.015718460083007812,282.43310546875,30901.1640625,0.006817417684942484,0.08720522306395462,-0.5259844051134395,0.978375997799242,7.934339463881222,13.6064453125,11.838888888888889,0,0,1,0,0,0,0,0,0
Bergen,2013,2013-10-10 22:00:00,16.00117,-71.72717,daylight,31.105057600785216,3.4690135753819265,185.0270699927549,9.774444444,1,-9.765151977539062,-1.7314300537109375,-0.019042015075683594,295.654296875,7617.87890625,0.013747923076152802,-8.140731811523438,-0.7427978515625,0.06842517852783203,292.348388671875,14798.73828125,0.006704783998429775,-7.701202392578125,0.3850860595703125,-0.037329673767089844,282.602294921875,30875.40234375,0.006191503256559372,2.580455021669576,1.453283598823617,0.29122381673199194,8.174549716983531,13.052001953125,11.84361111111111,0,0,1,0,0,0,0,0,0
Bergen,2013,2013-10-11 14:00:00,11.27967,-74.9765,daylight,27.022655920759867,3.3330133230250265,183.12290547653706,7.202222222,1,-5.1729736328125,1.435150146484375,-0.08249664306640625,294.16259765625,7671.48046875,0.015971790999174118,-5.07379150390625,0.75677490234375,-0.13921356201171875,291.075439453125,14840.1796875,0.012582840397953987,-0.5774383544921875,3.0300140380859375,-0.0733642578125,282.177734375,30926.81640625,0.00764542818069458,-1.151205651414428,-0.47924105808293177,-2.9940566932779125,5.1299189543236094,11.98486328125,11.911666666666667,0,0,1,0,0,0,0,0,0
Bergen,2013,2013-10-11 15:00:00,11.12333,-74.93317,daylight,18.015236532992688,2.9452405805872464,164.78625485846817,7.202222222,1,-2.752410888671875,2.5154571533203125,0.19964981079101562,293.735107421875,7679.0,0.016443561762571335,-3.500244140625,1.158843994140625,0.07818984985351562,291.308837890625,14848.84765625,0.012506055645644665,-0.682373046875,3.028106689453125,0.0698995590209961,282.300048828125,30939.62109375,0.007231994532048702,-3.149588883055607,-2.0367670826003073,-3.1010511510793113,3.687089427547892,11.43505859375,11.914444444444445,0,0,1,0,0,0,0,0,0
Bergen,2013,2013-10-11 19:00:00,10.9375,-74.8625,daylight,10.670517300543146,2.4570657726976246,169.98331166181924,0.0,0,-1.475250244140625,0.9091033935546875,0.11063289642333984,295.05810546875,7398.62109375,0.015652701258659363,-3.33526611328125,-0.5974884033203125,0.13081932067871094,292.053955078125,14578.6015625,0.0119825704023242,-1.957916259765625,0.5345306396484375,0.09801292419433594,282.486083984375,30689.6484375,0.007536631543189287,-1.1518437203104008,0.008261416650852671,-0.8669330480427451,3.388361320536001,12.572021484375,11.9175,0,0,1,0,0,0,0,0,0
Bergen,2013,2013-10-12 18:00:00,10.27967,-74.10967,daylight,26.10654983089722,3.2997753898600672,138.0524241801495,15.43333333,1,1.6800689697265625,-0.6760406494140625,-0.4576549530029297,296.21826171875,7410.828125,0.016950784251093864,0.1641387939453125,-0.180206298828125,-0.054312705993652344,291.64599609375,14622.75,0.014005068689584732,-3.100067138671875,1.1495208740234375,-0.16890525817871094,283.341552734375,30743.8046875,0.007489953190088272,1.6258525181655228,0.24374828864593726,-2.927204930310138,0.24375367446492624,12.876708984375,11.92,0,0,1,0,0,0,0,0,0
Bergen,2013,2013-10-12 19:00:00,10.28133,-73.973,daylight,14.954174412023868,2.7697205136106953,89.28056889750121,0.0,0,2.249755859375,-0.687744140625,-0.28408145904541016,296.31982421875,7325.11328125,0.01759166270494461,0.43017578125,-0.7798004150390625,0.2998943328857422,291.88525390625,14542.421875,0.013956704176962376,-3.3246307373046875,1.0247650146484375,0.43068695068359375,283.49072265625,30677.203125,0.007360493298619986,2.240943116565527,0.420350609046397,-3.3115015892695645,0.8905840162888294,12.8291015625,11.92,0,0,1,0,0,0,0,0,0
Bergen,2013,2013-10-13 15:00:00,10.16617,-73.6865,daylight,28.09384825082183,3.3705267515138493,109.91759174146387,10.28888889,1,0.35174560546875,1.256256103515625,-0.4004936218261719,295.55712890625,7683.80859375,0.015837423503398895,-2.3442230224609375,1.051513671875,-0.18511295318603516,291.403076171875,14839.47265625,0.012452371418476105,-5.5319671630859375,3.14349365234375,-0.05046844482421875,282.421630859375,30932.12109375,0.007844598032534122,-0.09726110803109933,-2.562217287117736,-6.271953094725919,2.569253311990847,13.135498046875,11.913055555555555,0,0,1,0,0,0,0,0,0
Bergen,2013,2013-10-13 16:00:00,10.095,-73.573,daylight,14.730228658727013,2.75558425343796,122.4863019394719,8.745555556,1,1.7423095703125,1.2064361572265625,0.1922616958618164,294.97705078125,7643.10546875,0.01580186001956463,-1.7746734619140625,0.5399322509765625,0.16786956787109375,291.88037109375,14823.3125,0.012417160905897617,-3.5701141357421875,2.7783355712890625,-0.1576824188232422,282.624755859375,30927.59375,0.007556585129350424,0.8216983582955774,-1.7869688503444026,-4.503700600005587,1.8549913024234537,12.352294921875,11.914444444444445,0,0,1,0,0,0,0,0,0
Bergen,2013,2013-10-13 17:00:00,9.97467,-73.3695,daylight,25.990653620637648,3.295490643877759,120.96657080466667,12.86111111,1,1.1876373291015625,0.7858428955078125,-0.40281105041503906,295.35693359375,7529.1328125,0.015240991488099098,-0.161834716796875,1.060760498046875,0.059253692626953125,290.9541015625,14701.74609375,0.01338280364871025,-2.9315032958984375,1.5195159912109375,-0.08116531372070312,282.74951171875,30803.0,0.008196515962481499,0.6140146615073376,-0.6845694857424466,-3.295517779136756,1.0730346265509698,12.607421875,11.916666666666666,0,0,1,0,0,0,0,0,0
Bergen,2013,2013-10-13 18:00:00,9.9035,-73.24067,daylight,16.177958854263874,2.843627100083502,119.27479224454146,0.514444444,0,0.8577728271484375,-0.04608154296875,-0.2911567687988281,294.852783203125,7405.62109375,0.014906586147844791,-1.0087127685546875,-0.233978271484375,0.4164743423461914,291.159912109375,14572.8671875,0.013511698693037033,-3.3997955322265625,-0.285858154296875,-0.07555294036865234,282.941162109375,30688.76953125,0.008225847966969013,0.7707557541353138,-0.7654694311739887,-2.8258046575436757,1.0354937377754045,11.91162109375,11.918055555555556,0,0,1,0,0,0,0,0,0
Bergen,2013,2013-10-28 16:00:00,9.79,-73.11517,daylight,10.516838499313995,2.4438101817799054,160.52410036725803,16.46222222,1,-1.854339599609375,0.86810302734375,-0.47622203826904297,299.527587890625,7670.73828125,0.01316772773861885,-2.9587860107421875,1.0633697509765625,-0.5697965621948242,292.652587890625,14874.078125,0.012612754479050636,-6.310272216796875,-0.5435943603515625,0.22888851165771484,283.351806640625,31002.84375,0.0069344425573945045,-1.436687719455561,-1.9890154736507901,-1.5914190362794907,3.144069001255479,16.17578125,11.796666666666667,0,0,1,0,0,0,0,0,0
Bergen,2013,2013-10-28 17:00:00,9.58167,-73.08317,daylight,23.42927548957088,3.1957822282425274,171.3873839135856,11.83222222,1,-2.5548553466796875,0.3779296875,-0.46407604217529297,299.330078125,7619.56640625,0.013823042623698711,-3.1512298583984375,0.0927581787109375,-0.4069223403930664,292.5107421875,14843.0625,0.0129841398447752,-5.3405914306640625,-0.255279541015625,-0.15325546264648438,283.1123046875,30959.3359375,0.007083945441991091,-0.7562653337178066,-0.563618487084298,-0.5473690256791964,3.152594756732874,16.2177734375,11.803333333333333,0,0,1,0,0,0,0,0,0
Bergen,2013,2013-10-28 18:00:00,9.472,-72.86367,daylight,26.983487715331872,3.331614611766912,116.84961567826986,13.37555556,1,-3.4377899169921875,-0.9514923095703125,-0.5401496887207031,297.80224609375,7519.80078125,0.014911120757460594,-2.9630584716796875,-2.6614990234375,0.2785310745239258,291.89892578125,14736.71875,0.012708999216556549,-4.9664154052734375,-1.146453857421875,0.030504226684570312,283.3330078125,30866.18359375,0.006785719655454159,-2.637437324940407,-1.4415592159599788,-3.9132149646415657,3.9828749112106863,14.46923828125,11.806944444444444,0,0,1,0,0,0,0,0,0
Bergen,2013,2013-10-28 19:00:00,9.2045,-72.65533,daylight,37.513893880472025,3.6510190562044693,142.44005698651017,18.00555556,1,-2.7859039306640625,-1.8309783935546875,0.14364910125732422,297.27392578125,7398.515625,0.01555687002837658,-2.124664306640625,-3.1891937255859375,0.5491800308227539,292.598388671875,14611.75390625,0.012214058078825474,-4.1197509765625,-0.4589691162109375,0.12844181060791016,283.4404296875,30760.640625,0.0069875638000667095,-0.2468163519822626,1.2329484905380368,-2.147531376970484,3.832121479706691,13.83349609375,11.815555555555555,0,0,1,0,0,0,0,0,0
Bergen,2013,2013-10-28 20:00:00,8.854,-72.52583,daylight,41.48739159019391,3.7492073634495506,159.94308839672044,14.91888889,1,-2.0494842529296875,-2.1115570068359375,-0.28490734100341797,297.5439453125,7341.4921875,0.01687636785209179,-1.251861572265625,-2.4595489501953125,-0.06356048583984375,292.838623046875,14555.35546875,0.0121057890355587,-2.919525146484375,0.3516082763671875,0.15306758880615234,283.50830078125,30711.9609375,0.0073531558737158775,1.2806186826354193,1.8810531437674938,-1.3315450659407913,2.759807680712956,14.03564453125,11.826666666666666,0,0,1,0,0,0,0,0,0
Bergen,2013,2013-10-28 21:00:00,8.663,-72.39667,daylight,25.544960020260586,3.2788398999226374,146.23356166551122,7.716666667,1,-2.315643310546875,-1.5349273681640625,-0.48311519622802734,297.478515625,7332.66015625,0.0165993832051754,-1.264434814453125,-2.2181396484375,-0.3757915496826172,292.539306640625,14548.6640625,0.01285490207374096,-2.6310882568359375,0.24151611328125,-0.40889453887939453,283.646484375,30702.73046875,0.00729116378352046,-0.011054088354617297,1.1411781296920176,-1.66315670937263,2.553221279084824,13.83203125,11.832777777777778,0,0,1,0,0,0,0,0,0
Bergen,2013,2013-10-28 22:00:00,8.58583,-72.3245,daylight,11.68689530816097,2.5405695952256964,137.23708564932213,0.0,0,-1.3337249755859375,-3.239532470703125,-0.17512989044189453,297.262939453125,7362.3125,0.014816072769463062,-0.4783477783203125,-2.840911865234375,-0.24262619018554688,293.05615234375,14583.47265625,0.011419084854424,-3.857025146484375,0.3256683349609375,-0.29120445251464844,283.67626953125,30752.078125,0.008099602535367012,1.4728116674928287,1.7609288227102842,-2.8578856286815366,2.880902084947254,13.586669921875,11.835277777777778,0,0,1,0,0,0,0,0,0
Bergen,2013,2013-10-29 15:00:00,8.42367,-72.10333,daylight,28.30823859290143,3.3778686571442527,125.75962068743911,9.26,1,1.0097198486328125,-0.9097900390625,-0.3064899444580078,294.483154296875,7764.7265625,0.014719666913151741,0.730072021484375,0.0360870361328125,-0.5618486404418945,290.6708984375,14913.5859375,0.013574015349149704,-3.5124359130859375,1.15130615234375,-0.20637893676757812,282.877197265625,30997.67578125,0.007590136025100946,1.3510317891565413,0.5713470708399793,-3.523064097620689,0.7309633579948673,11.60595703125,11.83388888888889,0,0,1,0,0,0,0,0,0
Bergen,2013,2013-10-29 16:00:00,8.30367,-72.08117,daylight,13.564266052482747,2.678570997963055,169.64449052781276,7.202222222,1,0.5112152099609375,-0.986114501953125,-0.8180379867553711,296.350341796875,7790.453125,0.01369013637304306,0.650726318359375,-1.3028411865234375,-1.2053098678588867,291.681884765625,14891.9296875,0.013101957738399506,-2.32958984375,1.92059326171875,-0.07100772857666016,282.70263671875,30972.46484375,0.00875016674399376,1.061945691176286,1.398591192104761,-2.3080656054812674,1.4563103716953145,13.647705078125,11.837777777777777,0,0,1,0,0,0,0,0,0
Bergen,2013,2013-10-29 17:00:00,8.20183,-72.19967,daylight,17.270798157407064,2.905304056212198,229.03740390038388,8.745555556,1,0.4745941162109375,-2.537322998046875,-0.6218109130859375,295.82958984375,7564.765625,0.015152758918702602,-0.3167266845703125,-0.913604736328125,-0.44989681243896484,291.560546875,14728.64453125,0.01394925732165575,-2.86114501953125,1.49224853515625,0.0542755126953125,282.841552734375,30845.671875,0.009031101129949093,1.304999279520896,0.8381006470493794,1.1822907942325789,0.9669485027446317,12.988037109375,11.841111111111111,0,0,1,0,0,0,0,0,0
Bergen,2013,2013-10-29 18:00:00,8.132,-72.02017,daylight,21.228116252678635,3.101357985414734,111.44259680786365,18.00555556,1,0.148712158203125,-0.9077301025390625,-0.7321748733520508,296.6171875,7600.81640625,0.014899009838700294,-0.0019378662109375,-1.273223876953125,-0.928502082824707,291.69580078125,14704.453125,0.01427293661981821,-1.7493743896484375,0.9518585205078125,-0.0933074951171875,282.6748046875,30793.1015625,0.009448654018342495,0.4702568184204293,0.4636472926846598,-1.9762600522662255,1.2732253516832743,13.9423828125,11.84361111111111,0,0,1,0,0,0,0,0,0
Bergen,2013,2013-10-29 19:00:00,8.00967,-71.90717,daylight,18.433532940897503,2.9670000760368302,137.54659131745268,14.91888889,1,-0.204010009765625,0.577117919921875,-0.5938138961791992,297.69384765625,7614.48828125,0.010760225355625153,-0.367218017578125,0.1124114990234375,-0.6654539108276367,292.84814453125,14692.2421875,0.0107473349198699,-0.99945068359375,0.3484954833984375,-0.0738372802734375,282.323974609375,30775.1953125,0.00998032744973898,-0.5635176826635214,-0.33080883417245033,-0.9317488579994897,0.3840383021870402,15.369873046875,11.8475,0,0,1,0,0,0,0,0,0
Bergen,2013,2013-10-29 20:00:00,7.884,-71.68817,daylight,27.873618646776862,3.36292832862497,120.07281633807088,12.86111111,1,-0.2467041015625,1.161163330078125,-0.42551231384277344,298.1728515625,7495.7890625,0.014216079376637936,-0.19207763671875,0.9427337646484375,-0.3621101379394531,293.342041015625,14565.671875,0.014179629273712635,-0.724029541015625,-1.1448822021484375,0.5621891021728516,282.814697265625,30660.50390625,0.009253161028027534,-0.7953542741703951,-0.6386260159795363,-0.05286667322354999,0.9621022656327526,15.358154296875,11.851666666666667,0,0,1,0,0,0,0,0,0
Bergen,2013,2013-10-29 21:00:00,7.6565,-71.59883,daylight,27.14431362801215,3.33734533162314,158.7330535935905,11.83222222,1,0.275054931640625,0.73175048828125,-0.2098369598388672,296.5390625,7351.890625,0.0154848238453269,-1.4694061279296875,-1.1339263916015625,-0.10437488555908203,292.116943359375,14530.1953125,0.01281900517642498,-1.7754974365234375,-2.586761474609375,-0.15319347381591797,283.29443359375,30662.87890625,0.008796022273600101,-0.5821525537700001,0.5237330103150288,1.7666074336088013,1.8560558801846072,13.24462890625,11.859166666666667,0,0,1,0,0,0,0,0,0
Bergen,2013,2013-10-30 14:00:00,7.4135,-71.508,daylight,14.838341340200552,2.762433667532275,160.9916440503339,6.687777778,1,-1.0901641845703125,-2.0601959228515625,-0.01562786102294922,295.920654296875,7728.03125,0.013000940904021263,-2.0527191162109375,-2.468475341796875,-0.18725013732910156,290.67919921875,14901.6015625,0.01292694266885519,-2.439117431640625,-4.4698944091796875,0.13601303100585938,282.33837890625,30955.8125,0.008092323318123817,1.5927826104071152,1.665289036420639,3.431720626876841,3.2104557749822704,13.582275390625,11.86138888888889,0,0,1,0,0,0,0,0,0
Bergen,2013,2013-10-30 15:00:00,7.23483,-71.4125,daylight,22.486404824840147,3.156421735652045,152.06387590368763,5.658888889,1,-1.8860015869140625,-2.4772491455078125,-0.2687959671020508,295.8759765625,7754.6171875,0.014705106616020203,-2.611968994140625,-2.8403472900390625,-0.28315162658691406,290.507080078125,14918.1953125,0.013338053598999977,-2.18182373046875,-4.69140625,-0.09401893615722656,282.525634765625,30984.23046875,0.007900324650108814,1.3050092950090457,1.285689533763441,3.1225628232263976,3.85875041359042,13.350341796875,11.867222222222223,0,0,1,0,0,0,0,0,0
Bergen,2013,2013-10-30 16:00:00,7.03033,-71.31067,daylight,25.363590052077946,3.271983893535287,153.70001189092534,9.26,1,-3.132843017578125,-2.80572509765625,-0.1323099136352539,295.85205078125,7695.80859375,0.015148734673857689,-2.40545654296875,-3.5985870361328125,-0.05410480499267578,290.740234375,14872.19140625,0.013155308552086353,-1.827178955078125,-4.4064178466796875,0.05027484893798828,282.640380859375,30960.86328125,0.008152860216796398,1.1272228318416415,2.16029672992163,3.14072419580845,4.3285158930901835,13.211669921875,11.874166666666667,0,0,1,0,0,0,0,0,0
Bergen,2013,2013-10-30 17:00:00,6.81417,-71.19467,daylight,27.233830954427084,3.3405209381389582,151.94752069316814,14.91888889,1,-2.420928955078125,-3.3006439208984375,-0.020761489868164062,296.1396484375,7537.1171875,0.015856411308050156,-2.309661865234375,-4.6702728271484375,0.0657339096069336,291.37841796875,14713.02734375,0.013122223317623138,-0.3095703125,-4.697357177734375,0.2461080551147461,282.69140625,30815.8671875,0.00798964686691761,1.7743603986330703,3.0354081853739414,3.9999138261714053,5.210181015254555,13.4482421875,11.881388888888889,0,0,1,0,0,0,0,0,0
Bergen,2013,2013-10-30 18:00:00,6.56383,-71.098,daylight,29.813597071702663,3.4279560559302156,159.01121839805865,10.28888889,1,-3.09722900390625,-4.0451507568359375,0.12408828735351562,296.1513671875,7443.40234375,0.016770120710134506,-2.6884918212890625,-6.5771636962890625,0.12077999114990234,291.6044921875,14632.84375,0.012453784234821796,-0.0789031982421875,-5.4138641357421875,0.09743404388427734,283.181396484375,30746.00390625,0.00774330785498023,2.667375901594631,5.177794830639863,5.026395416611528,7.105425431381359,12.969970703125,11.889722222222222,0,0,1,0,0,0,0,0,0
Bergen,2013,2013-10-30 19:00:00,6.26533,-70.98967,daylight,35.284225353100595,3.591383083545355,160.16246101794547,15.94777778,1,-3.388580322265625,-4.5677642822265625,0.16067028045654297,296.471923828125,7303.87890625,0.01679804176092148,-2.65533447265625,-6.3406829833984375,0.1871500015258789,292.13818359375,14502.08203125,0.012001104652881622,-0.7185516357421875,-5.81976318359375,0.1851053237915039,283.399169921875,30627.53125,0.007483511697500944,3.146777627706325,5.063319036414589,5.2305668992329615,6.874231728537754,13.07275390625,11.899722222222222,0,0,1,0,0,0,0,0,0
Bergen,2013,2013-10-30 20:00:00,5.91033,-70.88583,daylight,41.110019250352664,3.740285699318179,163.7769993856715,10.80333333,1,-2.9521484375,-4.2151031494140625,0.04421043395996094,296.904052734375,7212.75,0.016537554562091827,-2.4897918701171875,-5.8590850830078125,-0.020180702209472656,292.443603515625,14418.6171875,0.012183735147118568,-0.48486328125,-6.2764434814453125,-0.011505126953125,283.306396484375,30553.1875,0.007529570255428553,3.2225033975644646,4.930196215927281,5.891066168525384,6.366155948955877,13.59765625,11.911666666666667,0,0,1,0,0,0,0,0,0
Bergen,2013,2013-10-30 21:00:00,5.71333,-70.82117,daylight,23.043667168304786,3.179871642471922,161.91298015340953,0.0,0,-3.222747802734375,-3.16552734375,-0.2134857177734375,297.08056640625,7157.67578125,0.016416337341070175,-2.7503204345703125,-4.76507568359375,-0.2959098815917969,292.272705078125,14373.50390625,0.012707913294434547,-0.8237152099609375,-5.977569580078125,-0.2777376174926758,283.560791015625,30515.37890625,0.007328210398554802,2.0085684781924837,3.6757471937655435,5.426462975615605,5.501836853560043,13.519775390625,11.918055555555556,0,0,1,0,0,0,0,0,0
Bergen,2013,2013-10-31 14:00:00,5.52117,-70.75683,daylight,17.489189136423327,2.9171861902688514,163.9567589454599,3.086666667,1,-4.944244384765625,-7.6259307861328125,-0.03670501708984375,293.93701171875,7581.0078125,0.014937996864318848,-4.3563690185546875,-10.055007934570312,0.014857292175292969,290.6689453125,14736.34765625,0.012741263955831528,-2.481170654296875,-10.739578247070312,-0.0021610260009765625,282.325927734375,30804.1875,0.007523219101130962,5.962521776027454,8.459461473186485,9.635605057393494,10.958153840410121,11.611083984375,11.920277777777779,0,0,1,0,0,0,0,0,0
Bergen,2013,2013-10-31 15:00:00,5.281,-70.58917,daylight,32.521885481566194,3.512198523482007,145.1931769270932,6.687777778,1,-4.479461669921875,-6.7126312255859375,-0.05286216735839844,294.232421875,7595.3828125,0.015364677645266056,-3.8407135009765625,-8.752960205078125,-0.18791770935058594,290.815185546875,14748.73046875,0.01306839194148779,-2.9756317138671875,-10.49017333984375,-0.06920719146728516,282.258544921875,30817.87890625,0.007360848598182201,2.954688005009935,4.994568557958962,6.914760175499945,9.558524601017927,11.973876953125,11.928611111111111,0,0,1,0,0,0,0,0,0
Bergen,2013,2013-10-31 16:00:00,4.9795,-70.40517,daylight,39.23266174467719,3.6946791469516627,148.69893442621543,14.91888889,1,-3.814910888671875,-5.20196533203125,-0.029047012329101562,294.5732421875,7548.17578125,0.015808580443263054,-4.1346435546875,-8.17877197265625,-0.047644615173339844,290.68359375,14700.33203125,0.013208417221903801,-3.13653564453125,-9.992080688476562,0.049483299255371094,282.13330078125,30767.87890625,0.007453834637999535,2.4628352110730996,4.840252857172885,6.908184976808496,9.164474251424698,12.43994140625,11.938888888888888,0,0,1,0,0,0,0,0,0
Bergen,2013,2013-10-31 17:00:00,4.68817,-70.18917,daylight,40.27617335357866,3.7202854171084594,143.53421200520734,6.173333333,1,-2.8583526611328125,-4.1910552978515625,-0.04390144348144531,294.849853515625,7468.08984375,0.016347788274288177,-3.7727203369140625,-7.8208770751953125,0.08731937408447266,290.967529296875,14620.89453125,0.012729521840810776,-2.5901031494140625,-7.8231658935546875,0.05143165588378906,282.206787109375,30695.515625,0.007652211934328079,1.6716555115473073,4.047353612772855,4.75207418587645,8.683290676113552,12.64306640625,11.948888888888888,0,0,1,0,0,0,0,0,0
Bergen,2013,2013-10-31 18:00:00,4.4485,-69.9245,daylight,39.63400064339948,3.7046051704094367,132.24229951325202,14.40444444,1,-1.5511474609375,-3.449493408203125,-0.005352973937988281,295.100830078125,7334.875,0.01659681275486946,-2.9896087646484375,-6.7932281494140625,0.0510711669921875,291.4609375,14493.52734375,0.012237458489835262,-1.3379364013671875,-5.5234222412109375,0.08762931823730469,282.356689453125,30581.06640625,0.007768549025058746,1.1706540496296798,2.353632522425393,2.7227305783711118,7.421974754447388,12.744140625,11.956944444444444,0,0,1,0,0,0,0,0,0
Bergen,2013,2013-10-31 19:00:00,4.25033,-69.6725,daylight,35.58412089604459,3.5996142909655515,128.2518225056727,7.202222222,1,-0.7618408203125,-3.0186309814453125,0.022711753845214844,295.295166015625,7221.546875,0.01671409048140049,-2.194244384765625,-5.2702484130859375,0.06730079650878906,291.756591796875,14381.74609375,0.011972072534263134,0.0121612548828125,-4.160400390625,0.076751708984375,282.693603515625,30480.1328125,0.007384464144706726,1.2706200881504686,1.539776498065053,2.585332833618483,5.708785050753822,12.6015625,11.963611111111112,0,0,1,0,0,0,0,0,0
Bergen,2013,2013-10-31 20:00:00,3.99833,-69.51367,daylight,33.098088056765505,3.5292413140010077,147.8389111529301,12.34666667,1,0.3455352783203125,-4.2331695556640625,-0.02196216583251953,295.3837890625,7085.1171875,0.01585296168923378,-1.271240234375,-3.5196685791015625,0.053854942321777344,291.7998046875,14272.0,0.013003464788198471,0.7924652099609375,-3.5365753173828125,0.20934295654296875,283.445068359375,30409.703125,0.007341298274695873,3.767539209136472,2.3029094901653764,3.415735433925241,3.74220772274985,11.938720703125,11.972222222222221,0,0,1,0,0,0,0,0,0
Bergen,2013,2013-10-31 21:00:00,3.7895,-69.48983,daylight,23.370965669491966,3.1933924921902532,173.50140995067932,0.0,0,-1.477813720703125,-3.8603515625,-0.047921180725097656,295.29541015625,7063.6171875,0.016496874392032623,-2.5162200927734375,-2.5996246337890625,0.0010223388671875,291.8876953125,14252.9375,0.013068821281194687,0.172760009765625,-3.1045989990234375,0.08704948425292969,283.546875,30390.03515625,0.007441516034305096,3.6682902884824875,2.2981384334035866,3.1042036005636597,3.617929213221243,11.74853515625,11.979444444444445,0,0,1,0,0,0,0,0,0
Bergen,2013,2013-11-01 15:00:00,3.56117,-69.43633,daylight,16.92701730508397,2.8863089215806514,161.26063443188002,15.43333333,1,-3.2120513916015625,-0.8703155517578125,-0.09221458435058594,294.926025390625,7586.296875,0.0162779800593853,-5.2804412841796875,2.232025146484375,-0.05214881896972656,291.044921875,14753.875,0.011746427975594997,-0.093170166015625,-4.29046630859375,-0.0022296905517578125,282.1630859375,30794.81640625,0.007587118074297905,-0.2077355996223702,-3.810119115230001,4.033095528278065,5.732800049732052,12.762939453125,11.984444444444444,0,0,1,0,0,0,0,0,0
Bergen,2013,2013-11-01 16:00:00,3.40533,-69.29383,daylight,23.461176924904176,3.197087245409903,137.6086277496662,12.86111111,1,-3.0849151611328125,-0.100799560546875,-0.13168621063232422,295.59814453125,7552.09375,0.015877820551395416,-4.946502685546875,2.1282501220703125,-0.18973064422607422,290.97265625,14729.5546875,0.012312502600252628,0.477935791015625,-3.601165771484375,-0.3762331008911133,282.189697265625,30768.00390625,0.007368011865764856,-2.0053763889740974,-4.90672223906282,2.981885817860105,5.384917585276003,13.408447265625,11.99,0,0,1,0,0,0,0,0,0
Bergen,2013,2013-11-01 17:00:00,3.20767,-69.15033,daylight,27.14459279525026,3.3373552507086526,144.06177650646612,0.0,0,-3.1574859619140625,0.4492645263671875,-0.0767822265625,295.172119140625,7452.9296875,0.01648939773440361,-6.092315673828125,2.410736083984375,-0.015941619873046875,291.088134765625,14627.0703125,0.012427345849573612,0.60833740234375,-3.358551025390625,-0.20694541931152344,282.548828125,30686.0234375,0.0073160408064723015,-2.2169155249556263,-5.527510125895253,3.076292667185157,6.551943126752258,12.623291015625,11.996944444444445,0,0,1,0,0,0,0,0,0
Bergen,2013,2013-11-02 15:00:00,3.05867,-68.996,daylight,23.859532872257322,3.213241295570438,134.28393019038083,6.687777778,1,-2.7747955322265625,-1.92034912109375,-0.09805107116699219,294.72021484375,7681.28125,0.016177479177713394,-7.7434234619140625,-1.298004150390625,-0.1557483673095703,291.6123046875,14856.4296875,0.011632324196398258,-4.7232818603515625,-1.8350830078125,0.03620433807373047,282.1826171875,30933.859375,0.007854879833757877,-0.6456288104934464,-4.637143156771256,-2.100061981159058,7.851459844191553,12.53759765625,12.0,0,0,1,0,0,0,0,0,0
Bergen,2013,2013-11-02 16:00:00,2.881,-68.81217,daylight,28.407933710824654,3.381264492050247,134.05744980292968,6.687777778,1,-1.7434234619140625,-2.11444091796875,-0.09156417846679688,295.503173828125,7669.7265625,0.016917457804083824,-6.6387786865234375,-2.1005096435546875,-0.2251110076904297,291.37841796875,14845.51171875,0.011846252717077732,-4.496307373046875,-1.37823486328125,-0.07088375091552734,282.012939453125,30920.75390625,0.007826733402907848,0.21743951876526801,-3.310260340220342,-2.2728434415696346,6.963154688164273,13.490234375,12.00611111111111,0,0,1,0,0,0,0,0,0
Bergen,2013,2013-11-02 17:00:00,2.59233,-68.703,daylight,34.31246686738569,3.5642360706374956,159.3032402726244,12.86111111,1,-1.6669921875,-2.011932373046875,-0.06299209594726562,296.472412109375,7563.62890625,0.017037805169820786,-7.9001922607421875,-2.65960693359375,-0.1621255874633789,291.318115234375,14748.6640625,0.01121860183775425,-4.2154388427734375,-1.3763885498046875,-0.08738422393798828,282.072021484375,30821.67578125,0.007989566773176193,1.2929387307944125,-0.30413468777840924,-0.20226661124215273,8.335859091773967,14.400390625,12.016388888888889,0,0,1,0,0,0,0,0,0
Bergen,2013,2013-11-02 18:00:00,2.35367,-68.57883,daylight,29.90875996177147,3.4310396376353567,152.5320943437399,14.91888889,1,-1.751556396484375,-1.715972900390625,0.13566207885742188,297.177734375,7426.6484375,0.0169094055891037,-7.8233795166015625,-2.0546722412109375,0.25672435760498047,291.37841796875,14624.71875,0.011745459400117397,-4.1112823486328125,-0.6151275634765625,0.0047740936279296875,282.169189453125,30705.234375,0.008135013282299042,0.7146218182103735,-1.7854992545892647,-1.3505520607197719,8.088692420878894,15.008544921875,12.025,0,0,1,0,0,0,0,0,0
Bergen,2013,2013-11-02 19:00:00,2.1705,-68.40517,daylight,28.055966314880294,3.3692238431010404,136.54548785413095,11.31777778,1,-2.2124176025390625,-1.2787933349609375,0.1677837371826172,297.366943359375,7301.484375,0.01667354442179203,-7.70233154296875,-0.890869140625,0.3592710494995117,291.50048828125,14504.2109375,0.01184367761015892,-4.521728515625,-0.3739471435546875,-0.10910511016845703,282.648681640625,30608.51171875,0.007998883724212646,-0.5933507334321431,-4.650797548014822,-2.8384915937226594,7.753680353453404,14.71826171875,12.03138888888889,0,0,1,0,0,0,0,0,0
Bergen,2013,2013-11-02 20:00:00,2.04617,-68.20267,daylight,26.409364704787514,3.310884732548373,121.56244398236578,8.231111111,1,-2.58233642578125,-1.297393798828125,-0.10090255737304688,297.386962890625,7250.34375,0.01632404327392578,-6.8429107666015625,-0.573516845703125,0.13209819793701172,291.9521484375,14462.88671875,0.012586568482220173,-5.2723541259765625,0.1851348876953125,-0.1401653289794922,283.443359375,30599.08203125,0.0076462747529149055,-1.5212403428803294,-5.530445930984453,-4.589320587464018,6.866902455399876,13.943603515625,12.035833333333333,0,0,1,0,0,0,0,0,0
Bergen,2013,2013-11-02 21:00:00,1.82983,-68.02533,daylight,31.098115208634578,3.468797312170191,140.67059401332722,11.31777778,1,-2.8376922607421875,-1.8663482666015625,-0.39684486389160156,297.451904296875,7213.0625,0.015854081138968468,-5.5386810302734375,-2.19744873046875,-0.350341796875,292.058837890625,14429.34765625,0.013262440450489521,-5.409759521484375,-0.085540771484375,-0.1840381622314453,283.271728515625,30559.23046875,0.008098323829472065,-0.3548183302439878,-1.810534263165427,-3.3624192167604057,5.958671704176154,14.18017578125,12.043611111111112,0,0,1,0,0,0,0,0,0
Bergen,2013,2013-11-02 22:00:00,1.73317,-67.90267,daylight,17.359977115164277,2.91017313874082,128.2507861337279,0.0,0,-3.7944488525390625,-2.9778900146484375,-0.16643142700195312,297.482177734375,7278.328125,0.015499701723456383,-4.4610748291015625,-2.1201171875,-0.3059720993041992,291.901123046875,14495.38671875,0.013715831562876701,-4.06072998046875,0.5146026611328125,-1.1189918518066406,283.39599609375,30613.64453125,0.008883646689355373,-1.1361869191079863,-2.1907451321148024,-3.507518450457626,4.9392393664993035,14.086181640625,12.046944444444444,0,0,1,0,0,0,0,0,0
Bergen,2013,2013-11-03 14:00:00,1.661,-67.76117,daylight,10.855381229438528,2.47278187669231,117.66551465133125,9.774444444,1,0.86932373046875,-3.333282470703125,0.2313213348388672,293.388427734375,7717.5703125,0.015282558277249336,-7.3456268310546875,-0.3033599853515625,0.1172637939453125,290.8095703125,14874.96875,0.013336939737200737,-4.256500244140625,0.905242919921875,-0.08239459991455078,282.25701904296875,30949.12109375,0.008454377762973309,2.3176100150496155,-6.364972369016,-4.190180874795294,7.351888248730596,11.13140869140625,12.04861111111111,0,0,1,0,0,0,0,0,0
Bergen,2013,2013-11-03 15:00:00,1.534,-67.48767,daylight,33.519891675202146,3.5415357281802384,114.91249704912195,14.91888889,1,-0.253631591796875,-2.610198974609375,0.14597511291503906,293.2705078125,7731.56640625,0.01579122804105282,-8.61297607421875,-0.7122802734375,0.08557891845703125,291.2373046875,14897.95703125,0.012271672487258911,-2.6002655029296875,1.6139984130859375,-0.06984233856201172,282.2763671875,30969.44140625,0.008481559343636036,0.8694719031999473,-7.511520828413619,-3.0381868421546336,8.642378147419427,10.994140625,12.053333333333333,0,0,1,0,0,0,0,0,0
Bergen,2013,2013-11-03 16:00:00,1.34583,-67.22583,daylight,35.846316153109875,3.6067556449301326,125.70794991129708,17.49111111,1,-0.7595672607421875,-1.3947296142578125,0.1511983871459961,293.739990234375,7678.02734375,0.016299687325954437,-7.376922607421875,-1.0998992919921875,0.15883445739746094,291.5009765625,14850.98828125,0.011448746547102928,-1.7191162109375,2.1808013916015625,0.23684310913085938,282.548828125,30942.375,0.008392145857214928,0.19726880281757975,-5.348119485532642,-2.6687599521516665,7.458469387777687,11.191162109375,12.06,0,0,1,0,0,0,0,0,0
Bergen,2013,2013-11-03 17:00:00,1.16683,-66.9735,daylight,34.39515746265973,3.5665750159423406,125.35513103255244,7.202222222,1,-1.3065948486328125,-1.026123046875,0.04250812530517578,294.80712890625,7555.2578125,0.015934493392705917,-6.6536102294921875,-1.2722015380859375,0.103302001953125,291.6806640625,14733.5078125,0.011517520993947983,-2.3431396484375,2.011688232421875,-0.033184051513671875,282.754150390625,30831.42578125,0.008278805762529373,-0.471875609623583,-4.690409250072197,-3.0750692445472154,6.774143919309015,12.052978515625,12.066666666666666,0,0,1,0,0,0,0,0,0
Bergen,2013,2013-11-03 18:00:00,0.8795,-66.762,daylight,39.66970320173141,3.7054834221725983,143.64609627865877,8.745555556,1,0.18621826171875,-1.0391387939453125,0.2620964050292969,294.93994140625,7419.2890625,0.01587587408721447,-4.3159027099609375,-0.6762847900390625,0.2345905303955078,291.87890625,14604.6328125,0.012011518701910973,-2.725189208984375,0.7341766357421875,-0.027052879333496094,282.910888671875,30712.54296875,0.0077653247863054276,0.9472770190844833,-2.01368240331969,-2.206698034971301,4.368566964015356,12.029052734375,12.076944444444445,0,0,1,0,0,0,0,0,0
Bergen,2013,2013-11-03 19:00:00,0.6535,-66.59517,daylight,31.234342559588676,3.4730324233192533,143.5670784584596,9.26,1,1.2675628662109375,-0.690216064453125,0.028730392456054688,294.524658203125,7293.82421875,0.016441525891423225,-3.694061279296875,-0.0858306884765625,0.017576217651367188,292.0146484375,14480.40234375,0.012568704783916473,-4.207122802734375,0.1286163330078125,-0.8091945648193359,282.680419921875,30599.20703125,0.007453475147485733,1.30809704026773,-2.124778499812512,-2.602010058459768,3.6950582731920245,11.84423828125,12.085277777777778,0,0,1,0,0,0,0,0,0
Bergen,2013,2013-11-03 20:00:00,0.47417,-66.40067,daylight,29.416429143996517,3.414982894799503,132.67660206733746,13.89,1,1.528961181640625,-1.7164764404296875,0.13585853576660156,295.075439453125,7197.1640625,0.016256187111139297,-3.801788330078125,-1.2346038818359375,0.2640552520751953,292.154052734375,14390.9140625,0.012853155843913555,-5.368408203125,-0.383392333984375,0.4017171859741211,283.191650390625,30533.23046875,0.007001672405749559,2.2876090797359856,-1.9581544038885257,-3.6869218088917353,3.9972291968015274,11.8837890625,12.091666666666667,0,0,1,0,0,0,0,0,0
Bergen,2013,2013-11-03 21:00:00,0.3725,-66.29483,daylight,16.31888501314982,2.8517975253778953,133.84915080388055,0.0,0,0.96044921875,-1.0033416748046875,0.26352977752685547,295.999267578125,7202.31640625,0.015542426146566868,-4.972198486328125,-1.7669830322265625,0.07903861999511719,292.062744140625,14404.21875,0.013047234155237675,-6.1958160400390625,0.0856781005859375,-0.1291484832763672,283.419921875,30546.29296875,0.006763272453099489,1.3877205869899925,-2.3616827143151333,-4.527567723798931,5.276834924802961,12.579345703125,12.095555555555556,0,0,1,0,0,0,0,0,0
Bergen,2013,2013-11-04 15:00:00,0.20167,-66.20733,daylight,11.14072471836269,2.4965654805845556,158.94205998750954,0.0,0,1.274383544921875,1.7254486083984375,-0.07334041595458984,292.724365234375,7739.71484375,0.01519281417131424,-2.3924713134765625,-0.2823486328125,-0.12049198150634766,290.62890625,14879.20703125,0.012248113751411438,-1.235260009765625,1.5452728271484375,-0.19849586486816406,281.145751953125,30913.3828125,0.009108810685575008,-1.1523178248908899,-0.5961505788804446,-1.8859192761894545,2.4090744563544226,11.57861328125,12.101666666666667,0,0,1,0,0,0,0,0,0
Bergen,2013,2013-11-04 16:00:00,0.1,-66.18367,daylight,11.607270030619926,2.534273634121827,166.899663428861,7.716666667,1,1.6832427978515625,2.70062255859375,0.05458641052246094,293.027587890625,7666.2109375,0.015178756788372993,-0.87786865234375,0.8738861083984375,-0.0024967193603515625,290.43408203125,14811.03515625,0.012955248355865479,-0.89630126953125,2.338409423828125,-0.10481452941894531,281.166015625,30834.08203125,0.009211086668074131,-2.248819061706054,-1.050118004649726,-2.4807044497349193,1.2386808714191067,11.861572265625,12.105555555555556,0,0,1,0,0,0,0,0,0
Bergen,2013,2013-11-04 17:00:00,-0.17917,-66.13767,daylight,31.46087162181748,3.480035413907616,170.64322104051826,12.34666667,1,1.7682037353515625,3.94732666015625,0.15230083465576172,293.2294921875,7531.60546875,0.015452688559889793,-0.361480712890625,1.739227294921875,0.3193244934082031,290.6005859375,14682.1171875,0.012903283350169659,-0.6968231201171875,4.508636474609375,0.1257343292236328,281.165283203125,30711.9140625,0.009267587214708328,-3.6073302558418456,-1.7748571721459052,-4.561940137358209,1.7763951951052945,12.064208984375,12.115833333333333,0,0,1,0,0,0,0,0,0
Bergen,2013,2013-11-04 18:00:00,-0.331,-65.95533,daylight,26.383804435368475,3.3099517596368146,129.78396367353935,0.0,0,2.268890380859375,3.4569091796875,-0.13213348388671875,293.60693359375,7443.5,0.015539619140326977,0.1870574951171875,1.7420806884765625,0.007203102111816406,290.7978515625,14599.79296875,0.012316718697547913,-0.83135986328125,5.6030731201171875,-0.17128849029541016,281.1611328125,30644.64453125,0.008708969689905643,-0.4685001437682512,-0.9710013999082422,-4.224245473779824,1.7520946411773797,12.44580078125,12.121666666666666,0,0,1,0,0,0,0,0,0
Bergen,2013,2013-11-04 20:00:00,-0.49783,-65.945,daylight,18.64548799773428,2.9778476935130063,182.67631839243458,8.745555556,1,0.5322265625,3.3875274658203125,-0.02952289581298828,294.16015625,7334.73828125,0.01568371057510376,-1.139739990234375,1.5387115478515625,0.042728424072265625,291.0673828125,14496.40234375,0.012063601985573769,0.86956787109375,5.287200927734375,0.007977485656738281,282.22607421875,30569.3828125,0.007567175664007664,-3.4086841187844747,-1.4838146688507323,-5.322037204999124,1.9148473758582443,11.93408203125,12.127777777777778,0,0,1,0,0,0,0,0,0
Bergen,2013,2013-11-05 18:00:00,-0.79383,-65.79133,daylight,24.74346720882487,3.248180894294136,154.49080601447292,9.774444444,1,-0.096832275390625,-0.041778564453125,-0.022576332092285156,294.956787109375,7447.98046875,0.01584533601999283,0.9337310791015625,0.5847625732421875,-0.07129383087158203,291.51318359375,14620.54296875,0.011431227438151836,3.0251007080078125,2.4831390380859375,0.11490726470947266,282.23583984375,30690.953125,0.008045652881264687,-0.003995562278367636,-0.1256408685463779,-0.9382956421322484,1.1017263703592617,12.720947265625,12.139722222222222,0,0,1,0,0,0,0,0,0
Bergen,2013,2013-11-05 19:00:00,-1.08867,-65.54867,daylight,42.45818965810119,3.7717993186017518,140.55055940157814,16.46222222,1,-0.29962158203125,0.5476226806640625,0.07406234741210938,294.73681640625,7364.57421875,0.015562988817691803,0.9764862060546875,1.943145751953125,0.01945018768310547,291.44091796875,14538.02734375,0.011748462915420532,5.384490966796875,2.7121734619140625,0.023675918579101562,282.408447265625,30612.1015625,0.007863924838602543,-0.6132450103743083,-0.8800126482023544,1.326988554089172,2.174704744085632,12.328369140625,12.150833333333333,0,0,1,0,0,0,0,0,0
Bergen,2013,2013-11-05 20:00:00,-1.17517,-65.23417,daylight,36.26282608384041,3.6179962099579273,105.38429595069289,13.37555556,1,0.202178955078125,0.59197998046875,0.17525863647460938,294.84326171875,7265.48046875,0.01574517786502838,1.4371490478515625,2.81842041015625,0.09256839752197266,291.556396484375,14442.6875,0.010977746918797493,8.000701904296875,2.6788330078125,0.15488719940185547,282.6220703125,30524.18359375,0.00771682895720005,0.03788703903460111,0.63794934781068,7.003349388204423,3.1636831374405965,12.22119140625,12.154166666666667,0,0,1,0,0,0,0,0,0
Bergen,2013,2013-11-06 14:00:00,-1.49817,-65.03483,daylight,17.23324096862858,2.903246355041067,154.60000094401187,6.173333333,1,-2.55889892578125,-3.163726806640625,0.08603477478027344,293.840576171875,7746.2734375,0.01465673465281725,0.714080810546875,-0.65673828125,-0.014582633972167969,290.67431640625,14905.18359375,0.011868895962834358,5.0411529541015625,2.1279296875,-0.00142669677734375,281.53857421875,30929.1484375,0.007600808050483465,1.7603044897649385,0.89954920937336,0.2400935373546409,0.9701631687765137,12.302001953125,12.167777777777777,0,0,1,0,0,0,0,0,0
Bergen,2013,2013-11-06 15:00:00,-1.723,-64.885,daylight,30.03905680975686,3.4352463085697393,146.33245159374064,15.43333333,1,-2.2138824462890625,-2.3393096923828125,0.02930164337158203,294.158203125,7750.03125,0.01612100936472416,0.3046417236328125,-0.92071533203125,-0.0079345703125,290.626220703125,14908.84765625,0.01171770691871643,4.9746551513671875,2.3137969970703125,-0.09634971618652344,281.81396484375,30934.98828125,0.0074711088091135025,0.7196162312260543,0.9351673198938586,0.8321153816275546,0.9698058065486027,12.34423828125,12.176388888888889,0,0,1,0,0,0,0,0,0
Bergen,2013,2013-11-06 16:00:00,-1.91133,-64.74333,daylight,26.20012468410676,3.3032215572659585,143.06399131389537,14.91888889,1,-1.5187225341796875,-2.1003570556640625,-0.1423320770263672,295.734375,7693.109375,0.015187473967671394,-0.1370086669921875,-1.819732666015625,-0.04017162322998047,290.609375,14866.71875,0.012464739382266998,4.927215576171875,1.4529571533203125,-0.05513286590576172,281.25439453125,30875.8125,0.007889816537499428,0.7661955989369804,1.372193723064966,1.7995165641394595,1.824883106008522,14.47998046875,12.18388888888889,0,0,1,0,0,0,0,0,0
Bergen,2013,2013-11-06 17:00:00,-2.207,-64.62233,daylight,35.5202640353674,3.597867285584734,157.75877207233225,14.91888889,1,-2.0498809814453125,-3.401336669921875,-0.0036134719848632812,295.701416015625,7517.671875,0.014718113467097282,0.40008544921875,-2.9877471923828125,-0.14179420471191406,290.6396484375,14688.12109375,0.012171969749033451,4.9118499755859375,0.9707183837890625,-0.038926124572753906,282.15673828125,30729.00390625,0.007949653081595898,2.372377881459713,2.9168893222672634,0.9606737168622065,3.014415640263955,13.544677734375,12.195277777777777,0,0,1,0,0,0,0,0,0
Bergen,2013,2013-11-06 18:00:00,-2.35483,-64.598,daylight,16.65873682145399,2.8712306649536017,170.66174636943435,15.43333333,1,-1.131072998046875,-2.9369659423828125,0.07750988006591797,295.6552734375,7407.94921875,0.015148617327213287,1.15118408203125,-2.8123626708984375,0.17218685150146484,290.692138671875,14579.640625,0.012147221714258194,5.2410736083984375,1.3045654296875,0.162689208984375,282.512939453125,30629.0234375,0.007704790681600571,2.714513184498718,2.9618863122183923,-0.43684625820710965,3.0388498783890467,13.142333984375,12.200833333333334,0,0,1,0,0,0,0,0,0
Bergen,2013,2013-11-06 19:00:00,-2.62083,-64.77433,daylight,35.47617094839213,3.5966591966596293,213.51152881289377,12.34666667,1,-0.500244140625,-2.601806640625,0.18365097045898438,295.11767578125,7317.34765625,0.015402588993310928,1.1256103515625,-2.698333740234375,-0.11758899688720703,290.861083984375,14489.5234375,0.012351928278803825,5.951995849609375,2.6020965576171875,-0.6420173645019531,283.113525390625,30563.95703125,0.0075905900448560715,2.4455078466958198,1.6283476922441653,-5.4556876687997065,2.9236969126829626,12.004150390625,12.211388888888889,0,0,1,0,0,0,0,0,0
Bergen,2013,2013-11-06 20:00:00,-2.71417,-64.7615,daylight,10.476313634022704,2.440285227304988,172.18215719341424,0.0,0,0.92120361328125,-2.611724853515625,0.06515789031982422,295.09716796875,7229.2265625,0.015259741805493832,1.92156982421875,-3.0542449951171875,0.13402366638183594,291.100341796875,14403.19921875,0.011843618005514145,5.107391357421875,2.4541778564453125,0.31279659271240234,283.05126953125,30495.72265625,0.008043983951210976,2.712756143907412,3.2872372084669923,-1.7366392559337127,3.6084405329098144,12.0458984375,12.215,0,0,1,0,0,0,0,0,0
Bergen,2013,2013-11-07 16:00:00,-2.984,-64.65283,daylight,15.18371849443545,2.784005705648141,146.98582791429408,10.28888889,1,-2.0592041015625,-5.085540771484375,0.03248405456542969,294.4873046875,7657.96484375,0.014627181924879551,0.769287109375,-5.065704345703125,0.1428203582763672,290.56591796875,14820.1484375,0.012329261749982834,4.3639373779296875,-4.3868408203125,0.19971179962158203,281.991943359375,30856.4453125,0.008263551630079746,3.1424580601816845,4.666917938821084,6.0561990368389,5.123784067925391,12.495361328125,12.227777777777778,0,0,1,0,0,0,0,0,0
Bergen,2013,2013-11-07 17:00:00,-3.24333,-64.62717,daylight,28.976583061087943,3.4004165122325616,174.35811213941383,8.231111111,1,-1.7792816162109375,-5.166015625,0.05953788757324219,294.5693359375,7537.6328125,0.01456880196928978,1.6531219482421875,-4.8773651123046875,0.24109554290771484,290.791015625,14704.74609375,0.0122930146753788,5.0639190673828125,-3.01080322265625,0.3917417526245117,282.71044921875,30776.70703125,0.008113334886729717,4.966068371986857,5.016257334473624,3.494054509628981,5.149903165544665,11.85888671875,12.238055555555556,0,0,1,0,0,0,0,0,0
Bergen,2013,2013-11-07 18:00:00,-3.44333,-64.51483,daylight,25.4967177891179,3.277020868306844,150.72198880294218,0.0,0,-1.3045196533203125,-6.111480712890625,0.010030746459960938,294.57373046875,7367.8828125,0.014602914452552795,2.1442718505859375,-5.750396728515625,0.04963970184326172,291.06884765625,14539.08203125,0.012125636450946331,4.9006195068359375,-2.90789794921875,0.0962982177734375,283.0927734375,30640.09765625,0.008063234388828278,4.692809583795565,6.064475218387036,4.933071278048851,6.137178855511581,11.48095703125,12.24611111111111,0,0,1,0,0,0,0,0,0
Bergen,2013,2013-11-07 21:00:00,-3.5355,-64.468,daylight,11.652994753520789,2.5378939265639353,147.44512849519623,0.0,0,-3.35626220703125,-4.6904449462890625,0.19099044799804688,295.380859375,7251.79296875,0.013832276687026024,0.231231689453125,-4.926605224609375,0.18210601806640625,291.452392578125,14431.73046875,0.011960158124566078,3.4373016357421875,-1.84344482421875,0.1644124984741211,283.092529296875,30530.75390625,0.007691561710089445,2.1474373734960723,4.276947143082945,3.4034326146358476,4.932028703622449,12.288330078125,12.249722222222223,0,0,1,0,0,0,0,0,0
Bergen,2013,2013-11-08 15:00:00,-3.67133,-64.36117,daylight,18.455717917532187,2.968141007196549,146.34979632610407,7.202222222,1,-2.012451171875,-4.4371795654296875,0.02810382843017578,294.755126953125,7776.20703125,0.014600109308958054,-5.8464813232421875,-6.9310302734375,0.051982879638671875,291.423583984375,14950.57421875,0.012596840970218182,1.62152099609375,-5.35955810546875,-0.043091773986816406,281.18505859375,30999.203125,0.008145931176841259,2.5785263609792715,2.5299803112337265,5.360008357287636,9.067553391865241,13.570068359375,12.258055555555556,0,0,1,0,0,0,0,0,0
Bergen,2013,2013-11-08 16:00:00,-3.83667,-64.1795,daylight,27.28239607809926,3.342239564387594,132.3728781997155,14.40444444,1,-2.0439605712890625,-3.486053466796875,-0.07590389251708984,294.571533203125,7716.2109375,0.015436429530382156,-5.890869140625,-6.6363525390625,-0.24144744873046875,291.22607421875,14889.75,0.012871059589087963,1.8883056640625,-5.3972015380859375,-0.18305397033691406,281.1759033203125,30930.9921875,0.008285158313810825,0.839409487771249,0.12056446336133675,5.032490813173768,8.873754236775392,13.3956298828125,12.264722222222222,0,0,1,0,0,0,0,0,0
Bergen,2013,2013-11-08 17:00:00,-3.9985,-64.0675,daylight,21.86737705375781,3.129711312072043,145.38000495002632,15.43333333,1,-2.66717529296875,-3.6459503173828125,0.1398305892944336,294.623291015625,7603.4296875,0.01509359385818243,-7.158203125,-5.8390350341796875,0.20859813690185547,290.902099609375,14771.9296875,0.013392678461968899,2.4931182861328125,-5.302734375,0.1979656219482422,281.46319580078125,30813.61328125,0.008322102017700672,1.48508673728373,0.7383678324420551,5.780240135980362,9.237651330784116,13.16009521484375,12.27138888888889,0,0,1,0,0,0,0,0,0
Bergen,2013,2013-11-08 18:00:00,-4.35533,-64.20667,daylight,42.57373683978973,3.774454602799797,201.25009849525023,21.09222222,1,-3.5160064697265625,-3.61639404296875,0.2629737854003906,294.8408203125,7417.375,0.015638060867786407,-7.989715576171875,-5.57672119140625,0.35496044158935547,291.32666015625,14596.27734375,0.01282227598130703,1.77880859375,-5.168853759765625,0.3811502456665039,282.0509948730469,30658.78125,0.007973556406795979,4.644845574022632,8.0933342014328,4.172698411608307,9.743478548998967,12.789825439453125,12.285833333333333,0,0,1,0,0,0,0,0,0
Bergen,2013,2013-11-08 19:00:00,-4.6955,-64.10617,daylight,39.431572720102466,3.6996109827254964,163.59321081154383,14.91888889,1,-3.0331268310546875,-3.12237548828125,0.0021982192993164062,294.570556640625,7270.8203125,0.016187066212296486,-8.517379760742188,-5.8692169189453125,0.24022388458251953,291.71484375,14448.69921875,0.011787009425461292,1.01922607421875,-5.2925262451171875,0.2466278076171875,282.5888366699219,30542.359375,0.0078506488353014,2.138511731605736,3.2244478253554067,5.364902917604593,10.343764557951546,11.981719970703125,12.299722222222222,0,0,1,0,0,0,0,0,0
Bergen,2013,2013-11-08 20:00:00,-4.89367,-63.96083,daylight,27.293194639152798,3.3426213036163945,143.84505549261434,0.0,0,-3.4816741943359375,-3.6351318359375,-0.05834484100341797,295.277587890625,7201.99609375,0.016238924115896225,-8.164260864257812,-6.795562744140625,0.1583881378173828,292.19091796875,14379.0546875,0.011005942709743977,0.6206512451171875,-6.3797607421875,-0.07379150390625,282.8544616699219,30492.65234375,0.0077820755541324615,0.8810079658043541,0.670227338552734,5.51734128195328,10.622373956381114,12.423126220703125,12.307777777777778,0,0,1,0,0,0,0,0,0
Bergen,2013,2013-11-09 14:00:00,-4.9475,-63.87833,daylight,10.229201919945718,2.4185176994347577,120.36603191937968,10.80333333,1,-0.060638427734375,-1.7076568603515625,0.009294509887695312,293.663330078125,7771.94921875,0.015400058589875698,-4.2086639404296875,-5.9811859130859375,-0.030191421508789062,290.455810546875,14921.69921875,0.012184654362499714,-3.3918304443359375,-8.079620361328125,-0.22200870513916016,281.802001953125,30961.62109375,0.006691277492791414,0.8109390191508865,-0.6076691203055997,1.157911336728736,7.313510585920472,11.861328125,12.313611111111111,0,0,1,0,0,0,0,0,0
Bergen,2013,2013-11-09 15:00:00,-5.02267,-63.69367,daylight,22.09741608654713,3.1397207535459737,112.23381866894118,14.91888889,1,-0.3962860107421875,-2.1105499267578125,0.06932735443115234,294.15625,7753.6640625,0.014997957274317741,-4.56744384765625,-5.7596282958984375,-0.08151435852050781,290.43359375,14907.1796875,0.012606184929609299,-4.140777587890625,-8.040756225585938,-0.5387544631958008,281.93603515625,30959.5390625,0.006954030133783817,0.43178398843562815,-2.0484728397726197,-0.7903806832418718,7.350840864037724,12.22021484375,12.316944444444445,0,0,1,0,0,0,0,0,0
Bergen,2013,2013-11-09 16:00:00,-5.141,-63.46417,daylight,28.622481405491836,3.3885335799928664,117.37774227738697,8.745555556,1,-0.21783447265625,-1.8666839599609375,-0.19962692260742188,294.3115234375,7647.0078125,0.01558922603726387,-4.2382354736328125,-5.511962890625,-0.2010488510131836,290.828125,14809.375,0.012344710528850555,-3.426788330078125,-6.7347564697265625,-0.2870445251464844,281.974853515625,30866.8671875,0.006612215656787157,0.6649679661689001,-1.2288251388700684,0.05404270079817586,6.953011925603656,12.336669921875,12.321666666666667,0,0,1,0,0,0,0,0,0
Bergen,2013,2013-11-09 17:00:00,-5.3455,-63.22067,daylight,35.271283181212446,3.5910263312521975,130.15416750900516,12.86111111,1,-0.48394775390625,-1.098419189453125,0.03376960754394531,294.362060546875,7606.45703125,0.015571214258670807,-5.188812255859375,-4.4277496337890625,0.21689987182617188,290.830078125,14769.515625,0.01226658932864666,-4.071197509765625,-5.6425018310546875,0.3182687759399414,282.134765625,30830.37890625,0.006898204330354929,0.33842464343591044,-1.1106531592950035,0.5268820207587899,6.821197801418431,12.227294921875,12.330277777777777,0,0,1,0,0,0,0,0,0
Bergen,2013,2013-11-12 17:00:00,-5.37483,-63.16083,daylight,12.508373157414875,2.6033097270614283,344.6917360216246,6.173333333,1,-2.44207763671875,-4.3066864013671875,0.41612911224365234,294.219482421875,7497.59375,0.016240498051047325,-3.9686431884765625,-6.9693145751953125,0.40883731842041016,291.168701171875,14673.59375,0.013447619043290615,-5.4918365478515625,-3.9056396484375,0.5748491287231445,281.6204833984375,30745.12890625,0.008044544607400894,-3.509144151091898,-5.6742686618964076,-2.3171533334480108,8.020066982605023,12.5989990234375,12.34361111111111,0,0,1,0,0,0,0,0,0
Bergen,2013,2013-11-13 18:00:00,-5.353,-63.208,daylight,10.264735362510315,2.4216770815985296,314.90470190279666,0.0,0,-1.5358734130859375,-0.5755462646484375,-0.24627113342285156,295.931396484375,7396.10546875,0.015881512314081192,-3.698944091796875,-1.314422607421875,-0.4066781997680664,291.551025390625,14577.58203125,0.012087738141417503,-2.5829620361328125,-2.2894744873046875,-0.07598114013671875,282.5184326171875,30663.515625,0.008233514614403248,0.6815361525024695,1.6920052289621759,0.2132572498619576,3.9255438075686695,13.4129638671875,12.346666666666666,0,0,1,0,0,0,0,0,0
Bergen,2013,2013-11-21 16:00:00,-5.3075,-63.06,daylight,11.961737194548649,2.562001724730444,18.52749209954061,0.514444444,0,-1.6158905029296875,0.3033447265625,-0.010799407958984375,294.9873046875,7721.48046875,0.016346901655197144,-3.9218902587890625,-1.5684356689453125,-0.05670452117919922,290.880126953125,14885.1953125,0.011363895609974861,-2.213836669921875,-0.6975555419921875,0.08783721923828125,281.508544921875,30920.46875,0.007763930130749941,-0.2258420414567721,-2.733364161492574,-1.3648701105563763,4.223886083881107,13.478759765625,12.373611111111112,0,0,1,0,0,0,0,0,0
Bergen,2013,2013-11-21 18:00:00,-5.33333,-63.19567,daylight,14.442490036333272,2.737122803376977,259.273949770113,7.716666667,1,-1.6996307373046875,0.2910003662109375,-0.023583412170410156,296.514404296875,7496.375,0.016095198690891266,-2.5703277587890625,-2.2780914306640625,0.09174442291259766,291.184326171875,14684.53515625,0.012040482833981514,-2.798126220703125,1.1791534423828125,0.1891765594482422,282.28564453125,30719.51953125,0.0077646346762776375,1.6157762099759587,2.949402945238032,2.5297819400607287,3.4345720772851225,14.228759765625,12.375,0,0,1,0,0,0,0,0,0
Bergen,2013,2013-11-22 21:00:00,-5.14167,-63.14133,daylight,16.455462464353307,2.8596526348696316,91.94284971064195,0.0,0,2.5728302001953125,4.811309814453125,0.16503238677978516,293.916015625,7358.6015625,0.012700173072516918,1.356048583984375,2.4509124755859375,0.014882087707519531,290.18798828125,14497.30859375,0.011724772863090038,4.262939453125,5.9089813232421875,0.10332679748535156,281.917724609375,30545.22265625,0.008531218394637108,2.408235145697481,1.272176676849174,4.0601588765661845,2.8010426139401767,11.998291015625,12.368611111111111,0,0,1,0,0,0,0,0,0
Bergen,2013,2013-11-23 18:00:00,-5.194,-63.1495,daylight,16.28094666207794,2.849604545560404,221.193979686759,13.37555556,1,-1.1389923095703125,-0.7244873046875,-0.058826446533203125,295.940185546875,7380.21484375,0.01456493604928255,-0.1911468505859375,-0.2700958251953125,-0.0902853012084961,291.61474609375,14553.8203125,0.010989676229655743,3.021697998046875,0.747711181640625,0.045660972595214844,282.0409240722656,30619.98828125,0.00821597594767809,1.2953173662812052,0.32913412142964993,-2.552762505764674,0.3308910293085316,13.899261474609375,12.374444444444444,0,0,1,0,0,0,0,0,0
Bergen,2013,2013-11-23 19:00:00,-5.29067,-63.226,daylight,13.685779158134508,2.686879621338695,218.23610437053608,0.0,0,-0.6069793701171875,-1.1290130615234375,-0.08115768432617188,296.054931640625,7288.31640625,0.015037942677736282,0.02130126953125,-0.64678955078125,-0.15377235412597656,291.543701171875,14465.765625,0.01120139192789793,2.777557373046875,0.052581787109375,0.07342815399169922,282.1275939941406,30535.38671875,0.008381609804928303,1.2624642024014288,0.4948484528272498,-1.7603411646760685,0.6471402221184016,13.927337646484375,12.379166666666666,0,0,1,0,0,0,0,0,0
Bergen,2013,2013-11-24 14:00:00,-5.3395,-63.18733,daylight,10.516865060016434,2.443812488026695,153.3080877297134,12.86111111,1,0.5648040771484375,-3.55352783203125,-0.01714611053466797,295.389892578125,7616.80859375,0.015530289150774479,-0.7422027587890625,-5.2948760986328125,-0.008077621459960938,291.419677734375,14800.03515625,0.011291115544736385,2.7252197265625,1.0164337158203125,-0.1826763153076172,282.0655517578125,30881.5078125,0.008606070652604103,3.4285514173574807,4.397234389591816,0.31603206170913856,5.3466417343064165,13.3243408203125,12.384722222222223,0,0,1,0,0,0,0,0,0
Whit,2013,2013-09-14 20:00:00,41.50067,-71.2415,wind,16.968797024169696,2.8886367549914698,94.94391401116758,0.0,0,3.955230712890625,-2.549285888671875,-0.20876312255859375,284.936767578125,7606.8125,0.007250543683767319,3.976287841796875,-1.6385650634765625,0.004212379455566406,278.839599609375,14477.3671875,0.00654522143304348,6.51348876953125,1.8770599365234375,0.032919883728027344,274.218994140625,29960.81640625,0.0010227669263258576,4.160214257301525,4.102706630571043,6.327489530036442,4.300669769706528,10.7177734375,12.511111111111111,0,0,0,0,0,0,0,0,1
Whit,2013,2013-10-08 14:00:00,41.39133,-71.33183,wind,14.424379832659199,2.7359493636450556,211.75412897899645,5.144444444,1,1.326171875,-10.369277954101562,0.262969970703125,283.6923828125,8177.0390625,0.0017298355232924223,4.474334716796875,-4.8475189208984375,0.09574604034423828,281.806884765625,15054.38671875,0.0007636563386768103,15.651504516601562,-4.1602630615234375,0.23146820068359375,276.75146484375,30562.25,9.041083103511482e-05,8.11921396942661,1.76718325726566,-4.699467526379461,6.596825815981663,6.94091796875,11.415555555555555,0,0,0,0,0,0,0,0,1
Whit,2013,2013-10-08 15:00:00,41.09267,-71.37317,wind,33.388868006548456,3.53773290754733,185.95564687005873,4.115555556,1,-0.58319091796875,-8.03009033203125,0.1540822982788086,284.30712890625,8239.46875,0.0015517333522439003,5.5479583740234375,-5.6007843017578125,0.2619791030883789,281.77685546875,15119.8203125,0.0012419386766850948,11.838043212890625,-1.428070068359375,0.11432933807373047,277.85107421875,30717.04296875,5.481945117935538e-05,8.04725908208858,4.994905948400277,0.19206370925706162,7.8834400431990055,6.4560546875,11.4225,0,0,0,0,0,0,0,0,1
Whit,2013,2013-10-08 16:00:00,40.75933,-71.42617,wind,37.33221271140906,3.646290605652414,186.8675449298795,13.37555556,1,-1.68011474609375,-8.477371215820312,0.09331798553466797,284.678955078125,8231.7265625,0.0015236828476190567,4.3975372314453125,-6.6789398193359375,0.19097614288330078,282.204833984375,15120.70703125,0.0012256752233952284,9.632217407226562,-0.786041259765625,0.04639244079589844,278.54052734375,30763.828125,9.630828571971506e-05,8.617446897878839,6.1051867855220205,-0.3713657356708572,7.996659978532216,6.138427734375,11.430277777777778,0,0,0,0,0,0,0,0,1
Whit,2013,2013-10-08 17:00:00,40.40033,-71.58283,wind,42.05430931518344,3.7624623261005947,198.387731895597,16.46222222,1,-2.882781982421875,-7.4147796630859375,-0.028428077697753906,284.801513671875,8251.2734375,0.0014685105998069048,2.839385986328125,-6.8575286865234375,0.012398719787597656,282.388427734375,15143.53125,0.0011827789712697268,8.338912963867188,0.789947509765625,-0.021553993225097656,278.734619140625,30811.28125,0.00011979671398876235,7.945569165339969,5.611735249054539,-3.3800911655524883,7.422116441140519,6.06689453125,11.438333333333333,0,0,0,0,0,0,0,0,1
Whit,2013,2013-10-08 18:00:00,40.07133,-71.8585,wind,43.42690793727132,3.7938453204965854,212.69407013686657,20.57777778,1,-3.9277191162109375,-7.01385498046875,0.02032947540283203,284.98291015625,8272.359375,0.0015128802042454481,1.122894287109375,-6.6502532958984375,0.1815023422241211,282.856689453125,15174.734375,0.0017463851254433393,8.214935302734375,1.37396240234375,0.07058334350585938,279.346923828125,30870.515625,0.0005065383738838136,8.024196866816673,4.9900966831900675,-5.5936047871042724,6.744387331672974,5.635986328125,11.445833333333333,0,0,0,0,0,0,0,0,1
Whit,2013,2013-10-08 19:00:00,39.70617,-72.1475,wind,47.504192396747214,3.8816502353776605,211.36140780814938,2.057777778,1,-4.9248809814453125,-7.2315216064453125,0.03564453125,285.037841796875,8267.73046875,0.001561696408316493,-0.77178955078125,-6.4190673828125,0.19472217559814453,282.970947265625,15170.40625,0.001723970053717494,6.7052001953125,1.277496337890625,0.12772369384765625,279.478515625,30879.32421875,0.0005624401965178549,8.738085842907658,5.88291747591011,-4.58047423450353,6.465298537251195,5.559326171875,11.453888888888889,0,0,0,0,0,0,0,0,1
Whit,2013,2013-10-08 20:00:00,39.23833,-72.41417,wind,56.8344519001575,4.057584651744863,203.83452374051507,18.52,1,-6.0124969482421875,-7.7193450927734375,-0.0013093948364257812,285.18115234375,8286.203125,0.0017905274871736765,-2.402008056640625,-5.9361724853515625,-0.004183769226074219,283.3798828125,15197.84375,0.0019261635607108474,5.6142730712890625,1.4545135498046875,0.2371988296508789,280.01416015625,30958.2734375,0.0005574298556894064,9.490640305814527,6.400557127314293,-3.599175610076041,6.403732230505224,5.1669921875,11.464166666666667,0,0,0,0,0,0,0,0,1
Whit,2013,2013-10-08 21:00:00,38.728,-72.681,wind,61.25386224621519,4.131220577536067,202.20250362210928,1.543333333,1,-7.118072509765625,-8.059768676757812,0.18988323211669922,285.7724609375,8228.96484375,0.0021088249050080776,-3.1047210693359375,-4.3629302978515625,0.15692520141601562,283.7822265625,15152.09375,0.0022094384767115116,4.5013427734375,1.8358306884765625,0.1564950942993164,280.378662109375,30952.765625,0.0018783253617584705,10.151955754695205,5.212652648276979,-3.4006843270246225,5.35485328485194,5.393798828125,11.475277777777778,0,0,0,0,0,0,0,0,1
Whit,2013,2013-10-08 22:00:00,38.17367,-72.92217,wind,65.11817752374964,4.1914437094112715,198.8899952063346,25.20777778,1,-9.331954956054688,-7.7636260986328125,-0.080352783203125,285.670654296875,8258.04296875,0.003612394444644451,-4.1620941162109375,-2.3057098388671875,-0.16716861724853516,284.78515625,15201.28515625,0.005197798367589712,1.5103912353515625,5.8299407958984375,-0.37522029876708984,279.42236328125,31047.5,0.005806156434118748,10.366733043105043,3.529015873840444,-6.004943797105182,4.758080000719477,6.248291015625,11.487222222222222,0,0,0,0,0,0,0,0,1
Whit,2013,2013-10-09 18:00:00,35.668,-75.77533,wind,20.86446104805718,3.0848625354898433,234.91534110201383,7.716666667,1,-14.376434326171875,1.9001617431640625,-1.348494529724121,291.3720703125,7762.359375,0.014065556228160858,-10.654647827148438,4.9368896484375,-0.702789306640625,286.9677734375,14835.46875,0.011281624436378479,-5.59564208984375,3.6959991455078125,-0.5592679977416992,279.227294921875,30690.96484375,0.006684399675577879,10.672101954699308,5.881081287166446,2.4545251395532794,11.742844617953875,12.144775390625,11.502222222222223,0,0,0,0,0,0,0,0,1
Whit,2013,2013-10-09 19:00:00,35.54633,-75.971,wind,22.27000129645806,3.14716503302791,232.6478590702131,19.03444444,1,-12.026565551757812,4.080474853515625,-1.3976144790649414,291.5478515625,7696.75,0.014158273115754128,-10.576828002929688,4.7086639404296875,-1.1135673522949219,287.82080078125,14784.515625,0.012183199636638165,-6.6381988525390625,4.0207061767578125,-0.1911306381225586,279.1630859375,30647.8046875,0.007372389081865549,7.084504451132876,5.550946746714887,2.8374373006368163,11.57759934992831,12.384765625,11.504722222222222,0,0,0,0,0,0,0,0,1
Whit,2013,2013-10-12 15:00:00,35.30133,-76.55417,wind,10.980738216875626,2.4833002115630807,224.18815990390516,0.0,0,0.241607666015625,-2.929229736328125,-0.10508537292480469,289.2138671875,7822.63671875,0.011829538270831108,2.35992431640625,-1.1846466064453125,-0.41426849365234375,285.896240234375,14856.01953125,0.010007437318563461,-3.0471954345703125,-3.6859283447265625,-0.1071786880493164,278.165283203125,30621.66796875,0.004734529182314873,1.9320131984438778,-0.7954508538381146,4.766958933553107,2.6405738696972483,11.048583984375,11.401666666666667,0,0,0,0,0,0,0,0,1
Whit,2013,2013-10-12 17:00:00,35.14767,-76.63683,wind,14.179104584894898,2.719919783725399,187.242331302904,0.0,0,0.062164306640625,-3.730926513671875,-0.1088418960571289,288.727294921875,7816.62890625,0.011939491145312786,3.1088714599609375,-3.4058990478515625,-0.22252464294433594,285.733642578125,14842.02734375,0.009484488517045975,-2.43304443359375,-3.108428955078125,0.0970907211303711,278.330810546875,30608.015625,0.004830389283597469,3.693323736748788,2.9868026194290134,3.3903540377208303,4.611423866737456,10.396484375,11.405555555555555,0,0,0,0,0,0,0,0,1
Whit,2013,2013-10-12 18:00:00,35.05217,-76.60183,wind,11.086211200603904,2.492065232600841,163.29879986475214,13.89,1,0.4867095947265625,-3.0412750244140625,-0.05384635925292969,288.02490234375,7784.578125,0.011544404551386833,3.0196075439453125,-3.707550048828125,-0.26744747161865234,285.63037109375,14805.0,0.0097278393805027,-1.498504638671875,-2.7664947509765625,-0.0026454925537109375,277.874755859375,30568.3046875,0.004671845585107803,3.052854211793381,4.418929095787766,2.219153115705245,4.7816270331359885,10.150146484375,11.408055555555556,0,0,0,0,0,0,0,0,1
Whit,2013,2013-10-13 17:00:00,34.62667,-76.85883,wind,39.76668780720374,3.7078652725989727,209.32104161524057,16.97666667,1,-6.2791595458984375,-7.3723602294921875,-0.026346206665039062,289.29052734375,8150.0078125,0.012118184939026833,-8.583709716796875,-5.966583251953125,-0.23029708862304688,285.8544921875,15176.12109375,0.008979689329862595,-5.9666595458984375,-2.3515777587890625,0.008190155029296875,277.67919921875,30930.75,0.005252762231975794,9.502804673390246,9.405666901204992,4.972205116699126,10.453716478110577,11.611328125,11.383888888888889,0,0,0,0,0,0,0,0,1
Whit,2013,2013-10-13 18:00:00,34.1965,-76.93633,wind,48.35818383014284,3.8991035845551876,188.47606830935965,18.52,1,-6.0973052978515625,-8.34490966796875,-0.06752395629882812,289.282470703125,8098.62109375,0.012180031277239323,-8.155197143554688,-6.612884521484375,-0.0034475326538085938,285.790771484375,15123.8671875,0.00932268425822258,-4.8197174072265625,-2.865936279296875,-0.048209190368652344,277.700927734375,30889.01953125,0.0056862132623791695,9.152482755442467,7.742701270000964,3.5450416435192595,10.499403894732794,11.58154296875,11.395,0,0,0,0,0,0,0,0,1
Whit,2013,2013-10-13 19:00:00,33.82117,-77.0935,wind,44.177700565526656,3.8106036147806686,199.18714381897004,17.49111111,1,-5.4946441650390625,-9.041290283203125,-0.05865478515625,289.621826171875,8025.8359375,0.011819244362413883,-5.7092437744140625,-7.01129150390625,0.07765960693359375,286.275390625,15060.62109375,0.009469099342823029,-2.3608856201171875,-3.3788299560546875,-0.06460094451904297,277.73828125,30851.7421875,0.006163281388580799,10.344888691309691,8.498185241284816,3.9670526617632658,9.04177377666759,11.883544921875,11.404722222222222,0,0,0,0,0,0,0,0,1
Whit,2013,2013-10-13 20:00:00,33.518,-77.33533,wind,40.463109633168955,3.7248041074070195,213.64572898242707,16.46222222,1,-4.7471160888671875,-9.515914916992188,-0.2795391082763672,289.787109375,7990.89453125,0.011835401877760887,-5.2531890869140625,-7.64361572265625,-0.036502838134765625,286.325927734375,15027.7421875,0.009617858566343784,-0.98980712890625,-3.129425048828125,0.10233116149902344,277.782470703125,30826.84765625,0.006113214418292046,10.551971047479958,9.273713575698181,3.1535903021948117,9.27474295592664,12.004638671875,11.4125,0,0,0,0,0,0,0,0,1
Whit,2013,2013-10-13 21:00:00,33.22517,-77.56417,wind,38.88196975711373,3.6859243359780436,213.19259096821713,9.26,1,-4.550750732421875,-9.798110961914062,-0.2512063980102539,289.882568359375,7995.25,0.01199826318770647,-5.255035400390625,-7.726593017578125,-0.08107471466064453,286.259765625,15032.828125,0.009963552467525005,-0.82501220703125,-3.2847747802734375,-0.05615043640136719,278.147705078125,30829.93359375,0.004634540062397718,10.690734605197132,9.34277982589703,3.200471944671583,9.344283638602036,11.73486328125,11.42,0,0,0,0,0,0,0,0,1
Whit,2013,2013-10-13 22:00:00,32.8875,-77.80183,wind,43.59321031027874,3.797581612241521,210.60118783585867,20.57777778,1,-3.1337432861328125,-8.378555297851562,-0.19034194946289062,289.8076171875,8007.70703125,0.011921658180654049,-5.3471832275390625,-6.415771484375,-0.19312667846679688,286.281982421875,15046.1796875,0.009372963570058346,-0.9779052734375,-3.8304443359375,-0.13497066497802734,278.494140625,30831.4453125,0.002134652342647314,8.806947286780872,8.244289581902057,3.7947957327125477,8.351915481408708,11.3134765625,11.428333333333333,0,0,0,0,0,0,0,0,1
Whit,2013,2013-10-14 14:00:00,28.00033,-80.239,wind,34.99521013805268,3.5833858778831855,178.98243697009195,12.34666667,1,-2.27996826171875,-3.713653564453125,0.017403602600097656,291.040283203125,8051.15625,0.011049995198845863,-1.8398284912109375,-4.122833251953125,-0.08613967895507812,287.052490234375,15109.86328125,0.008421230129897594,2.6001434326171875,-3.531219482421875,0.15255451202392578,281.140625,30934.43359375,0.0019194328924641013,3.672578206259513,4.0895097599724055,3.576838269061843,4.514722904064201,9.899658203125,11.519166666666667,0,0,0,0,0,0,0,0,1
Whit,2013,2013-10-14 15:00:00,27.65017,-80.25533,wind,38.96911696437905,3.6881070800193214,182.36555907559676,14.40444444,1,-2.297760009765625,-4.5997161865234375,-0.0024585723876953125,291.15380859375,8047.58984375,0.011525221168994904,-2.004364013671875,-3.868011474609375,-0.016966819763183594,287.244140625,15110.140625,0.00812844280153513,3.1646575927734375,-2.0841064453125,-0.01245880126953125,281.68994140625,30951.21875,0.0010635025100782514,4.690636602574658,3.947445494699066,1.951708963483971,4.356488019840365,9.4638671875,11.5275,0,0,0,0,0,0,0,0,1
Whit,2013,2013-10-14 16:00:00,27.41233,-80.29667,wind,26.758895839931352,3.3235563596289377,188.771687780181,13.37555556,1,-2.3025665283203125,-4.793853759765625,-0.1729869842529297,291.36279296875,8057.83984375,0.011562930420041084,-1.9840545654296875,-3.506439208984375,-0.1878185272216797,287.374267578125,15121.51953125,0.008206873200833797,3.3222808837890625,-1.0086212158203125,-0.16707229614257812,281.38525390625,30962.96484375,0.0007020616321824491,5.088919785834969,3.7679907433415143,0.4901847324128843,4.028844554572111,9.9775390625,11.533333333333333,0,0,0,0,0,0,0,0,1
Whit,2013,2013-10-14 18:00:00,27.3215,-80.27867,wind,10.404878229542941,2.434041178743179,161.36188404500774,7.202222222,1,-3.0576171875,-4.50677490234375,-0.23221874237060547,291.200927734375,7940.2890625,0.01147319283336401,-1.9579315185546875,-3.0918731689453125,-0.3821430206298828,287.724365234375,15006.73828125,0.00850754976272583,1.889801025390625,-1.8355255126953125,0.03635120391845703,279.701904296875,30847.1875,0.0026435141917318106,3.2932385740885284,2.303988186497286,2.343224255962774,3.6596687724702344,11.4990234375,11.535555555555556,0,0,0,0,0,0,0,0,1
Whit,2013,2013-10-14 20:00:00,26.97917,-80.22733,wind,37.416558722730244,3.6484885833842298,172.7730789916186,18.52,1,-3.4524688720703125,-3.7755279541015625,-0.013173103332519531,291.513916015625,7826.94921875,0.011622678488492966,-1.9861907958984375,-3.4176177978515625,-0.06322574615478516,287.368896484375,14896.89453125,0.009147030301392078,2.1981201171875,-2.6681976318359375,0.137115478515625,280.368408203125,30742.94921875,0.0037659117951989174,3.3112156114014386,3.140605665336697,2.92352281341953,3.9528553337939694,11.1455078125,11.543611111111112,0,0,0,0,0,0,0,0,1
Whit,2013,2013-10-14 21:00:00,26.64817,-80.1935,wind,36.95832078167733,3.636488736242645,174.78048628990985,7.202222222,1,-3.17108154296875,-3.2403106689453125,0.22659778594970703,291.89013671875,7831.4453125,0.011512148194015026,-2.0568084716796875,-3.1981353759765625,0.1434040069580078,287.45849609375,14908.62890625,0.00893338117748499,2.13861083984375,-2.8983917236328125,0.12953567504882812,281.562255859375,30765.56640625,0.0023333244025707245,2.938395791531881,2.9977627527510777,3.0809266395021666,3.802437504055271,10.327880859375,11.551388888888889,0,0,0,0,0,0,0,0,1
Whit,2013,2013-10-14 22:00:00,26.33617,-80.231,wind,34.89296528552075,3.5805413232433647,186.14815791469505,0.0,0,-2.586761474609375,-3.8357086181640625,-0.32830142974853516,292.97412109375,7829.34765625,0.011735185980796814,-0.956146240234375,-4.7440643310546875,-0.08992671966552734,289.045654296875,14933.3828125,0.00913594663143158,0.7759857177734375,-0.2723846435546875,-0.12877845764160156,282.370361328125,30825.00390625,0.0009137655142694712,4.090688290288409,4.819180844962382,0.18771005587337125,4.839458855068373,10.603759765625,11.55888888888889,0,0,0,0,0,0,0,0,1
Whit,2013,2013-10-15 15:00:00,26.14567,-80.17,wind,21.82329473130271,3.127781713122817,165.47596097823873,15.43333333,1,-1.4351654052734375,-4.327239990234375,0.047455787658691406,292.644775390625,7914.8359375,0.012582380324602127,-2.8724822998046875,-4.1348876953125,-0.001430511474609375,288.395263671875,15016.80078125,0.009523707441985607,2.2180938720703125,-1.4201812744140625,0.0661468505859375,282.3212890625,30917.9765625,0.0010698881233111024,3.8290325960396445,3.282368187777556,1.9310631243091145,5.034724502446776,10.323486328125,11.538611111111111,0,0,0,0,0,0,0,0,1
Whit,2013,2013-10-15 16:00:00,25.77467,-80.16617,wind,41.255094759969744,3.743724932568058,179.4673681306076,4.63,1,-1.6735992431640625,-4.545562744140625,0.14341068267822266,292.74951171875,7901.90625,0.012233512476086617,-2.499755859375,-3.3567047119140625,0.12041759490966797,288.93115234375,15005.46484375,0.007233458571135998,3.195068359375,-1.5385589599609375,0.06488704681396484,282.9140625,30925.796875,0.0010214524809271097,4.5298084787244495,3.3333218262167295,1.5681939823200168,4.185241436221537,9.83544921875,11.547777777777778,0,0,0,0,0,0,0,0,1
Whit,2013,2013-10-15 17:00:00,25.54117,-80.4075,wind,35.48547822424553,3.5969143245524173,223.02492576169624,20.06333333,1,-1.887420654296875,-3.934661865234375,0.046539306640625,293.734375,7847.73046875,0.012314588762819767,-1.7863311767578125,-2.6712799072265625,0.10470199584960938,289.0400390625,14957.8984375,0.007405136711895466,3.635284423828125,-1.7363433837890625,0.0627288818359375,283.03955078125,30884.3515625,0.0010102837113663554,4.164280037464178,3.171700876933505,-1.2110485255852241,3.213520719679477,10.69482421875,11.553333333333333,0,0,0,0,0,0,0,0,1
Whit,2013,2013-10-15 18:00:00,25.1365,-80.527,wind,46.57228282397416,3.862250298024619,194.96908149248998,13.37555556,1,-2.1273956298828125,-4.4047393798828125,0.028959274291992188,294.055419921875,7784.625,0.011742553673684597,-0.0329132080078125,-2.63885498046875,0.19457054138183594,289.40966796875,14906.3828125,0.007110947277396917,3.6265411376953125,-1.9873199462890625,0.06417465209960938,283.195556640625,30850.99609375,0.0009308578446507454,4.804767636679118,2.557807773922829,0.9831534726461303,2.6390602280368842,10.85986328125,11.563333333333333,0,0,0,0,0,0,0,0,1
Whit,2013,2013-10-15 20:00:00,24.80433,-80.66817,wind,33.29382163919273,3.5349652108098146,208.91797341887823,6.173333333,1,-2.4574737548828125,-4.64886474609375,0.13956260681152344,294.52880859375,7704.69921875,0.010115116834640503,0.7885284423828125,-3.58203125,0.20425987243652344,289.818115234375,14836.51171875,0.005906886421144009,3.436767578125,-3.3138885498046875,0.10453510284423828,283.52294921875,30804.94921875,0.000710506341420114,5.257539800449871,2.754099652435563,1.2388163515395532,3.6677956568521135,11.005859375,11.571111111111112,0,0,0,0,0,0,0,0,1
Whit,2013,2013-10-15 21:00:00,24.56,-80.748,wind,28.340245594986687,3.378960143333745,196.5517613663276,7.716666667,1,-2.535430908203125,-4.5565643310546875,0.08896350860595703,294.7431640625,7697.33203125,0.009252514690160751,1.013671875,-3.3407745361328125,0.10316944122314453,290.2373046875,14830.33203125,0.004473513923585415,2.8970794677734375,-3.706939697265625,0.03477001190185547,283.776611328125,30808.67578125,0.0006019644206389785,5.090050081195994,2.9135657721098625,2.7280102075492816,3.4911753280864346,10.966552734375,11.576944444444445,0,0,0,0,0,0,0,0,1
Whit,2013,2013-10-15 22:00:00,24.22383,-80.78883,wind,37.608391231613346,3.653469642265164,186.32057707731323,16.97666667,1,-3.5065155029296875,-4.1188812255859375,0.11949634552001953,294.110595703125,7667.94140625,0.009179359301924706,1.3515625,-4.0299835205078125,0.16822528839111328,290.120361328125,14794.90625,0.0042259711772203445,2.6574859619140625,-5.056732177734375,0.1011362075805664,283.9755859375,30765.64453125,0.0006301576504483819,4.479881285546068,3.8566919555765593,4.733428725978952,4.250586826188919,10.135009765625,11.585,0,0,0,0,0,0,0,0,1
Whit,2013,2013-10-16 15:00:00,22.97933,-80.84483,wind,16.827597407053194,2.8807476727703896,182.6709430416813,12.34666667,1,-3.0699310302734375,-4.5869598388671875,-0.07478713989257812,293.140625,7905.55078125,0.014409152790904045,-1.2812042236328125,-1.726898193359375,0.007990837097167969,289.718994140625,15027.61328125,0.0069139013066887856,0.8412017822265625,0.1593017578125,0.059696197509765625,284.199462890625,31024.76953125,0.0009664237149991095,4.725035112070569,1.7847261012153088,-0.19832859019736132,2.150270130212116,8.941162109375,11.593333333333334,0,0,0,0,0,0,0,0,1
Whit,2013,2013-10-16 16:00:00,22.65933,-80.78817,wind,36.05313985803794,3.612353094657061,170.71980669655022,12.86111111,1,-3.0459442138671875,-4.553558349609375,-0.11129283905029297,293.779052734375,7875.69140625,0.014558631926774979,-1.57373046875,-1.7930145263671875,0.03970909118652344,289.977294921875,15003.3984375,0.0070235636085271835,1.560394287109375,0.57830810546875,0.05211639404296875,284.22705078125,31008.04296875,0.0010879139881581068,4.002762127986155,1.5157627296149183,-0.31910559442456726,2.3856924948609457,9.552001953125,11.601111111111111,0,0,0,0,0,0,0,0,1
Whit,2013,2013-10-16 17:00:00,22.30217,-80.58867,wind,44.69208714001709,3.8219251349874757,152.66235603218422,21.09222222,1,-2.8369903564453125,-3.395660400390625,0.026709556579589844,294.82177734375,7819.890625,0.01371946930885315,-1.0991973876953125,-2.585906982421875,0.046273231506347656,290.275390625,14962.2734375,0.008331065997481346,4.2831268310546875,0.8439483642578125,0.05154895782470703,283.240478515625,30972.32421875,0.002660303609445691,1.7135780493977102,1.7923137496662027,1.2172618283847423,2.809830923535152,11.581298828125,11.609722222222222,0,0,0,0,0,0,0,0,1
Whit,2013,2013-10-16 18:00:00,22.08067,-80.24567,wind,43.055178371403144,3.7854429021449794,124.82833598035802,11.83222222,1,-1.401824951171875,-1.7676544189453125,-0.16922378540039062,295.8291015625,7757.16015625,0.013215400278568268,-1.5715484619140625,-1.752166748046875,0.015746116638183594,290.348876953125,14914.328125,0.010069143027067184,5.510986328125,0.8551177978515625,-0.012738227844238281,282.580322265625,30930.98828125,0.004065070301294327,-0.14116955558427424,-0.2893352731582566,4.035411499552047,2.35368920656607,13.248779296875,11.615277777777777,0,0,0,0,0,0,0,0,1
Whit,2013,2013-10-16 19:00:00,21.94583,-80.0735,wind,23.234103428581925,3.1877608737123273,130.15766462993003,6.173333333,1,-0.39642333984375,-1.6767730712890625,-0.6474199295043945,296.90380859375,7692.03515625,0.012919179163873196,0.103118896484375,-1.0069427490234375,-0.5994873046875,290.315673828125,14868.56640625,0.011975753121078014,6.4743194580078125,0.582275390625,-0.008521080017089844,282.423828125,30878.17578125,0.004292596597224474,0.7783639128153488,0.7281814422988055,4.572640483199996,1.0122090725848256,14.47998046875,11.618333333333334,0,0,0,0,0,0,0,0,1
Whit,2013,2013-10-16 20:00:00,21.86833,-79.79783,wind,29.716601595309726,3.4248032770073795,106.8060751919765,10.80333333,1,0.195587158203125,-1.340606689453125,-0.623570442199707,296.533203125,7645.1953125,0.013654720038175583,1.5662384033203125,-2.450439453125,-0.34271907806396484,290.597412109375,14819.10546875,0.011515140533447266,5.7862548828125,-0.2213287353515625,-0.11072063446044922,282.06884765625,30843.96484375,0.005586732178926468,0.5748474435671671,2.207846203128649,5.60311076460655,2.9082221802102586,14.46435546875,11.620277777777778,0,0,0,0,0,0,0,0,1
Whit,2013,2013-10-16 21:00:00,21.839,-79.59417,wind,21.270082308956773,3.103244177219194,98.78205451969512,8.231111111,1,-0.6300048828125,-2.80950927734375,-0.6987819671630859,295.996826171875,7651.9375,0.013538811355829239,1.5047149658203125,-2.6892242431640625,-0.20957660675048828,290.716064453125,14821.48828125,0.011973774991929531,4.7450714111328125,-0.710845947265625,-0.0037822723388671875,281.64990234375,30859.5,0.005931014660745859,-0.19367335879770659,1.8976548916243803,4.797970711747673,3.081573325167673,14.346923828125,11.62111111111111,0,0,0,0,0,0,0,0,1
Whit,2013,2013-10-16 22:00:00,21.80517,-79.426,wind,17.762576110661556,2.931864253482282,102.19530689430053,0.0,0,-1.011444091796875,-3.75286865234375,-0.7857799530029297,296.182861328125,7626.5234375,0.013517782092094421,2.1841278076171875,-3.426971435546875,-0.3629312515258789,290.6103515625,14800.98828125,0.012646734714508057,4.4310150146484375,-1.275115966796875,0.24694156646728516,282.17236328125,30858.23828125,0.005548376590013504,-0.19584529021769526,2.8587687079892046,4.6003827230022685,4.0638094812701135,14.010498046875,11.621944444444445,0,0,0,0,0,0,0,0,1
Whit,2013,2013-10-18 17:00:00,21.92,-79.22317,wind,13.72673694701976,2.6896646816316063,116.26421049622837,9.26,1,-2.43511962890625,1.055877685546875,-0.17318058013916016,295.59814453125,7874.9765625,0.015019511803984642,-2.4781036376953125,0.879180908203125,-0.09920120239257812,291.23388671875,15046.3125,0.011399820446968079,-1.37457275390625,2.511688232421875,0.10099411010742188,282.59619140625,31114.3984375,0.004627584479749203,-2.65096284256584,-2.611319023336994,-2.344115980775261,2.629440379340747,13.001953125,11.579444444444444,0,0,0,0,0,0,0,0,1
Whit,2013,2013-10-18 19:00:00,21.869,-78.85733,wind,29.738681844121604,3.4255218563882313,92.0527282622898,16.97666667,1,-1.2058258056640625,1.2478485107421875,-0.14878368377685547,296.2109375,7745.6328125,0.014352820813655853,-1.7712249755859375,1.11334228515625,-0.043938636779785156,291.80126953125,14927.46875,0.011045041494071484,-0.305206298828125,1.3919219970703125,0.0011777877807617188,282.624755859375,31010.78515625,0.005998493637889624,-1.249748949988121,-1.8099673898072886,-0.3548679803413094,2.0920728854550803,13.586181640625,11.580555555555556,0,0,0,0,0,0,0,0,1
Whit,2013,2013-10-19 15:00:00,21.79817,-78.57833,wind,24.133079000055464,3.224184866933411,110.69146310269173,8.745555556,1,-3.73052978515625,0.971527099609375,-0.06199455261230469,295.251953125,7968.30859375,0.014863064512610435,-1.3614501953125,0.446380615234375,-0.00974273681640625,291.21240234375,15143.8125,0.011409098282456398,1.5206451416015625,0.915985107421875,0.026610374450683594,282.39599609375,31206.24609375,0.005494649522006512,-3.833173231369574,-1.431354248104724,1.098908471572695,1.4327603735354575,12.85595703125,11.562777777777777,0,0,0,0,0,0,0,0,1
Whit,2013,2013-10-19 16:00:00,21.73267,-78.3725,wind,22.46880079327244,3.155671913255965,108.87591765845809,9.26,1,-3.4028778076171875,1.0466156005859375,-0.13280105590820312,295.3896484375,7948.40625,0.015424210578203201,-1.33905029296875,0.9873809814453125,-0.07361793518066406,291.389404296875,15126.28515625,0.011650591157376766,2.014434814453125,0.94207763671875,0.021223068237304688,282.4365234375,31192.94140625,0.005646101664751768,-3.558476682708126,-1.586475306755067,1.6013206695819242,1.6637238020836282,12.953125,11.564722222222223,0,0,0,0,0,0,0,0,1
Whit,2013,2013-10-19 17:00:00,21.61,-78.18933,wind,23.33075315298177,3.1917411120492254,125.74427897012816,12.86111111,1,-2.106536865234375,1.226043701171875,-0.23584651947021484,296.164306640625,7873.09375,0.014800610952079296,-0.9386749267578125,0.9407806396484375,-0.21148967742919922,291.50537109375,15056.01171875,0.012181073427200317,2.13995361328125,0.6953582763671875,0.023621559143066406,282.431396484375,31133.3515625,0.006091264542192221,-2.4259496589091425,-1.3114334385269806,1.3306490175150303,1.3289766100504206,13.73291015625,11.568055555555556,0,0,0,0,0,0,0,0,1
Whit,2013,2013-10-19 18:00:00,21.48883,-78.018,wind,22.26008069504002,3.146738616346754,127.2171946895416,9.774444444,1,-1.7031097412109375,1.0252838134765625,-0.23327350616455078,296.535400390625,7809.21484375,0.014846812933683395,-0.4521942138671875,0.8692779541015625,-0.3066997528076172,291.52001953125,14997.30859375,0.012894423678517342,1.9492340087890625,0.366058349609375,-0.017508506774902344,282.382568359375,31082.7890625,0.0070199063047766685,-1.9763995286953877,-0.8858766082908753,1.3308634138406061,0.9798590554472423,14.15283203125,11.571388888888889,0,0,0,0,0,0,0,0,1
Whit,2013,2013-10-19 19:00:00,21.2905,-77.8275,wind,29.58661332509054,3.420562440202832,138.15700488651197,17.49111111,1,-1.52508544921875,1.8048858642578125,-0.3017263412475586,296.379638671875,7754.109375,0.015975235030055046,-0.1349334716796875,0.62335205078125,-0.3934192657470703,291.311279296875,14938.6796875,0.013367922976613045,1.379791259765625,-0.8931427001953125,0.08439922332763672,282.1572265625,31022.1640625,0.00814786646515131,-2.3619677985660443,-0.5543950782939562,1.5858168231917986,0.6377890097773111,14.222412109375,11.576666666666666,0,0,0,0,0,0,0,0,1
Whit,2013,2013-10-19 20:00:00,21.065,-77.63367,wind,32.134556964553354,3.5005767548322226,141.25257102830983,15.94777778,1,0.024810791015625,1.8033294677734375,-0.2631683349609375,296.349853515625,7720.5546875,0.01660960540175438,0.0075836181640625,-0.42718505859375,-0.1925506591796875,291.5791015625,14910.0390625,0.012466778978705406,1.194549560546875,-1.2428436279296875,0.006247520446777344,282.086181640625,30991.15234375,0.007952145300805569,-1.3909105303584282,0.33791349583502045,1.7169641709150412,0.42725236751854745,14.263671875,11.582777777777778,0,0,0,0,0,0,0,0,1
Whit,2013,2013-10-19 21:00:00,20.88217,-77.44983,wind,27.886182364124085,3.3633633618946654,136.77189423153493,0.0,0,0.6064300537109375,0.9155120849609375,-0.11100006103515625,296.33984375,7737.484375,0.0163347739726305,-0.838958740234375,-0.12957763671875,-0.08669281005859375,291.691650390625,14932.890625,0.012637414038181305,0.93585205078125,-1.4462890625,-0.1044301986694336,282.154052734375,31014.03515625,0.007550629321485758,-0.2517253421822493,-0.4801922003120337,1.6947829514430701,0.8489064328612818,14.185791015625,11.5875,0,0,0,0,0,0,0,0,1
Whit,2013,2013-10-20 15:00:00,20.82167,-77.24017,wind,19.268271998992525,3.0090567076436323,113.25468436360711,6.173333333,1,-3.3168792724609375,1.133087158203125,0.10439682006835938,295.306640625,7935.00390625,0.014848139137029648,-3.1462860107421875,-0.21612548828125,0.15558719635009766,291.647216796875,15116.66015625,0.011090978048741817,-1.8083343505859375,2.2135009765625,0.1111898422241211,282.404052734375,31193.0703125,0.006488556042313576,-3.4947767721923806,-2.80534793723211,-2.535355522606429,3.15370034849172,12.902587890625,11.570555555555556,0,0,0,0,0,0,0,0,1
Whit,2013,2013-10-20 16:00:00,20.756,-77.035,wind,22.543938826778664,3.158868412676805,108.86302070388939,7.716666667,1,-2.54931640625,1.24462890625,-0.015225410461425781,295.855712890625,7939.72265625,0.01543508842587471,-3.33721923828125,0.4541473388671875,0.14239215850830078,291.927001953125,15124.23046875,0.010728886350989342,-1.7131195068359375,2.601165771484375,0.03761863708496094,282.544677734375,31211.609375,0.006434027571231127,-2.8148002948299795,-3.304820175344369,-2.4620895089442483,3.367978926560354,13.31103515625,11.5725,0,0,0,0,0,0,0,0,1
Whit,2013,2013-10-20 17:00:00,20.6375,-76.74933,wind,32.505496822389304,3.5117095096210997,113.86348049568397,15.94777778,1,-2.392242431640625,0.9552154541015625,-0.1311206817626953,297.15966796875,7891.453125,0.014388034120202065,-2.6725311279296875,0.9581146240234375,-0.042850494384765625,291.74365234375,15086.6953125,0.011646481230854988,-1.6404266357421875,2.7486724853515625,-0.023528099060058594,282.597412109375,31184.83984375,0.006590123288333416,-2.574175204152832,-2.831675465253822,-2.612189410927305,2.8390854623488706,14.562255859375,11.575833333333334,0,0,0,0,0,0,0,0,1
Whit,2013,2013-10-20 18:00:00,20.38667,-76.55983,wind,34.16719450933165,3.5601136738793944,144.68382169940094,15.94777778,1,-1.9994659423828125,0.3376007080078125,-0.02860260009765625,298.11279296875,7812.34375,0.013769472017884254,-1.2708892822265625,1.0481109619140625,-0.0018148422241210938,291.489501953125,15021.64453125,0.012626612558960915,-1.9241790771484375,3.30291748046875,-0.028827667236328125,282.68408203125,31124.3828125,0.00638415664434433,-1.4313408992301104,-1.5899176104220447,-3.8074410096762747,1.6473300082748352,15.4287109375,11.582777777777778,0,0,0,0,0,0,0,0,1
Whit,2013,2013-10-20 19:00:00,20.20833,-76.40883,wind,25.322762047744398,3.270434041974916,141.519959750545,13.37555556,1,-0.91009521484375,0.912567138671875,-0.32064342498779297,298.385498046875,7787.33203125,0.013660447672009468,-0.5416107177734375,0.579864501953125,-0.4666318893432617,291.532958984375,15004.62109375,0.013142602518200874,-1.9294281005859375,2.8226776123046875,-0.12124443054199219,282.5849609375,31100.0703125,0.006592879071831703,-1.2806797800639513,-0.7909453300240094,-3.4102336552397636,0.793463931273756,15.800537109375,11.587777777777777,0,0,0,0,0,0,0,0,1
Whit,2013,2013-10-20 20:00:00,20.13767,-76.217,wind,21.508462563590346,3.1138913524346066,111.3929247528913,17.49111111,1,-0.839691162109375,1.5066375732421875,-0.2653045654296875,297.819580078125,7730.08203125,0.014249861240386963,-0.508270263671875,0.801025390625,-0.18122196197509766,291.66796875,14939.9296875,0.012535154819488525,-1.4504241943359375,2.7918548583984375,0.04066181182861328,282.76318359375,31043.4921875,0.006513878703117371,-1.331401014789505,-0.7654343531327157,-2.3688532517501057,0.9486729348721883,15.056396484375,11.589722222222223,0,0,0,0,0,0,0,0,1
Whit,2013,2013-10-20 21:00:00,20.12017,-75.9635,wind,26.537651839740715,3.3155542260393864,94.16144260097178,0.0,0,-1.084381103515625,1.74359130859375,-0.10024261474609375,296.74169921875,7760.56640625,0.013792868703603745,-1.53973388671875,-0.05859375,-0.1632213592529297,291.9208984375,14958.57421875,0.011459322646260262,-0.6594085693359375,3.064300537109375,-0.16106319427490234,282.767822265625,31056.953125,0.005924781784415245,-1.2080494234161523,-1.5314224610967635,-0.880037265307663,1.54084836030321,13.973876953125,11.590277777777779,0,0,0,0,0,0,0,0,1
Whit,2013,2013-10-21 15:00:00,19.96433,-75.66833,wind,27.481732945899502,3.3492629325121266,116.73534540078526,7.202222222,1,-2.92840576171875,-1.8968048095703125,0.031357765197753906,296.265380859375,8005.29296875,0.01415617298334837,-4.183746337890625,-1.384429931640625,0.04633617401123047,292.797607421875,15203.48046875,0.009844613261520863,-1.7010345458984375,0.61309814453125,0.07826995849609375,283.3349609375,31340.14453125,0.005672814324498177,-1.7620260885928727,-3.1136653715183398,-1.7949982881034658,4.406855983060449,12.930419921875,11.576666666666666,0,0,0,0,0,0,0,0,1
Whit,2013,2013-10-21 16:00:00,19.96017,-75.434,wind,24.495151910380383,3.2384883129275077,91.04204633170326,16.97666667,1,-3.193389892578125,-1.4517974853515625,-0.26950931549072266,297.318359375,7963.3515625,0.014106601476669312,-4.4984283447265625,-1.5325775146484375,-0.0929555892944336,292.5068359375,15164.85546875,0.01070381235331297,-2.06573486328125,0.26226806640625,0.14811992645263672,283.535400390625,31306.11328125,0.005497251637279987,-3.1664591773707844,-4.4698127236862,-2.070162871971496,4.752331155448381,13.782958984375,11.576944444444445,0,0,0,0,0,0,0,0,1
Whit,2013,2013-10-21 17:00:00,19.989,-75.09417,wind,35.65862979446615,3.601648865675582,84.78405539476029,14.91888889,1,-4.309173583984375,-1.7631072998046875,-0.11084365844726562,297.10693359375,7894.953125,0.014970341697335243,-3.8949737548828125,-1.76593017578125,-0.20845985412597656,292.59228515625,15101.85546875,0.011912853457033634,-2.19085693359375,-0.5842132568359375,0.0021228790283203125,283.653564453125,31246.8359375,0.005622902885079384,-4.45161347815525,-4.039385420123654,-2.234895559983702,4.276602616208421,13.453369140625,11.57611111111111,0,0,0,0,0,0,0,0,1
Whit,2013,2013-10-21 18:00:00,20.09383,-74.788,wind,34.0409508380716,3.5565174014897365,69.92273909376951,13.37555556,1,-5.0914154052734375,-2.913604736328125,0.09148502349853516,296.56787109375,7828.984375,0.015431324951350689,-4.14935302734375,-2.414215087890625,0.13225173950195312,292.367919921875,15031.15625,0.011819237843155861,-2.39752197265625,-1.0686798095703125,0.0007257461547851562,283.799560546875,31177.56640625,0.005122944246977568,-5.782215511992754,-4.725967772665222,-2.618689772729332,4.800579656262927,12.768310546875,11.573055555555555,0,0,0,0,0,0,0,0,1
Whit,2013,2013-10-21 19:00:00,20.0795,-74.51183,wind,28.88480227458198,3.3973500660449267,93.1148827973692,14.40444444,1,-5.3596649169921875,-3.895965576171875,0.09634208679199219,295.9169921875,7764.32421875,0.01564812660217285,-4.25933837890625,-2.9939117431640625,0.16551685333251953,292.20166015625,14958.22265625,0.011402812786400318,-2.3208770751953125,-1.3943023681640625,-0.014973640441894531,283.889892578125,31106.421875,0.004804418422281742,-5.1400467938446,-4.090361857720483,-2.2416843271030946,5.206291477806386,12.027099609375,11.573611111111111,0,0,0,0,0,0,0,0,1
Whit,2013,2013-10-21 20:00:00,20.08867,-74.2925,wind,22.92800044088856,3.17504933975328,87.41343725352914,7.716666667,1,-5.936798095703125,-4.4141693115234375,0.032105445861816406,295.9501953125,7751.046875,0.014389779418706894,-4.742156982421875,-3.3041229248046875,0.025617599487304688,291.97021484375,14937.54296875,0.010577598586678505,-1.895843505859375,-1.86993408203125,-0.0063076019287109375,283.9658203125,31080.9453125,0.004530235659331083,-6.129955313490936,-4.886436368418434,-1.978299686229874,5.779730196830335,11.984375,11.573333333333334,0,0,0,0,0,0,0,0,1
Whit,2013,2013-10-21 21:00:00,19.87633,-74.1575,wind,27.504713176941852,3.3500694482312667,149.1186988790738,14.91888889,1,-6.2910614013671875,-4.9246063232421875,0.043725013732910156,295.982421875,7740.96875,0.01416786015033722,-5.16644287109375,-3.56011962890625,0.03044605255126953,291.904052734375,14927.28125,0.010804546065628529,-2.01300048828125,-2.212310791015625,-0.05962181091308594,283.911376953125,31067.05859375,0.0044753397814929485,0.9974993322174939,0.40367560715589956,0.8654819030964409,6.274279537317333,12.071044921875,11.579444444444444,0,0,0,0,0,0,0,0,1
Whit,2013,2013-10-21 22:00:00,19.6575,-73.89317,wind,36.83982744558635,3.6333621840672112,131.2933898780384,8.231111111,1,-5.3767547607421875,-4.1141357421875,0.1398477554321289,296.730224609375,7734.9296875,0.013346622698009014,-5.060150146484375,-2.538360595703125,0.07463264465332031,292.2744140625,14932.4765625,0.010374973528087139,-2.7698516845703125,-3.1609649658203125,-0.1094970703125,283.565673828125,31054.16796875,0.00418434664607048,-1.3247925304635637,-2.126792375816511,0.0048670507137429375,5.661130100853024,13.16455078125,11.585555555555555,0,0,0,0,0,0,0,0,1
Whit,2013,2013-10-22 14:00:00,19.65417,-73.002,wind,27.96025230142973,3.3659242795455095,87.90396995972725,16.46222222,1,-1.9219818115234375,0.4932708740234375,0.06405067443847656,295.511474609375,7914.3125,0.015836767852306366,-3.6811676025390625,-0.4368896484375,-0.0009813308715820312,292.035400390625,15104.5859375,0.009928317740559578,-5.7239837646484375,0.2600555419921875,-0.0804586410522461,281.982177734375,31166.13671875,0.005510048009455204,-1.9026547529335125,-3.6946836508504757,-5.710642628358469,3.7070024929712457,13.529296875,11.56861111111111,0,0,0,0,0,0,0,0,1
Whit,2013,2013-10-22 15:00:00,19.52067,-72.71667,wind,33.37430950352797,3.53730946861489,116.36194408857818,10.28888889,1,-1.82232666015625,0.0317535400390625,-0.11359500885009766,296.223388671875,7899.37890625,0.015132935717701912,-3.40081787109375,0.3834228515625,-0.0850687026977539,291.923828125,15091.09375,0.010844036936759949,-5.4784393310546875,1.23358154296875,0.14110469818115234,281.83837890625,31147.3203125,0.00534029072150588,-1.646917089511908,-3.217411383250073,-5.456479117287223,3.422363989328275,14.385009765625,11.5725,0,0,0,0,0,0,0,0,1
Whit,2013,2013-10-22 16:00:00,19.31017,-72.52617,wind,30.773160231963885,3.4586219155397404,139.4867308374125,11.31777778,1,-0.454559326171875,1.0401611328125,-0.3080587387084961,297.175048828125,7834.64453125,0.016039343550801277,-1.7743377685546875,1.20416259765625,-0.3013896942138672,291.035400390625,15027.921875,0.013363766483962536,-3.4800567626953125,2.3838958740234375,0.10445594787597656,282.09033203125,31086.390625,0.005464615765959024,-1.086080971352084,-2.068123920828768,-4.0730989029406075,2.1443605290421375,15.084716796875,11.578611111111112,0,0,0,0,0,0,0,0,1
Whit,2013,2013-10-22 17:00:00,19.0265,-72.3815,wind,35.01168231242307,3.5838433944929755,154.25521817681647,8.745555556,1,1.244720458984375,1.301483154296875,-0.46368885040283203,296.8486328125,7785.9609375,0.015318840742111206,-0.6204833984375,1.00067138671875,-0.34538936614990234,291.35498046875,14982.04296875,0.013576899655163288,-2.086822509765625,2.322845458984375,-0.022573471069335938,281.748291015625,31034.20703125,0.006713348440825939,-0.6316342833906121,-1.1708577158659854,-2.998713669586168,1.1774306229813183,15.100341796875,11.586944444444445,0,0,0,0,0,0,0,0,1
Whit,2013,2013-10-22 18:00:00,18.9565,-72.14333,wind,26.223520160613234,3.3040813114413483,107.22787738997044,16.97666667,1,1.4948883056640625,0.4602203369140625,-0.1307392120361328,297.737548828125,7735.8671875,0.01458860095590353,-0.2078399658203125,0.5965728759765625,-0.42441558837890625,291.511474609375,14946.5625,0.013474976643919945,-1.496368408203125,2.5202484130859375,-0.5117511749267578,281.18798828125,30995.66015625,0.0071652974002063274,1.2915144530883071,-0.3752037589221235,-2.1756619483008928,0.6317409656996574,16.549560546875,11.588888888888889,0,0,0,0,0,0,0,0,1
Whit,2013,2013-10-22 19:00:00,18.81117,-71.96883,wind,24.45817894184573,3.2370370643278426,131.32637379098378,11.31777778,1,1.1680145263671875,1.66265869140625,-0.19910812377929688,297.131591796875,7759.3359375,0.014438340440392494,0.3541412353515625,0.8968505859375,-0.7557487487792969,291.376708984375,14952.09375,0.013447600416839123,-1.916656494140625,2.6390533447265625,-0.9704275131225586,280.997802734375,30998.1640625,0.008048444986343384,-0.2207998845376714,-0.32628697316378613,-3.1820248842971464,0.9642390720525527,16.1337890625,11.593055555555555,0,0,0,0,0,0,0,0,1
Whit,2013,2013-10-22 20:00:00,18.88017,-71.89383,wind,11.00721674788132,2.4855078646788797,45.798040793686994,8.745555556,1,-0.108856201171875,-1.3862457275390625,-0.3513507843017578,295.102783203125,7780.98828125,0.013852829113602638,0.0869903564453125,0.2587432861328125,-0.5558443069458008,290.669189453125,14949.37109375,0.013085691258311272,-1.0699310302734375,3.078094482421875,-0.0547637939453125,281.156494140625,30988.57421875,0.00733382860198617,-1.044513697967963,0.24275536801412148,1.3789961148194472,0.27297510918266704,13.9462890625,11.591111111111111,0,0,0,0,0,0,0,0,1
Whit,2013,2013-10-23 19:00:00,18.77367,-71.66433,wind,21.922426855460184,3.132115769987332,114.70664647269268,12.34666667,1,-1.02459716796875,1.164947509765625,-0.015898704528808594,299.602783203125,7673.234375,0.012005060911178589,-2.1085968017578125,2.134979248046875,-0.17012310028076172,292.615478515625,14904.4296875,0.011498142033815384,-3.1650543212890625,2.3892059326171875,-0.08298778533935547,282.1826171875,30966.28125,0.005894565489143133,-1.4177212104487973,-2.80793774243668,-3.8739465740875687,3.0007193907418395,17.420166015625,11.578055555555556,0,0,0,0,0,0,0,0,1
Whit,2013,2013-10-23 20:00:00,18.651,-71.51267,wind,21.00417558359973,3.091232234603249,130.47263201051078,15.43333333,1,-1.40826416015625,0.77978515625,-0.17575359344482422,298.811279296875,7652.32421875,0.011766302399337292,-2.3484649658203125,2.1375274658203125,-0.4526863098144531,292.167724609375,14869.07421875,0.011301947757601738,-2.611541748046875,1.3846893310546875,-0.31352901458740234,282.074951171875,30917.05859375,0.005412185564637184,-1.57743587201528,-3.1739515954561295,-2.885422579764001,3.175580476514744,16.736328125,11.581666666666667,0,0,0,0,0,0,0,0,1
Whit,2013,2013-10-23 21:00:00,18.53183,-71.27133,wind,28.680137730293882,3.3904780587969667,117.4796939591941,7.202222222,1,-3.2824554443359375,2.103607177734375,-0.26636600494384766,296.318115234375,7717.90625,0.013643818907439709,-2.6102447509765625,1.515411376953125,-0.05497932434082031,290.79541015625,14897.9453125,0.010594316758215427,-3.099761962890625,0.1748046875,-0.10305118560791016,282.21875,30940.96875,0.005991998128592968,-3.8827868595607997,-3.0150050532940598,-2.830690400450668,3.0182526901171913,14.099365234375,11.585277777777778,0,0,0,0,0,0,0,0,1
Whit,2013,2013-10-23 22:00:00,18.40367,-71.065,wind,26.012290942703075,3.296291982523207,123.18667467249242,0.0,0,-3.786163330078125,2.603057861328125,-0.05091381072998047,295.39892578125,7771.51171875,0.013326381333172321,-3.4015350341796875,1.0340118408203125,-0.10006904602050781,290.796142578125,14942.66015625,0.011099791154265404,-3.809051513671875,-0.8813018798828125,-0.212982177734375,282.37939453125,30997.96484375,0.006628743838518858,-4.593440573013335,-3.4127018421525155,-2.705366383081545,3.555224476134864,13.01953125,11.588888888888889,0,0,0,0,0,0,0,0,1
Whit,2013,2013-10-24 16:00:00,18.2545,-70.94567,wind,16.61656644037072,2.8688397343436303,138.14253077523512,0.0,0,-6.0058746337890625,1.493743896484375,-0.41211605072021484,293.709228515625,8024.86328125,0.014882892370223999,-6.9850616455078125,5.5493316650390625,-0.11327648162841797,290.480712890625,15174.765625,0.012411442585289478,-5.34100341796875,2.5648040771484375,0.16131114959716797,283.60223388671875,31261.75390625,0.007690685335546732,-5.12015025181607,-8.794172492991533,-5.47422827488287,8.92110800966727,10.10699462890625,11.577777777777778,0,0,0,0,0,0,0,0,1
Whit,2013,2013-10-25 16:00:00,18.3755,-70.80167,wind,15.615911070211848,2.810360734501945,43.30571848573004,9.774444444,1,-2.5159912109375,1.066009521484375,-0.076080322265625,295.68310546875,8094.2578125,0.015435686334967613,-3.968536376953125,1.3355865478515625,-0.21147918701171875,290.65185546875,15250.5625,0.013114060275256634,-4.7404022216796875,0.82122802734375,-0.17173290252685547,281.700439453125,31295.234375,0.007483991794288158,-0.9499559742473026,-1.7500712476124498,-2.6537879825003476,4.187251174935926,13.982666015625,11.558333333333334,0,0,0,0,0,0,0,0,1
Whit,2013,2013-10-25 17:00:00,18.4995,-70.64283,wind,21.69938258163404,3.122337725070498,50.523945096918396,11.31777778,1,-3.4681396484375,1.714569091796875,0.014827728271484375,295.377685546875,8071.23046875,0.015379408374428749,-4.515869140625,1.8508758544921875,-0.16864490509033203,290.530517578125,15222.66015625,0.012982447631657124,-3.794677734375,0.5294189453125,-0.6274309158325195,281.35888671875,31254.90234375,0.007269601337611675,-1.5869764637487274,-2.3090509447719754,-2.592494005311863,4.880452389276158,14.018798828125,11.554444444444444,0,0,0,0,0,0,0,0,1
Whit,2013,2013-10-25 18:00:00,18.46917,-70.49817,wind,15.623950169708069,2.8108444368612857,102.44288318042737,10.28888889,1,-1.467864990234375,-0.8709259033203125,0.3131093978881836,294.32275390625,7993.6796875,0.015349777415394783,-3.2545318603515625,1.7770538330078125,-0.08453655242919922,290.667236328125,15130.7109375,0.011280928738415241,-5.1283721923828125,2.6232757568359375,-0.014338493347167969,282.2373046875,31178.7890625,0.005853625945746899,-1.245731581558656,-3.560982233970601,-5.573140738548591,3.708085483838144,12.08544921875,11.555277777777778,0,0,0,0,0,0,0,0,1
Whit,2013,2013-10-25 19:00:00,18.33433,-70.34867,wind,21.762640085160044,3.1251205992428086,133.5239760702242,13.89,1,-4.8607940673828125,0.623687744140625,0.16693115234375,294.370849609375,7929.8046875,0.014631164260208607,-5.8369598388671875,4.348846435546875,-0.046914100646972656,290.643798828125,15088.69140625,0.010650230571627617,-4.8382110595703125,2.283111572265625,-0.1989593505859375,281.823974609375,31116.84765625,0.006694539450109005,-3.95400256962047,-7.227167500601833,-5.080403529495308,7.27891238307738,12.546875,11.559722222222222,0,0,0,0,0,0,0,0,1
Whit,2013,2013-10-25 20:00:00,18.21033,-70.19583,wind,21.22619900956537,3.101271728631646,130.48615318736836,5.144444444,1,-5.020294189453125,0.3350677490234375,0.12496185302734375,294.280029296875,7898.8203125,0.01480578538030386,-5.827362060546875,4.1212158203125,0.050436973571777344,290.689697265625,15057.6171875,0.010464261285960674,-4.5232086181640625,2.0007171630859375,-0.11335468292236328,281.777587890625,31088.14453125,0.00661871861666441,-4.035797007240738,-7.107833511869495,-4.739178799566996,7.137406281156703,12.50244140625,11.563611111111111,0,0,0,0,0,0,0,0,1
Whit,2013,2013-10-26 15:00:00,18.464,-69.94767,wind,18.448594143026796,2.9677747868879143,48.909706321352814,6.687777778,1,-5.9154205322265625,2.401458740234375,-0.04640483856201172,294.45654296875,8102.31640625,0.015272287651896477,-6.0865631103515625,2.616302490234375,-0.18240928649902344,290.5859375,15263.1015625,0.01122138649225235,-5.2786407470703125,1.4757537841796875,-0.007969856262207031,282.53076171875,31296.72265625,0.006111400667577982,-2.8799501260463254,-2.867730430906975,-3.008442623058995,6.6250501293725375,11.92578125,11.539722222222222,0,0,0,0,0,0,0,0,1
Whit,2013,2013-10-26 16:00:00,18.50317,-69.733,wind,23.05402898271958,3.1803025077899845,79.07587186034505,10.80333333,1,-5.9628448486328125,1.402496337890625,0.18755149841308594,294.69287109375,8005.80078125,0.01502835750579834,-6.7079620361328125,1.4499664306640625,0.16421794891357422,291.032470703125,15171.31640625,0.011174097657203674,-5.2444000244140625,1.3990020751953125,0.0852508544921875,282.85107421875,31221.21484375,0.005241176579147577,-5.589006504725789,-6.3116254124921145,-4.884242817072451,6.862882581557967,11.841796875,11.538611111111111,0,0,0,0,0,0,0,0,1
Whit,2013,2013-10-26 17:00:00,18.52133,-69.5895,wind,15.264965768249185,2.7890134552965513,82.37566822511087,0.0,0,-6.237091064453125,1.0744476318359375,0.007701873779296875,295.246337890625,7939.90625,0.014908739365637302,-6.703033447265625,1.137603759765625,0.05836963653564453,291.07275390625,15112.484375,0.011198393069207668,-5.268096923828125,1.361541748046875,-0.10967063903808594,282.960205078125,31163.9765625,0.0040479847230017185,-6.039395894218538,-6.492839627869209,-5.04087747685621,6.79888223970636,12.2861328125,11.538055555555555,0,0,0,0,0,0,0,0,1
Clyde,2014,2014-09-10 14:00:00,40.878,-72.63567,weather,18.508096104529912,2.970829564252009,221.19915300465564,12.86111111,1,-2.9250640869140625,0.768035888671875,-0.10084819793701172,287.159912109375,8148.69140625,0.010092202574014664,-0.331329345703125,-0.0906524658203125,0.039947509765625,284.271240234375,15119.74609375,0.009330105036497116,1.05029296875,-0.7953338623046875,0.012787818908691406,277.986328125,30923.21875,0.00392187898978591,1.348787217238677,0.28644861201002325,-0.093376426337059,0.3435069211578769,9.173583984375,12.690277777777778,0,0,0,0,1,0,0,0,0
Clyde,2014,2014-09-10 15:00:00,40.79783,-72.742,weather,12.628664567670505,2.6121752634813773,225.13297953935123,12.86111111,1,-2.987518310546875,-0.9479217529296875,-0.19646644592285156,286.771728515625,8156.53125,0.010596346110105515,0.15936279296875,0.33197021484375,-0.0949716567993164,284.370361328125,15133.20703125,0.009316274896264076,1.0302886962890625,-0.2945098876953125,-0.2623605728149414,277.78076171875,30924.1796875,0.003914722241461277,2.7861161333599016,-0.347140692195525,-0.5224469695467117,0.3682400349313016,8.990966796875,12.688611111111111,0,0,0,0,1,0,0,0,0
Clyde,2014,2014-09-10 16:00:00,40.7535,-72.93267,weather,16.79498564542797,2.8789167122986092,252.99487443170173,9.774444444,1,-3.3940277099609375,-1.415924072265625,0.1300048828125,286.5126953125,8137.8125,0.01016882061958313,0.13128662109375,0.70635986328125,0.2643318176269531,284.804931640625,15118.14453125,0.009472189471125603,1.479766845703125,0.4289703369140625,-0.011998176574707031,277.498046875,30915.2265625,0.004260427318513393,3.6597333213354006,-0.3321266508782687,-1.5405248495230657,0.7184569808505726,9.0146484375,12.687777777777777,0,0,0,0,1,0,0,0,0
Clyde,2014,2014-09-10 17:00:00,40.64317,-73.25917,weather,30.135090390565566,3.4383354915020083,246.08345100871514,14.40444444,1,-2.5511322021484375,-1.50054931640625,0.07450389862060547,286.187255859375,8142.8984375,0.010169949382543564,0.7887725830078125,1.054779052734375,0.05127429962158203,285.11865234375,15115.390625,0.009554201737046242,2.2301788330078125,0.8255157470703125,0.18682098388671875,277.56103515625,30923.6171875,0.004161433316767216,2.9404152311230045,-1.1486594971491577,-2.373357499013698,1.3170880903690694,8.626220703125,12.685277777777777,0,0,0,0,1,0,0,0,0
Clyde,2014,2014-09-10 21:00:00,40.72467,-73.23083,weather,19.251172392869176,3.0082126878207993,82.51225019835653,1.543333333,1,-2.0720367431640625,-0.820404052734375,0.15659523010253906,287.005859375,8064.13671875,0.01027720421552658,1.500396728515625,0.1058197021484375,0.03395652770996094,284.20654296875,15023.0859375,0.009757790714502335,4.0785064697265625,2.5290679931640625,0.18218517303466797,279.0709228515625,30861.359375,0.002912599127739668,-2.161278267352366,1.5013922756706717,4.373301512097627,1.504123715757176,7.9349365234375,12.686944444444444,0,0,0,0,1,0,0,0,0
Clyde,2014,2014-09-11 14:00:00,40.74967,-73.0615,weather,13.389792030317937,2.666519068419436,72.38580504723126,0.0,0,8.842025756835938,8.8555908203125,0.01569652557373047,289.314697265625,7733.28125,0.01089690625667572,12.511947631835938,8.011642456054688,0.3237180709838867,286.3929443359375,14756.7734375,0.010366472415626049,12.007156372070312,4.251007080078125,-0.016279220581054688,282.7894287109375,30756.08984375,0.004439125303179026,11.107229015266874,14.349705403754529,12.730589961950713,14.857161518455095,6.5252685546875,12.643333333333333,0,0,0,0,1,0,0,0,0
Clyde,2014,2014-09-11 16:00:00,41.00883,-72.54867,weather,43.59498639420196,3.7976214400211843,60.52977053512791,5.658888889,1,10.94775390625,8.92108154296875,0.37731170654296875,290.83154296875,7634.23046875,0.011418182402849197,13.721771240234375,6.2383575439453125,0.31110286712646484,288.659423828125,14711.578125,0.010223676450550556,11.59259033203125,5.1439056396484375,-0.42421913146972656,282.3079833984375,30736.61328125,0.006072476040571928,13.920155525514488,15.015423635751027,12.623295497262959,15.07329130665969,8.5235595703125,12.64861111111111,0,0,0,0,1,0,0,0,0
Clyde,2014,2014-09-12 16:00:00,40.94533,-72.18233,weather,15.585229116641736,2.8085124869940814,76.81470392988757,12.34666667,1,-1.3042449951171875,-5.2767791748046875,0.10983657836914062,285.77490234375,8044.73828125,0.006230626255273819,6.4355316162109375,-2.41827392578125,0.056181907653808594,287.419921875,15028.9140625,0.004851005971431732,11.886672973632812,-0.890106201171875,-0.03101825714111328,280.520751953125,30909.47265625,0.0016473494470119476,-2.473500466294711,5.714264012307081,11.370276111362633,6.874890251005031,5.254150390625,12.602777777777778,0,0,0,0,1,0,0,0,0
Clyde,2014,2014-09-12 17:00:00,40.5695,-72.1415,weather,41.93165174487488,3.759609356802041,175.2822600151618,18.52,1,0.252838134765625,-3.101806640625,0.029157638549804688,287.480224609375,8064.60546875,0.005698487162590027,7.1117401123046875,-1.41168212890625,-0.01602458953857422,288.26318359375,15076.84375,0.0047842515632510185,10.197677612304688,-1.4191741943359375,-0.00044345855712890625,280.5877685546875,30974.10546875,0.0018075641710311174,3.112092823529531,1.9918191977308102,2.2530952427720026,7.25049611116624,6.8924560546875,12.595833333333333,0,0,0,0,1,0,0,0,0
Clyde,2014,2014-09-12 18:00:00,40.2355,-72.29767,weather,39.42311487844041,3.6994017718078833,199.64957796570673,7.716666667,1,0.7198028564453125,-2.724273681640625,-0.0887136459350586,287.656982421875,8076.63671875,0.005938328802585602,6.9251708984375,-1.337646484375,-0.012044906616210938,288.188232421875,15094.3828125,0.005057951435446739,9.625152587890625,-1.802764892578125,0.1359872817993164,280.70849609375,31003.39453125,0.0021935622207820415,2.3235849380494593,-1.0689526133446368,-1.5388331992533297,7.053175886770898,6.948486328125,12.589722222222223,0,0,0,0,1,0,0,0,0
Clyde,2014,2014-09-12 19:00:00,39.899,-72.5085,weather,41.49590383294424,3.7494076908841696,205.68483030905568,19.03444444,1,0.864044189453125,-2.913909912109375,-0.008760452270507812,287.234130859375,8086.30859375,0.006642676889896393,6.187530517578125,-1.3312225341796875,0.07990169525146484,288.03564453125,15103.94921875,0.004525796510279179,8.924835205078125,-1.9605255126953125,0.1606130599975586,280.7940673828125,31028.390625,0.002759329043328762,2.251497271557999,-1.4821157268321317,-2.10139700360787,6.329114262001312,6.4400634765625,12.58361111111111,0,0,0,0,1,0,0,0,0
Clyde,2014,2014-09-12 20:00:00,39.52283,-72.64883,weather,43.51652013562082,3.7958603592827607,196.05721378205703,12.34666667,1,1.6457672119140625,-2.6851043701171875,0.08091926574707031,288.13525390625,8090.5703125,0.009158551692962646,5.5780181884765625,-1.0758056640625,0.028374671936035156,287.873046875,15130.8046875,0.00761284027248621,7.8155517578125,-1.928802490234375,0.029813766479492188,281.2138671875,31072.1328125,0.004097810946404934,2.125133192916278,-0.5090295246001,-0.3082068448398583,5.680813739052207,6.92138671875,12.576944444444445,0,0,0,0,1,0,0,0,0
Clyde,2014,2014-09-12 21:00:00,39.185,-72.93417,weather,44.86677486489775,3.8257409958014126,213.23918914447668,14.40444444,1,1.2619476318359375,-3.10888671875,0.12159061431884766,288.591552734375,8103.9296875,0.009947855025529861,4.4316864013671875,-0.8111724853515625,0.09505271911621094,287.93212890625,15151.20703125,0.008952280506491661,6.28350830078125,-1.9835968017578125,0.06776237487792969,281.2938232421875,31097.11328125,0.004648557864129543,1.9085223041003903,-1.750708082416402,-1.785153766471759,4.505312992573799,7.2977294921875,12.570833333333333,0,0,0,0,1,0,0,0,0
Clyde,2014,2014-09-12 22:00:00,38.8005,-73.23517,weather,50.04634101403433,3.932733867488245,211.41277839437552,14.91888889,1,-1.5425262451171875,-1.934234619140625,-0.019115447998046875,289.511474609375,8082.87890625,0.010925877839326859,1.6890716552734375,-2.4021453857421875,-0.11229324340820312,288.70263671875,15150.91796875,0.010671831667423248,4.16705322265625,-0.602294921875,0.01660633087158203,281.1549072265625,31123.125,0.0065788207575678825,2.4547073569786404,1.1697298167215417,-1.6578487526474843,2.936539717233641,8.3565673828125,12.564166666666667,0,0,0,0,1,0,0,0,0
Clyde,2014,2014-09-13 14:00:00,37.8565,-75.49283,weather,11.189687100644408,2.5005902746357975,233.78458277911767,0.0,0,0.2040863037109375,3.4113311767578125,0.07630443572998047,289.6357421875,8189.81640625,0.011602930724620819,5.2707366943359375,2.916046142578125,-0.021040916442871094,289.062255859375,15263.015625,0.012031946331262589,5.5198974609375,3.336517333984375,-0.07347393035888672,280.8798828125,31224.98828125,0.008000925183296204,-2.180149291271673,-5.975304044426198,-6.424751250236676,6.023619377638671,8.755859375,12.507777777777777,0,0,0,0,1,0,0,0,0
Clyde,2014,2014-09-13 15:00:00,37.80383,-75.6165,weather,12.33974389109922,2.5907478417349084,241.70360467107986,12.86111111,1,1.0016326904296875,3.2992401123046875,0.035773277282714844,289.9921875,8203.609375,0.011751018464565277,6.0582733154296875,1.843292236328125,-0.02908802032470703,289.13037109375,15283.5546875,0.012169275432825089,6.071563720703125,3.2967987060546875,0.021823883056640625,280.8681640625,31251.4921875,0.008308041840791702,-2.4458928494002032,-6.2081341484536905,-6.9088462081519495,6.332487807564651,9.1240234375,12.506944444444445,0,0,0,0,1,0,0,0,0
Clyde,2014,2014-09-13 19:00:00,37.50667,-75.82383,weather,25.011993988338073,3.258557738895779,210.95032232259763,10.80333333,1,5.9917755126953125,2.562652587890625,0.25325775146484375,292.013427734375,8136.140625,0.013032913208007812,7.41766357421875,-0.2744903564453125,0.16191673278808594,288.60009765625,15253.578125,0.011695414781570435,7.509246826171875,2.075897216796875,0.034862518310546875,280.621826171875,31216.5859375,0.007824815809726715,-5.279303842217278,-3.579458297847966,-5.642283276463209,7.422740589302118,11.3916015625,12.5025,0,0,0,0,1,0,0,0,0
Clyde,2014,2014-09-13 20:00:00,37.25367,-75.93633,weather,29.836829410227185,3.42870973570017,199.4945759489282,7.716666667,1,6.4908905029296875,2.5956268310546875,0.19539451599121094,292.09375,8116.5703125,0.01408366858959198,7.1119842529296875,0.9401702880859375,0.113067626953125,288.9873046875,15232.70703125,0.012381579726934433,7.1631011962890625,2.5423583984375,0.2216644287109375,280.975830078125,31202.41015625,0.007754933089017868,-4.6129520904181405,-3.2596676879172324,-4.787065925420023,7.1738581101468295,11.117919921875,12.498611111111112,0,0,0,0,1,0,0,0,0
Clyde,2014,2014-09-13 21:00:00,37.09467,-75.97317,weather,17.97876777691029,2.9433208688882755,190.47116630986687,0.0,0,6.0077362060546875,1.4584197998046875,-0.49003124237060547,292.11376953125,8137.23828125,0.014505714178085327,5.365234375,0.419281005859375,-0.2901763916015625,288.916259765625,15251.484375,0.013010520488023758,7.095977783203125,1.7846221923828125,-0.1719961166381836,281.245361328125,31232.48046875,0.007634960580617189,-2.525982095811235,-1.387379884492302,-3.044529845423037,5.381592372203239,10.868408203125,12.49611111111111,0,0,0,0,1,0,0,0,0
Clyde,2014,2014-09-14 14:00:00,35.709,-76.0315,weather,46.8031264554658,3.8670910443765774,183.77962139599381,3.601111111,1,-3.142425537109375,-4.8802947998046875,0.14837932586669922,287.835205078125,8511.9140625,0.010631551034748554,5.3514556884765625,-3.7361297607421875,0.03616523742675781,288.390380859375,15542.875,0.01000317744910717,4.9079132080078125,-0.58984375,-0.08577823638916016,280.1895751953125,31475.3359375,0.006671825423836708,5.076825609612073,3.375240961540719,0.2650360737722151,6.526618080969013,7.6456298828125,12.438611111111111,0,0,0,0,1,0,0,0,0
Clyde,2014,2014-09-14 15:00:00,35.3235,-75.99983,weather,42.96137116949202,3.7833113203477087,176.16520367946987,23.15,1,-2.802093505859375,-3.2666473388671875,0.2010040283203125,289.80810546875,8527.6484375,0.01204809732735157,3.7884368896484375,-2.6958465576171875,0.14591121673583984,288.774169921875,15593.1328125,0.011111952364444733,3.759765625,0.1353759765625,0.016582489013671875,280.0406494140625,31526.140625,0.007086395286023617,3.0719298006571876,2.9431807941122123,0.11637973652888678,4.649714263163443,9.7674560546875,12.43361111111111,0,0,0,0,1,0,0,0,0
Clyde,2014,2014-09-14 16:00:00,34.91767,-75.94683,weather,45.38296352029203,3.836932226299502,173.88749579067303,6.687777778,1,-2.610809326171875,-3.183380126953125,0.10558032989501953,290.5087890625,8493.82421875,0.012463715858757496,3.3975677490234375,-2.0439605712890625,0.09537792205810547,289.112060546875,15578.9140625,0.011248788796365261,3.4608917236328125,0.8588714599609375,0.013541221618652344,280.13427734375,31522.4765625,0.0075007593259215355,2.887279971806387,2.3941167610226586,-0.48546907994363886,3.9650020713977563,10.37451171875,12.428333333333333,0,0,0,0,1,0,0,0,0
Clyde,2014,2014-09-14 17:00:00,34.55083,-75.938,weather,40.798726647351195,3.732865876084676,178.86425254348194,22.12111111,1,-3.1276702880859375,-2.084014892578125,-0.08614635467529297,291.644287109375,8495.671875,0.013303464278578758,1.6047210693359375,-1.2542266845703125,0.0647430419921875,289.052978515625,15596.44140625,0.010993994772434235,2.5648345947265625,1.484619140625,0.08191108703613281,280.0611572265625,31545.1328125,0.007696979213505983,2.0216111809924966,1.2857878317951583,-1.4334892845484069,2.0367165454866107,11.5831298828125,12.42361111111111,0,0,0,0,1,0,0,0,0
Clyde,2014,2014-09-14 18:00:00,34.22267,-75.899,weather,36.66480045049035,3.628725983254606,174.38756929384135,9.774444444,1,-2.800628662109375,-3.0158233642578125,-0.23168468475341797,291.939208984375,8457.98046875,0.013737129047513008,0.5810394287109375,-1.636138916015625,-0.03968334197998047,289.2841796875,15566.50390625,0.01111892331391573,2.945159912109375,2.7906341552734375,0.07032012939453125,280.2861328125,31535.73828125,0.0076264021918177605,2.727467951218468,1.685120571718912,-2.489223267548332,1.7362480727757532,11.653076171875,12.419444444444444,0,0,0,0,1,0,0,0,0
Clyde,2014,2014-09-14 19:00:00,33.936,-75.9545,weather,32.283467926782166,3.505060815054807,189.12558975279947,16.97666667,1,-2.79974365234375,-2.6011199951171875,-0.3782005310058594,292.20751953125,8419.5703125,0.01408043410629034,-0.315093994140625,-1.6952972412109375,-0.2508230209350586,289.03466796875,15528.390625,0.011703062802553177,4.159027099609375,2.6375274658203125,0.013377189636230469,280.572021484375,31506.29296875,0.006974561605602503,3.0122345028041146,1.7238135940426087,-3.2637622377491766,1.7243308734697376,11.635498046875,12.415833333333333,0,0,0,0,1,0,0,0,0
Clyde,2014,2014-09-14 20:00:00,33.6025,-76.083,weather,38.93929073154099,3.687360569480989,197.79597573145017,16.46222222,1,-0.574432373046875,-1.1695709228515625,-0.31108665466308594,292.396728515625,8385.69140625,0.014752093702554703,1.174652099609375,-1.02825927734375,-0.4588489532470703,288.607421875,15495.0703125,0.01224524900317192,4.3792724609375,1.207122802734375,-0.10966014862060547,280.543212890625,31465.4609375,0.0065621850080788136,1.2891708258722023,0.6200508799964413,-2.4877931821559787,1.5611293016788212,11.853515625,12.411666666666667,0,0,0,0,1,0,0,0,0
Clyde,2014,2014-09-14 21:00:00,33.3505,-75.94483,weather,30.81250210350425,3.4598593604326804,155.38542792694136,17.49111111,1,0.9936065673828125,-0.3828887939453125,-0.057808876037597656,292.3056640625,8404.12109375,0.014854159206151962,2.191497802734375,-0.6160888671875,-0.189361572265625,288.61474609375,15512.015625,0.012331562116742134,3.9851226806640625,1.677337646484375,-0.1932964324951172,280.204345703125,31474.5390625,0.006396867800503969,0.7619448522131214,1.472890187651973,0.13493319801170833,2.2764507707530095,12.101318359375,12.408611111111112,0,0,0,0,1,0,0,0,0
Clyde,2014,2014-09-14 22:00:00,33.2355,-75.95817,weather,12.847386469789228,2.628096512284489,185.541830760296,18.00555556,1,0.193878173828125,-1.2511138916015625,-0.06755447387695312,292.549072265625,8425.5625,0.01460037101060152,1.666290283203125,-0.645843505859375,-0.08130931854248047,288.903564453125,15539.4453125,0.012043570168316364,3.7633056640625,1.5471038818359375,-0.1567554473876953,280.10302734375,31502.25390625,0.0062563419342041016,1.2265428419181956,0.48190707045785275,-1.9033043016735418,1.7870750241548,12.446044921875,12.407222222222222,0,0,0,0,1,0,0,0,0
Clyde,2014,2014-09-15 14:00:00,32.3245,-71.48667,weather,30.509147595268328,3.4502779035235007,106.90597341552694,9.26,1,5.2554473876953125,3.2315826416015625,-0.0251617431640625,293.37060546875,8479.94140625,0.012224730104207993,4.7039031982421875,4.10382080078125,0.10664558410644531,289.1337890625,15595.0859375,0.009587347507476807,2.146209716796875,3.2559051513671875,0.14824581146240234,280.4913330078125,31535.51171875,0.005199617240577936,4.0885736259258385,3.3072168184754416,1.10663400220799,6.242439464132427,12.8792724609375,12.363888888888889,0,0,0,0,1,0,0,0,0
Clyde,2014,2014-09-15 15:00:00,32.174,-71.16467,weather,34.597865369530005,3.5722856745301645,118.84104366506813,10.80333333,1,5.035888671875,2.62579345703125,0.065887451171875,293.470458984375,8483.55078125,0.01245606318116188,4.70001220703125,3.6943359375,0.22716712951660156,289.421142578125,15602.27734375,0.009257439523935318,2.36187744140625,3.485870361328125,0.22249126434326172,280.866943359375,31558.62109375,0.00476971035823226,3.144610215941678,2.3349505132165795,0.38739471544263315,5.978146264967658,12.603515625,12.3625,0,0,0,0,1,0,0,0,0
Clyde,2014,2014-09-15 16:00:00,31.85417,-70.993,weather,39.07349455399238,3.690715132075532,155.4830697335833,10.80333333,1,4.1725311279296875,0.87469482421875,-0.10708332061767578,293.5634765625,8475.5859375,0.012557528913021088,3.922271728515625,2.23321533203125,-0.051344871520996094,289.389404296875,15596.96484375,0.009716056287288666,1.7465667724609375,3.8270416259765625,0.0103607177734375,281.005126953125,31557.171875,0.004612195771187544,0.9356111160916833,-0.40427157630683275,-2.7572315248439674,4.513476069675389,12.558349609375,12.358888888888888,0,0,0,0,1,0,0,0,0
Clyde,2014,2014-09-15 17:00:00,31.54317,-70.88517,weather,36.05493865784285,3.612401639966595,163.5357097522616,9.26,1,3.8491363525390625,0.66485595703125,-0.06316280364990234,293.568115234375,8449.0390625,0.012449271976947784,3.4013671875,1.96868896484375,-0.04631614685058594,289.281982421875,15570.0078125,0.010104186832904816,1.9738922119140625,3.6463623046875,-0.04544353485107422,280.9244384765625,31525.27734375,0.00452083395794034,0.4533188048043809,-0.9239582751058995,-2.9374129181552484,3.930017173562886,12.6436767578125,12.355833333333333,0,0,0,0,1,0,0,0,0
Clyde,2014,2014-09-15 18:00:00,31.22883,-70.80467,weather,35.77854618095794,3.604914690960414,167.64702897642928,10.80333333,1,3.56097412109375,0.47015380859375,0.034234046936035156,293.619873046875,8412.76171875,0.01254594698548317,2.98016357421875,1.574615478515625,-0.023815155029296875,289.274169921875,15534.6796875,0.010308627039194107,2.2991790771484375,3.3028106689453125,-0.014294624328613281,280.819580078125,31485.94921875,0.005041311960667372,0.302543080398978,-0.9006032074169016,-2.7344730389572955,3.370576928996172,12.80029296875,12.3525,0,0,0,0,1,0,0,0,0
Clyde,2014,2014-09-15 19:00:00,30.91417,-70.78967,weather,35.01774918928731,3.5840118499910156,177.6579853664142,10.80333333,1,3.1755523681640625,0.1812286376953125,0.07448768615722656,293.6259765625,8386.1953125,0.01259099505841732,2.5401611328125,1.2699737548828125,0.025333404541015625,289.263671875,15507.8828125,0.010162463411688805,2.52838134765625,2.8541412353515625,-0.05538177490234375,280.706787109375,31456.734375,0.005280686542391777,-0.051309946151175484,-1.1651105678219493,-2.748436165007792,2.8399387174272674,12.919189453125,12.349166666666667,0,0,0,0,1,0,0,0,0
Clyde,2014,2014-09-15 20:00:00,30.669,-70.76717,weather,27.346246439103243,3.3444946206709107,175.48657479415965,7.716666667,1,2.2184295654296875,-0.011688232421875,0.0014333724975585938,293.55126953125,8345.2578125,0.012877404689788818,1.7866973876953125,0.949249267578125,-0.053877830505371094,289.1875,15466.3203125,0.0101127028465271,2.430633544921875,2.1753387451171875,-0.12047576904296875,280.555419921875,31406.96875,0.005257876589894295,0.1862261659676196,-0.8057055565767269,-1.9773197699998781,2.0232058044585726,12.995849609375,12.346666666666666,0,0,0,0,1,0,0,0,0
Clyde,2014,2014-09-15 21:00:00,30.486,-70.7585,weather,20.365591891219818,3.061781772490379,177.66205759045943,12.86111111,1,1.3599395751953125,0.0605926513671875,-0.0017862319946289062,293.433837890625,8362.78515625,0.013040482997894287,1.0850830078125,0.830810546875,-0.0703878402709961,289.07470703125,15481.36328125,0.010163725353777409,1.9276275634765625,1.4344482421875,-0.18476486206054688,280.279541015625,31410.22265625,0.005149075295776129,-0.005065559548060115,-0.7858546788242307,-1.354619589891461,1.366620393028788,13.154296875,12.344722222222222,0,0,0,0,1,0,0,0,0
Clyde,2014,2014-09-15 22:00:00,30.33033,-70.7165,weather,17.77214289105477,2.9323740098281297,166.89041327302618,12.34666667,1,1.2197418212890625,0.4632415771484375,0.031668663024902344,293.6728515625,8332.33203125,0.012730609625577927,1.8399505615234375,0.565643310546875,0.12937164306640625,289.433349609375,15455.22265625,0.009293567389249802,3.38214111328125,0.2569732666015625,0.05871295928955078,280.63623046875,31394.0625,0.004142983350902796,-0.17451373859867092,-0.1335744885446183,0.5168418300897887,1.9249338751284006,13.03662109375,12.343055555555555,0,0,0,0,1,0,0,0,0
Clyde,2014,2014-09-16 14:00:00,26.528,-70.19917,weather,47.700029356071596,3.8856796328824403,187.49024430604254,8.745555556,1,-0.465606689453125,-0.7844390869140625,-0.0018663406372070312,293.648193359375,8257.52734375,0.014217060059309006,-0.1655731201171875,-0.942230224609375,-0.016208648681640625,289.8134765625,15391.83984375,0.010234512388706207,0.882781982421875,-0.3288116455078125,0.058068275451660156,280.684814453125,31369.71484375,0.005328602157533169,0.8384407915498686,0.9557739193417722,0.21092877467305293,0.9566672641377324,12.96337890625,12.280277777777778,0,0,0,0,1,0,0,0,0
Clyde,2014,2014-09-16 15:00:00,26.24867,-70.29967,weather,32.633444251327475,3.515520936545108,197.88649860433833,10.28888889,1,-0.7975006103515625,-0.971405029296875,0.04688072204589844,293.925048828125,8223.13671875,0.013553384691476822,-0.7959136962890625,-0.9840240478515625,0.12139606475830078,289.989990234375,15361.87890625,0.010443853214383125,0.8859710693359375,0.1487579345703125,0.21756935119628906,280.95361328125,31354.37890625,0.00565599650144577,1.1693921738393995,1.180913882218674,-0.41367838417830494,1.265615241173514,12.971435546875,12.277777777777779,0,0,0,0,1,0,0,0,0
Clyde,2014,2014-09-16 16:00:00,26.02583,-70.36267,weather,25.564299520116055,3.279568191029599,194.255083494899,11.31777778,1,-1.2924652099609375,-0.4432525634765625,-0.12470817565917969,294.12353515625,8195.8671875,0.013136852532625198,-1.456695556640625,-0.5250244140625,-0.12479782104492188,289.940185546875,15335.0078125,0.0107405511662364,1.0350494384765625,0.0207061767578125,-0.009241104125976562,281.143798828125,31334.88671875,0.005525967106223106,0.7478601134300695,0.8675540956613133,-0.27493844877582063,1.5484226103032117,12.979736328125,12.276111111111112,0,0,0,0,1,0,0,0,0
Clyde,2014,2014-09-16 17:00:00,25.7915,-70.53567,weather,31.27832503486828,3.4743959534206748,213.6248696412629,11.31777778,1,-1.5145416259765625,0.2378692626953125,-0.11289310455322266,293.980224609375,8152.48046875,0.013269487768411636,-1.67376708984375,0.042999267578125,-0.1732769012451172,289.95556640625,15291.1484375,0.010637468658387661,0.5769195556640625,-0.634918212890625,-0.15125656127929688,281.107177734375,31284.14453125,0.005649921949952841,0.6406128125218542,0.8910489303473591,0.20921335275515884,1.6743193267881342,12.873046875,12.274166666666666,0,0,0,0,1,0,0,0,0
Clyde,2014,2014-09-16 18:00:00,25.4565,-70.69483,weather,40.524275636547046,3.7262782113146278,203.22371658971602,11.31777778,1,-1.4860382080078125,0.6737060546875,-0.01575469970703125,293.946533203125,8112.6484375,0.013439111411571503,-1.613677978515625,0.6915435791015625,-0.015625953674316406,289.899169921875,15250.76953125,0.010612678714096546,0.30474853515625,-0.7268218994140625,-0.0547027587890625,281.041748046875,31237.015625,0.005784393288195133,-0.033139074541138624,0.000799948951723306,0.54775996212883,1.7556164558760756,12.90478515625,12.27138888888889,0,0,0,0,1,0,0,0,0
Clyde,2014,2014-09-16 19:00:00,25.20467,-70.76783,weather,28.947411237221484,3.3994428846727667,194.69753415076605,12.34666667,1,-1.6578826904296875,0.57037353515625,-0.013172149658203125,293.979736328125,8073.3984375,0.013799939304590225,-1.6434478759765625,0.8549041748046875,-0.007830619812011719,289.991455078125,15212.67578125,0.010443901643157005,0.0756683349609375,-0.2134246826171875,-0.028191566467285156,280.98046875,31198.80859375,0.0058480496518313885,-0.1310782677947046,-0.4099610352588901,0.1872428525938799,1.8525069687184332,12.999267578125,12.269444444444444,0,0,0,0,1,0,0,0,0
Clyde,2014,2014-09-16 20:00:00,24.92017,-70.87983,weather,33.586261481935125,3.5434565362156105,199.65036408262014,11.83222222,1,-1.8828125,0.3838653564453125,0.07343769073486328,294.085205078125,8031.43359375,0.013883285224437714,-1.5840301513671875,0.6931304931640625,-0.02760028839111328,289.974853515625,15172.6171875,0.010621272027492523,-0.364776611328125,-0.3076324462890625,-0.1531810760498047,280.894775390625,31156.55859375,0.0058251600712537766,0.2716414055277451,-0.12008720309395304,0.4123835218686517,1.729040601314559,13.1904296875,12.267222222222221,0,0,0,0,1,0,0,0,0
Clyde,2014,2014-09-16 21:00:00,24.54517,-70.97867,weather,42.87630995216596,3.781374537799958,193.48369314197163,10.80333333,1,-2.9192657470703125,0.19573974609375,0.17972469329833984,294.02294921875,8004.82421875,0.014292623847723007,-2.1839599609375,0.798797607421875,0.1282491683959961,289.994384765625,15147.43359375,0.01051035150885582,-1.0102691650390625,-0.9163055419921875,0.09181499481201172,281.088623046875,31137.98046875,0.005735295359045267,0.4903366971955347,-0.26754889906236956,1.1266118473704971,2.3254588210933855,12.934326171875,12.264166666666666,0,0,0,0,1,0,0,0,0
Clyde,2014,2014-09-16 22:00:00,24.1845,-71.1055,weather,42.11204748386492,3.763802482037736,197.78812136448752,12.34666667,1,-2.9983673095703125,0.3217926025390625,0.12151718139648438,294.4150390625,7999.06640625,0.014062829315662384,-2.513458251953125,0.6201019287109375,0.09116363525390625,290.2197265625,15145.5078125,0.009827837347984314,-0.8054962158203125,-0.549652099609375,0.07566356658935547,281.47705078125,31137.87890625,0.005375143606215715,0.6095863386155371,0.1773996615350445,0.7694521477088294,2.5888218915758348,12.93798828125,12.261388888888888,0,0,0,0,1,0,0,0,0
Clyde,2014,2014-09-17 17:00:00,21.803,-72.331,weather,15.13720305688321,2.7811273551906495,273.6070065623808,14.91888889,1,-4.2924652099609375,1.318084716796875,-0.0948028564453125,294.789306640625,7969.046875,0.013687670230865479,-4.4063720703125,1.8619842529296875,-0.05567455291748047,290.974365234375,15129.93359375,0.010056713595986366,-1.0170440673828125,1.405609130859375,-0.059711456298828125,282.65087890625,31179.71484375,0.003931588027626276,4.3668861095232785,4.514785440324557,1.10345982255581,4.783628348877889,12.138427734375,12.222222222222221,0,0,0,0,1,0,0,0,0
Clyde,2014,2014-09-17 18:00:00,21.68917,-72.452,weather,17.787210442287083,2.933176342706808,224.65746982332584,10.28888889,1,-3.818267822265625,0.928375244140625,-0.08188438415527344,294.682861328125,7905.34765625,0.014118030667304993,-4.04815673828125,1.694183349609375,-0.013887405395507812,290.966552734375,15065.92578125,0.010179758071899414,-1.2977752685546875,1.7718353271484375,-0.05394935607910156,282.563232421875,31113.8671875,0.004050588235259056,2.023360843787967,1.6402064556705651,-0.34818112391072864,4.388374437053604,12.11962890625,12.221388888888889,0,0,0,0,1,0,0,0,0
Clyde,2014,2014-09-17 19:00:00,21.44117,-72.50783,weather,28.174231205545308,3.373285826687301,191.83506285545312,11.83222222,1,-3.6686553955078125,0.7265472412109375,-0.007275581359863281,294.58935546875,7855.3359375,0.014726351946592331,-3.9469757080078125,1.218475341796875,0.0689840316772461,290.984375,15017.49609375,0.010640696622431278,-1.302001953125,2.348876953125,0.026764869689941406,282.479248046875,31077.78515625,0.004911387339234352,0.041320692932980796,-0.3830679138197154,-2.0319105244521176,4.130774672887736,12.110107421875,12.22,0,0,0,0,1,0,0,0,0
Clyde,2014,2014-09-17 20:00:00,21.075,-72.6065,weather,41.98051968046144,3.760746982357214,194.11506169268446,11.83222222,1,-4.159912109375,0.2832794189453125,0.1859750747680664,294.77001953125,7797.42578125,0.01486889272928238,-3.8549346923828125,1.6002044677734375,0.13387775421142578,291.21484375,14968.16015625,0.01082523912191391,-1.5543670654296875,3.09320068359375,0.020194053649902344,282.545166015625,31044.7421875,0.005543124862015247,0.7397509678387764,-0.6117882328349101,-2.6207471532880793,4.1738682084151435,12.224853515625,12.2175,0,0,0,0,1,0,0,0,0
Clyde,2014,2014-09-17 21:00:00,20.734,-72.74683,weather,40.622886216697324,3.728650165430335,201.0536754452795,12.34666667,1,-4.638916015625,0.0936431884765625,0.0827322006225586,295.66064453125,7781.58984375,0.012564349919557571,-3.3473968505859375,1.954437255859375,-0.012737274169921875,291.50244140625,14960.73828125,0.010109773837029934,-1.6480560302734375,2.951141357421875,-0.06063365936279297,282.5625,31040.6328125,0.005585874896496534,1.579103271246931,-0.6214405947771473,-2.1620842546727723,3.876195384962396,13.09814453125,12.215277777777779,0,0,0,0,1,0,0,0,0
Clyde,2014,2014-09-17 22:00:00,20.30667,-72.78667,weather,47.6977128144172,3.885632064189302,184.99708607545847,11.83222222,1,-3.0503692626953125,0.8781890869140625,-0.08660411834716797,295.922607421875,7747.95703125,0.013198189437389374,-1.974151611328125,1.731292724609375,0.038596153259277344,291.831787109375,14936.36328125,0.011088356375694275,-1.452545166015625,2.773956298828125,0.10262012481689453,282.74169921875,31024.609375,0.005958153400570154,-0.6091485494304512,-1.5527536736316134,-2.636888788865841,2.6257663800869233,13.180908203125,12.212777777777777,0,0,0,0,1,0,0,0,0
Clyde,2014,2014-09-18 14:00:00,19.932,-72.60717,weather,24.293108347103328,3.2305319612788836,124.07193649932742,12.86111111,1,0.84820556640625,0.2415924072265625,-0.04715251922607422,295.6494140625,7953.80078125,0.014744643121957779,-0.697174072265625,1.9522552490234375,-0.009218215942382812,291.3681640625,15136.02734375,0.012168120592832565,-1.494659423828125,1.92633056640625,0.014323234558105469,283.28125,31225.3046875,0.005899542942643166,0.567250097260177,-1.6712120556880041,-2.317273082406212,2.073005606451415,12.3681640625,12.191666666666666,0,0,0,0,1,0,0,0,0
Clyde,2014,2014-09-18 15:00:00,19.73283,-72.5405,weather,23.218700645238012,3.1871250886775004,162.51022418820787,9.26,1,1.1553802490234375,-0.3133697509765625,-0.36571598052978516,296.0771484375,7972.63671875,0.01549777016043663,-0.577239990234375,1.0034027099609375,-0.3681783676147461,291.719482421875,15158.109375,0.012187478132545948,-1.71466064453125,2.2172393798828125,-0.20340919494628906,283.0439453125,31257.9765625,0.007427947595715523,0.6461157595095371,-1.1304971713567764,-2.6300543024175562,1.1575936267459037,13.033203125,12.190555555555555,0,0,0,0,1,0,0,0,0
Clyde,2014,2014-09-18 16:00:00,19.50917,-72.3415,weather,32.448985076034226,3.5100214445902838,140.00084456086233,8.745555556,1,0.4066314697265625,-0.9670867919921875,-0.4367084503173828,297.281005859375,7998.09375,0.014097936451435089,-0.3619842529296875,0.5006256103515625,-0.6102390289306641,291.595458984375,15196.97265625,0.01296320091933012,-1.541229248046875,2.7721099853515625,-0.2481822967529297,282.833251953125,31291.9296875,0.00787816010415554,1.002213704843118,-0.6161811154558594,-3.114251376305533,0.6177852386622219,14.44775390625,12.189444444444444,0,0,0,0,1,0,0,0,0
Clyde,2014,2014-09-18 17:00:00,19.18667,-72.20317,weather,38.68577735401702,3.680992870457761,157.94357210918668,16.46222222,1,0.6781463623046875,-1.5355072021484375,-0.26456546783447266,298.084228515625,7918.89453125,0.014389656484127045,0.5458221435546875,-0.547088623046875,-0.7303256988525391,291.07421875,15130.50390625,0.013958672992885113,-0.549652099609375,2.3179779052734375,-0.12273216247558594,282.37109375,31214.7734375,0.00892140157520771,1.6777875153754402,0.7120165399398336,-2.354740579702438,0.7728051331752136,15.713134765625,12.187777777777777,0,0,0,0,1,0,0,0,0
Clyde,2014,2014-09-18 18:00:00,18.92183,-72.08767,weather,31.85276944210898,3.4920360470729532,157.5787971389932,20.06333333,1,0.37225341796875,-1.5805816650390625,-0.4010190963745117,298.426025390625,7849.64453125,0.012968041002750397,0.6981658935546875,-0.2008819580078125,-1.0130929946899414,291.8720703125,15068.3984375,0.0127320047467947,-0.6205902099609375,3.2990875244140625,-1.077132225036621,282.25830078125,31150.60546875,0.007412450388073921,1.6030796195554131,0.45198546680647766,-3.286393698730009,0.7264910019925008,16.167724609375,12.186388888888889,0,0,0,0,1,0,0,0,0
Clyde,2014,2014-09-18 19:00:00,18.70667,-71.99217,weather,25.95049770023243,3.294001764725575,157.19535417850284,8.745555556,1,2.084747314453125,-1.0949859619140625,-0.5244522094726562,297.5224609375,7817.75,0.013904467225074768,1.3292388916015625,-0.7758026123046875,-0.9997615814208984,291.79052734375,15024.28515625,0.013127297163009644,-1.24273681640625,1.8531341552734375,-0.750335693359375,281.7109375,31090.96484375,0.008387813344597816,1.817420708834038,1.2303596082533939,-2.1899506367086197,1.5390730080814645,15.8115234375,12.185277777777777,0,0,0,0,1,0,0,0,0
Clyde,2014,2014-09-18 20:00:00,18.42933,-71.76667,weather,38.93593301139684,3.6872764953466386,142.3405222962473,11.31777778,1,1.2671356201171875,0.1571044921875,-0.17071533203125,297.84716796875,7791.72265625,0.014061562716960907,1.03466796875,0.2345733642578125,-1.0493850708007812,291.701904296875,14996.19921875,0.013463981449604034,-1.315948486328125,0.8890380859375,-1.0205678939819336,281.771728515625,31066.59375,0.008158002980053425,0.6498057359321123,0.44644691878470855,-1.5078136781044225,1.0609252889701892,16.075439453125,12.18388888888889,0,0,0,0,1,0,0,0,0
Clyde,2014,2014-09-18 21:00:00,18.31383,-71.58183,weather,23.354141924886594,3.1927019346479697,123.33266801476384,9.26,1,-0.010162353515625,0.077545166015625,-0.29083824157714844,298.37939453125,7793.3828125,0.01306280866265297,-1.5808563232421875,0.3989715576171875,-0.8587779998779297,291.697021484375,15010.03125,0.012826923280954361,-2.7616424560546875,-0.272186279296875,-0.13294696807861328,282.494873046875,31089.3125,0.006612473167479038,-0.0511015999519401,-1.5400308590526093,-2.1577700696116278,1.6304247969539387,15.884521484375,12.183333333333334,0,0,0,0,1,0,0,0,0
Clyde,2014,2014-09-19 14:00:00,18.10733,-71.41083,weather,26.152611698661623,3.301473236915977,145.1219412483478,16.97666667,1,-5.0835113525390625,-0.349517822265625,0.059943199157714844,296.712890625,7967.26953125,0.014067324809730053,-7.48858642578125,0.11566162109375,0.15688323974609375,290.66259765625,15149.5078125,0.012145692482590675,-5.477569580078125,0.1046295166015625,0.09037494659423828,282.928955078125,31212.8046875,0.0050195916555821896,-2.620178970869463,-4.377096961842407,-3.2180832483687305,7.489479572506306,13.783935546875,12.165277777777778,0,0,0,0,1,0,0,0,0
Clyde,2014,2014-09-19 15:00:00,17.83433,-71.322,weather,31.77697502824796,3.4897262880400777,162.78844257165053,19.54888889,1,-8.377716064453125,-2.249786376953125,0.34854793548583984,295.662841796875,7957.23046875,0.01248382218182087,-9.164932250976562,-0.355255126953125,0.3073415756225586,291.496826171875,15132.75390625,0.010802931152284145,-5.452117919921875,0.1982269287109375,0.26172733306884766,283.66455078125,31237.5,0.0037647797726094723,-0.3299343631453815,-2.3725638799896807,-1.8026357850383703,9.17181494417636,11.998291015625,12.164166666666667,0,0,0,0,1,0,0,0,0
Clyde,2014,2014-09-19 16:00:00,17.5035,-71.49583,weather,41.13936035125181,3.7409822291258554,206.6212329236948,15.43333333,1,-9.096893310546875,-1.750152587890625,0.25409507751464844,295.642822265625,7888.84375,0.013234018348157406,-9.018783569335938,-0.3860015869140625,0.17315959930419922,291.76806640625,15070.28515625,0.011182981543242931,-5.2977142333984375,0.3201904296875,-0.02161693572998047,284.033203125,31199.83203125,0.003493094816803932,5.640846551251003,4.386311368349504,2.087608498887292,9.027040173590901,11.609619140625,12.163055555555555,0,0,0,0,1,0,0,0,0
Clyde,2014,2014-09-19 17:00:00,17.1535,-71.62233,weather,41.169545758315486,3.741698296021902,199.05455364217866,16.46222222,1,-8.6002197265625,-1.7798309326171875,0.25618839263916016,295.455810546875,7841.875,0.014679187908768654,-8.429351806640625,-0.329803466796875,0.19689559936523438,291.829833984375,15025.91796875,0.011982450261712074,-5.2565460205078125,0.1162872314453125,-0.0915374755859375,284.019775390625,31163.41015625,0.0044803679920732975,4.490009606934427,3.063648858671985,1.6061798634660795,8.435801219020444,11.43603515625,12.161666666666667,0,0,0,0,1,0,0,0,0
Clyde,2014,2014-09-19 18:00:00,16.85483,-71.83733,weather,40.31876425186025,3.7213167370244595,214.57457096671217,8.745555556,1,-8.17742919921875,-1.6431121826171875,0.03447914123535156,295.470703125,7782.8671875,0.014789998531341553,-8.253982543945312,-0.2947235107421875,0.05778694152832031,291.93359375,14967.73046875,0.011699610389769077,-5.482086181640625,0.1061859130859375,-0.19591903686523438,283.77685546875,31103.8125,0.00545566575601697,5.993433507496553,4.926628407199872,3.0235330608839828,8.259242688257691,11.69384765625,12.160277777777777,0,0,0,0,1,0,0,0,0
Clyde,2014,2014-09-19 19:00:00,16.588,-72.00783,weather,34.784990825285206,3.577528554806155,211.48971055895205,11.31777778,1,-8.708694458007812,-1.4736175537109375,0.03869056701660156,295.628173828125,7701.828125,0.014726892113685608,-8.315780639648438,-0.2521820068359375,0.13668441772460938,291.884765625,14889.5625,0.01210705190896988,-5.2154693603515625,-0.3497161865234375,-0.013399124145507812,283.524658203125,31020.28125,0.005974283441901207,5.805550563388091,4.558754224683385,3.022491489712153,8.319603560947094,12.103515625,12.159166666666666,0,0,0,0,1,0,0,0,0
Clyde,2014,2014-09-19 20:00:00,16.29717,-72.0525,weather,32.68783266732288,3.5171367237172406,188.38649688149076,11.83222222,1,-8.644515991210938,-1.2902069091796875,-0.0006771087646484375,295.655029296875,7676.50390625,0.01563996635377407,-8.35638427734375,-0.2880859375,0.058342933654785156,292.014404296875,14868.11328125,0.01224216166883707,-5.0713348388671875,-1.164093017578125,0.10139846801757812,283.5361328125,31004.6875,0.006390596739947796,2.5372119929191186,1.5037829923480885,1.8912986325581573,8.361348676979276,12.118896484375,12.158055555555556,0,0,0,0,1,0,0,0,0
Clyde,2014,2014-09-19 21:00:00,16.01583,-72.1705,weather,33.72673034040553,3.5475097172162373,201.95880022179665,12.34666667,1,-8.25140380859375,-0.7724609375,-0.06596565246582031,295.515625,7630.265625,0.016243107616901398,-8.125747680664062,-0.1755523681640625,-0.06464290618896484,292.049072265625,14822.703125,0.012341488152742386,-5.2815399169921875,-1.69464111328125,-0.052875518798828125,283.477783203125,30959.81640625,0.006612288299947977,3.801949366549954,3.2013569073766632,3.546677857492411,8.12764381624745,12.037841796875,12.156944444444445,0,0,0,0,1,0,0,0,0
Clyde,2014,2014-09-19 22:00:00,15.67583,-72.19383,weather,37.888552671946115,3.6606999315313384,183.7798158231486,11.31777778,1,-7.5005340576171875,-0.8042755126953125,0.052715301513671875,295.64208984375,7610.7578125,0.015568035654723644,-7.8791351318359375,-0.4061279296875,0.18922901153564453,291.900146484375,14801.59765625,0.012345920316874981,-5.7903594970703125,-2.0816497802734375,0.3736906051635742,283.80322265625,30948.859375,0.0073013026267290115,1.2969791498379613,0.9246559238585108,2.458836018224096,7.889595066985604,11.8388671875,12.155833333333334,0,0,0,0,1,0,0,0,0
Clyde,2014,2014-09-20 14:00:00,11.91333,-72.0375,weather,13.495240469789113,2.673820352080032,106.91671659453925,19.54888889,1,-7.9716949462890625,0.5842132568359375,-0.33876514434814453,295.05810546875,7758.26953125,0.015860317274928093,-7.5059661865234375,1.0589752197265625,-0.22017383575439453,291.4873046875,14939.53125,0.012009269557893276,-7.2467498779296875,0.84442138671875,-0.04716300964355469,283.489990234375,31049.88671875,0.006314147263765335,-7.796744724141216,-7.489315512651141,-7.17888466140906,7.580300581720234,11.568115234375,12.130833333333333,0,0,0,0,1,0,0,0,0
Clyde,2014,2014-09-20 16:00:00,11.72383,-71.9955,weather,15.146084838317124,2.7816775954070017,159.5961627105355,7.202222222,1,-6.2640380859375,1.2919158935546875,-0.29387569427490234,295.51318359375,7733.05078125,0.01623532921075821,-7.0191650390625,0.665191650390625,-0.08078479766845703,291.708740234375,14917.42578125,0.011926652863621712,-6.762298583984375,1.6050872802734375,0.12909221649169922,283.2138671875,31022.50390625,0.006659575272351503,-3.3947211234961503,-3.070581959173764,-3.8619546710085206,7.0506140000248685,12.29931640625,12.130277777777778,0,0,0,0,1,0,0,0,0
Clyde,2014,2014-09-20 18:00:00,11.48183,-72.09,weather,22.227248821752998,3.145326107644401,210.54704686208424,12.34666667,1,-3.9537811279296875,0.382659912109375,0.1950693130493164,296.19482421875,7543.13671875,0.015460282564163208,-4.62530517578125,1.0025177001953125,0.013287544250488281,292.405029296875,14742.5390625,0.010682448744773865,-6.0021514892578125,2.0790557861328125,-0.00344085693359375,283.27099609375,30870.6171875,0.006577141582965851,1.6799408835479426,1.4874110509400185,1.260059616506572,4.7327042701096085,12.923828125,12.129722222222222,0,0,0,0,1,0,0,0,0
Clyde,2014,2014-09-20 19:00:00,11.289,-72.13033,weather,21.887763507817784,3.130602423110444,191.59088475338473,12.34666667,1,-3.5908050537109375,-1.421966552734375,-0.3418283462524414,296.992919921875,7405.984375,0.016212429851293564,-3.615966796875,-0.3678741455078125,-0.3722982406616211,292.461669921875,14613.4375,0.011641908437013626,-6.3404998779296875,0.84490966796875,-0.26038646697998047,283.449951171875,30749.390625,0.00645400071516633,2.1144407207220857,1.0868997304746497,0.44626678743618886,3.6346316543819883,13.54296875,12.129166666666666,0,0,0,0,1,0,0,0,0
Clyde,2014,2014-09-20 20:00:00,11.137,-72.15467,weather,17.108861024033935,2.896401377815595,188.92915595235732,0.0,0,-2.269866943359375,-1.5845794677734375,-0.3620882034301758,297.229736328125,7455.89453125,0.016352839767932892,-1.6123504638671875,-1.0750885009765625,-0.19898509979248047,292.022705078125,14662.9765625,0.012129347771406174,-5.034698486328125,1.5666351318359375,-0.11560916900634766,282.955078125,30776.78125,0.006813411135226488,1.917689066562064,1.3123174397518322,-0.7661979038129915,1.9379084868137522,14.274658203125,12.12861111111111,0,0,0,0,1,0,0,0,0
Clyde,2014,2014-09-21 15:00:00,11.0055,-72.0365,weather,17.20436083826741,2.9016611718799066,121.77323216187563,17.49111111,1,-0.164398193359375,1.595001220703125,0.03940582275390625,294.236572265625,7869.71484375,0.016632113605737686,-1.478118896484375,1.865692138671875,0.19884777069091797,292.028076171875,15057.640625,0.01204187422990799,0.00872802734375,3.1105194091796875,0.06467723846435547,282.5518798828125,31175.078125,0.008325592614710331,-0.9796230168970166,-2.2390025942636163,-1.6304509573410613,2.3802610420805155,11.6846923828125,12.118333333333334,0,0,0,0,1,0,0,0,0
Clyde,2014,2014-09-21 16:00:00,10.90683,-71.84333,weather,23.771417313997027,3.2096904608387713,117.46852988979589,8.231111111,1,1.0230865478515625,3.0416717529296875,0.15999126434326172,294.910888671875,7829.69140625,0.015903688967227936,-1.1760101318359375,2.4532623291015625,0.15138626098632812,292.6343994140625,15026.29296875,0.011630829423666,-0.8331756591796875,2.8213958740234375,0.10113048553466797,282.89990234375,31165.5390625,0.007995856925845146,-0.49525742068974277,-2.175026913278913,-2.040647893378952,2.7205690370894104,12.010986328125,12.118055555555555,0,0,0,0,1,0,0,0,0
Clyde,2014,2014-09-23 19:00:00,10.77733,-71.81833,weather,13.178540325650005,2.6517295768526536,169.4110569358097,10.28888889,1,1.317413330078125,-1.9720916748046875,0.007956504821777344,295.25830078125,7504.8203125,0.01757313311100006,3.73248291015625,-2.260467529296875,-0.02711963653564453,291.775390625,14698.12890625,0.012853766791522503,2.1475830078125,2.350128173828125,-0.17114830017089844,282.980712890625,30808.93359375,0.007723549380898476,2.180598650911134,2.907860899875385,-1.9154640217463423,4.363615716995939,12.277587890625,12.098055555555556,0,0,0,0,1,0,0,0,0
Clyde,2014,2014-09-24 14:00:00,10.82683,-71.86817,weather,15.010925302686891,2.7732713206344104,342.86238658022137,7.202222222,1,-0.848663330078125,2.053863525390625,-0.06191253662109375,295.07958984375,7779.32421875,0.015034511685371399,-2.5205535888671875,1.9368896484375,-0.032833099365234375,292.871826171875,14967.8359375,0.009866086766123772,-4.643218994140625,2.5004730224609375,0.03265380859375,283.658203125,31136.40234375,0.006946469657123089,2.212745216204512,2.5936170942345633,3.7576582142748753,3.1787940959702943,11.42138671875,12.088333333333333,0,0,0,0,1,0,0,0,0
Clyde,2014,2014-10-13 17:00:00,11.05033,-71.81333,weather,10.108102078292045,2.4076747590217065,340.445997029814,5.144444444,1,-3.033111572265625,1.9763641357421875,0.14899826049804688,295.843505859375,7621.66015625,0.015036564320325851,-3.8102264404296875,3.1894073486328125,0.08619403839111328,292.407958984375,14820.0625,0.011605729348957539,-7.2104339599609375,3.7139129638671875,-0.07346248626708984,283.11962890625,30950.54296875,0.006480374373495579,2.877548017810641,4.280727321214649,5.913015897655682,4.96891786638323,12.723876953125,11.89861111111111,0,0,0,0,1,0,0,0,0
Clyde,2014,2014-10-24 21:00:00,10.97383,-71.78433,weather,10.090266178082032,2.406067802704722,26.56657208571238,0.0,0,-2.249359130859375,-1.0087127685546875,0.04770469665527344,297.127197265625,7347.19140625,0.014937631785869598,-2.3501739501953125,-0.3397979736328125,0.10542869567871094,293.3896484375,14568.20703125,0.01032597478479147,-5.297119140625,-1.852569580078125,0.1170969009399414,284.222900390625,30746.48828125,0.005015270784497261,-1.9082055425502347,-1.355006053967543,-4.026036075198459,2.3746116017280814,12.904296875,11.796666666666667,0,0,0,0,1,0,0,0,0
Clyde,2014,2014-10-26 15:00:00,10.89783,-71.8255,weather,13.1865057271369,2.6522912118791897,155.02005782420076,0.0,0,0.330718994140625,1.5547943115234375,0.13695430755615234,294.91845703125,7614.140625,0.01534673385322094,-0.3291168212890625,1.5328826904296875,0.1440258026123047,291.74951171875,14791.62890625,0.011759266257286072,-3.447784423828125,3.3769073486328125,0.04397106170654297,282.3779296875,30879.99609375,0.007907767780125141,-1.2696891855728984,-1.5284765705378773,-4.517019518061595,1.5678160685087947,12.54052734375,11.780833333333334,0,0,0,0,1,0,0,0,0
Clyde,2014,2014-11-07 17:00:00,10.90033,-71.7475,weather,10.607055672674234,2.451613160849027,97.42358662377688,10.28888889,1,0.529266357421875,0.2373504638671875,0.17373180389404297,295.60546875,7593.4609375,0.015059433877468109,2.6697998046875,0.631866455078125,0.029926300048828125,292.075927734375,14783.86328125,0.011255190707743168,1.669586181640625,5.2768402099609375,-0.01743793487548828,283.006591796875,30916.1796875,0.00920864101499319,0.4941634905151438,2.565782136586151,0.9738038877385046,2.743553574137456,12.598876953125,11.679166666666667,0,0,0,0,1,0,0,0,0
Clyde,2014,2014-11-08 16:00:00,11.02417,-71.73983,weather,10.84861489767147,2.472210974476958,6.162351775489412,11.31777778,1,-0.4038543701171875,1.2656402587890625,0.05113697052001953,295.4189453125,7618.84765625,0.015176946297287941,-1.6500701904296875,1.6003265380859375,0.0751943588256836,291.95068359375,14809.05078125,0.012208142317831516,-0.870849609375,4.1952056884765625,-0.010805130004882812,283.14404296875,30942.62109375,0.00940194632858038,1.2149748399253033,1.4139508102778158,4.077482290051503,2.298646702267834,12.27490234375,11.66638888888889,0,0,0,0,1,0,0,0,0
Clyde,2014,2014-11-08 17:00:00,10.97683,-71.58533,weather,17.666412479733175,2.9267257848171737,107.32064933187996,7.716666667,1,0.1108551025390625,2.448883056640625,-0.1951923370361328,295.6181640625,7505.62890625,0.0159321129322052,-2.3248138427734375,2.068084716796875,0.01099395751953125,292.14208984375,14699.44921875,0.012406731024384499,-1.4884490966796875,3.1944122314453125,-0.0192108154296875,283.470458984375,30846.69140625,0.008935156278312206,-0.6232506721858153,-2.8350998297294767,-2.371990288492899,3.111548456861922,12.147705078125,11.668333333333333,0,0,0,0,1,0,0,0,0
Clyde,2014,2014-11-08 19:00:00,10.9355,-71.7695,weather,23.21744001438003,3.1870730353618937,260.92643920073175,10.80333333,1,0.06634521484375,1.81927490234375,0.20965290069580078,296.298095703125,7340.21875,0.015292814932763577,-1.2126922607421875,1.016265869140625,-0.02273845672607422,292.48583984375,14547.71484375,0.012501783668994904,-1.6840667724609375,3.188690185546875,-0.19620800018310547,283.54638671875,30698.90625,0.009014539420604706,-0.3524190477256416,1.037249885112648,1.1601293942895317,1.5822195916004036,12.751708984375,11.67,0,0,0,0,1,0,0,0,0
Clyde,2014,2014-11-09 18:00:00,10.90783,-71.75317,weather,10.029485700234378,2.400572204819698,80.74049696158625,11.31777778,1,-0.3502349853515625,0.882598876953125,0.28379249572753906,295.6103515625,7524.5078125,0.015773558989167213,-1.2381134033203125,1.688720703125,0.2309274673461914,292.0888671875,14719.328125,0.012771579436957836,0.0557403564453125,1.784912109375,0.15925979614257812,283.2578125,30867.1171875,0.008584902621805668,-0.20365562613438853,-0.9502546622145505,0.34221758498010035,2.093968102107671,12.3525390625,11.663333333333334,0,0,0,0,1,0,0,0,0
Clyde,2014,2014-11-11 18:00:00,11.04117,-71.80283,weather,13.541475638865784,2.6770049551859003,10.682542762867683,12.34666667,1,-0.92462158203125,-1.590118408203125,0.3458852767944336,295.741455078125,7468.046875,0.015065621584653854,-1.8420562744140625,-0.4754486083984375,0.2328815460205078,291.50830078125,14654.1328125,0.011925186961889267,-2.39215087890625,-0.89105224609375,-0.07596302032470703,283.148193359375,30761.98828125,0.007990286685526371,-1.7339551070004848,-0.8086656084458288,-1.3190360594582589,1.902425477472436,12.59326171875,11.6425,0,0,0,0,1,0,0,0,0
Hudson,2009,2009-09-19 21:00:00,41.56717,-71.19817,daylight,10.301293298590645,2.4249171703719674,350.3905257783496,0.0,0,3.8903350830078125,-5.264862060546875,-0.15578651428222656,283.980224609375,8291.15625,0.004183225333690643,0.6255340576171875,-10.818771362304688,0.17271995544433594,281.459228515625,15141.52734375,0.0004821767215617001,5.6093902587890625,-15.029632568359375,0.04924488067626953,278.80078125,30804.98046875,0.001347940182313323,-5.840408451427637,-10.771388718886469,-15.755129016696664,10.836840251985956,5.179443359375,12.284444444444444,0,0,0,0,0,1,0,0,0
Hudson,2009,2009-09-24 15:00:00,41.46467,-71.172,daylight,10.824036053580098,2.470134413387606,169.8777067819143,13.33333333,1,3.7252960205078125,-5.411163330078125,0.07358455657958984,290.872802734375,7909.3828125,0.01053636521100998,7.2738494873046875,-2.96673583984375,-0.15104389190673828,286.33642578125,14956.62109375,0.009129251353442669,14.211578369140625,-0.104888916015625,-0.023303985595703125,279.602294921875,30749.02734375,0.004184492863714695,5.981657810968297,4.1989356144935535,2.6009379818843703,7.8555972342894504,11.2705078125,12.054722222222223,0,0,0,0,0,1,0,0,0
Hudson,2009,2009-09-24 16:00:00,41.47783,-71.31217,daylight,11.769868234280072,2.5470883516106393,277.18836450958355,13.61111111,1,2.89166259765625,-4.530120849609375,-0.051506996154785156,290.65087890625,7899.4921875,0.011239618062973022,6.8376007080078125,-3.38818359375,-0.07620811462402344,286.251220703125,14938.97265625,0.008443792350590229,13.508697509765625,-1.083221435546875,-0.07169246673583984,279.30615234375,30718.50390625,0.003784902859479189,-3.4357964857725944,-7.207827435725837,-13.538066346067177,7.63102689728621,11.3447265625,12.054722222222223,0,0,0,0,0,1,0,0,0
Hudson,2009,2009-09-24 17:00:00,41.38917,-71.70183,daylight,33.947203020464876,3.5538384374506498,253.24662182112988,8.611111111,1,3.0760498046875,-3.46417236328125,-0.37889766693115234,291.835205078125,7884.9296875,0.010350726544857025,5.1126556396484375,-3.5186309814453125,-0.26688671112060547,285.524658203125,14927.80859375,0.008768633008003235,13.1953125,-2.15240478515625,-0.004435539245605469,279.4384765625,30695.6328125,0.002817403059452772,-1.9469277952237878,-3.8813907611663927,-12.014792560590456,6.206449200083392,12.396728515625,12.054722222222223,0,0,0,0,0,1,0,0,0
Hudson,2009,2009-09-24 18:00:00,41.3515,-72.02067,daylight,26.933804926292463,3.3298376014802478,261.15850703819433,10.83333333,1,3.6947784423828125,-3.5248870849609375,-0.4031858444213867,292.2041015625,7860.94921875,0.009661339223384857,5.10760498046875,-3.9653778076171875,-0.2990989685058594,285.95556640625,14914.578125,0.008841753005981445,13.1156005859375,-2.4857940673828125,0.12555599212646484,279.86767578125,30687.8203125,0.0025967899709939957,-3.1090943242690976,-4.437428646020097,-12.577682076985738,6.466208301133832,12.33642578125,12.054722222222223,0,0,0,0,0,1,0,0,0
Hudson,2009,2009-09-24 19:00:00,41.27433,-72.28333,daylight,23.555930015436083,3.200953373562658,248.72357767216317,15.55555556,1,5.32843017578125,-3.5510406494140625,-0.3911447525024414,292.41796875,7855.1484375,0.009275075048208237,5.0272216796875,-4.5073394775390625,-0.3604564666748047,285.885009765625,14910.80078125,0.008790495805442333,13.309371948242188,-2.6790008544921875,0.010616302490234375,279.767822265625,30666.19921875,0.0024043829180300236,-3.6766894163040726,-3.049001048525807,-11.43009038449876,6.7519676378446984,12.650146484375,12.054722222222223,0,0,0,0,0,1,0,0,0
Hudson,2009,2009-09-24 20:00:00,40.934,-72.51167,daylight,42.40422230749277,3.770556724565248,206.8945287016073,11.38888889,1,6.2659454345703125,-3.9835968017578125,0.3007049560546875,291.87353515625,7857.1171875,0.009668532758951187,5.5484161376953125,-4.9634857177734375,0.34718799591064453,285.6787109375,14903.16015625,0.008512526750564575,12.81439208984375,-2.96466064453125,0.09428882598876953,280.161865234375,30677.234375,0.0022217407822608948,0.7183362953558592,1.916815193863036,-3.152579352208186,7.444535721425391,11.711669921875,12.055,0,0,0,0,0,1,0,0,0
Hudson,2009,2009-09-25 15:00:00,38.24383,-74.9465,daylight,52.391112135989076,3.9776442927126214,224.14542473142248,23.33333333,1,-3.544219970703125,-8.54351806640625,0.29312610626220703,285.959228515625,8271.0078125,0.006270956248044968,2.58636474609375,-8.063568115234375,0.20289993286132812,284.08984375,15232.24609375,0.007319175638258457,9.651229858398438,-7.7076263427734375,-0.031477928161621094,278.341552734375,30987.625,0.007401249371469021,8.599094495282122,3.984853331711462,-1.1911121445451665,8.468200124516487,7.61767578125,12.015833333333333,0,0,0,0,0,1,0,0,0
Hudson,2009,2009-09-25 16:00:00,37.87333,-75.35233,daylight,54.40337983077138,4.014640599667996,220.90183474191775,21.38888889,1,-3.406341552734375,-7.26556396484375,0.39214134216308594,287.994873046875,8260.87109375,0.00863752793520689,1.2227630615234375,-5.64520263671875,0.18024444580078125,284.829345703125,15261.69140625,0.008999401703476906,8.951858520507812,-6.165374755859375,-0.4489879608154297,278.72314453125,31039.375,0.00797272752970457,7.721902680006793,3.4662051585028726,-1.201373170725753,5.7761113488438305,9.271728515625,12.016666666666667,0,0,0,0,0,1,0,0,0
Hudson,2009,2009-09-25 17:00:00,37.52833,-75.67883,daylight,47.924830263693714,3.8902850439596928,216.92535018113463,17.5,1,-3.9537353515625,-6.60699462890625,0.24291038513183594,288.80810546875,8256.7890625,0.009302249178290367,-0.1989288330078125,-4.673583984375,0.2797889709472656,285.267333984375,15271.51953125,0.009517085738480091,7.65679931640625,-1.3192291259765625,-0.792271614074707,279.16259765625,31075.88671875,0.0077367303892970085,7.657057894586985,3.8556627650789905,-3.5453890837536677,4.677815723134928,9.6455078125,12.0175,0,0,0,0,0,1,0,0,0
Hudson,2009,2009-09-25 18:00:00,37.111,-75.9505,daylight,52.25466314688179,3.975085371588894,207.45283629921934,21.38888889,1,-6.4972686767578125,-5.890472412109375,0.0064411163330078125,288.82470703125,8225.01953125,0.009708713740110397,-2.153900146484375,-2.0255126953125,-0.2223968505859375,285.619384765625,15241.51171875,0.010373475030064583,8.693954467773438,-1.4526519775390625,-1.024205207824707,279.947998046875,31096.31640625,0.008371146395802498,8.222509785973713,2.7904083708065524,-2.7190023900548663,2.956685225027771,8.876708984375,12.018333333333333,0,0,0,0,0,1,0,0,0
Hudson,2009,2009-09-25 19:00:00,36.72783,-76.175,daylight,47.04915346084912,3.8722245173807535,205.16670944044824,15.83333333,1,-8.688949584960938,-5.6214141845703125,-0.0486297607421875,288.3642578125,8182.7265625,0.009749513119459152,-3.2473602294921875,-0.6703338623046875,-0.5281515121459961,286.070068359375,15195.33203125,0.010747039690613747,10.587753295898438,-2.9967193603515625,-1.1500091552734375,280.521728515625,31086.421875,0.008511829189956188,8.782803572649309,1.987653209582068,-1.790225373004004,3.315825077871249,7.842529296875,12.019166666666667,0,0,0,0,0,1,0,0,0
Hudson,2009,2009-09-25 20:00:00,36.53867,-76.17417,daylight,21.03376271235318,3.092575945701003,179.79800896583595,0.0,0,-9.789627075195312,-5.511474609375,-0.13437366485595703,288.524658203125,8184.140625,0.009898125194013119,-3.9293212890625,0.31622314453125,-0.7835655212402344,286.326171875,15202.58203125,0.010974009521305561,10.828567504882812,-4.446533203125,-0.8459014892578125,280.3681640625,31104.2890625,0.00882344227284193,5.476927995665717,-0.33007361383537503,4.484680617263909,3.942025224401414,8.156494140625,12.019722222222223,0,0,0,0,0,1,0,0,0
Hudson,2009,2009-09-25 22:00:00,36.42467,-76.14183,daylight,13.019142285203845,2.6404237017894796,167.15872575117976,0.0,0,-8.65057373046875,-5.1854095458984375,0.22342681884765625,287.590087890625,8232.40625,0.008593921549618244,-3.844940185546875,-2.1968994140625,0.19722461700439453,286.10693359375,15253.0703125,0.010393168777227402,6.9322052001953125,-7.3742523193359375,-0.006591796875,280.186767578125,31142.59765625,0.008618365973234177,3.1331219986652776,1.287412415399237,8.730507525156325,4.428310294676898,7.4033203125,12.02,0,0,0,0,0,1,0,0,0
Hudson,2009,2009-09-26 15:00:00,35.30167,-76.99017,daylight,42.457635220726374,3.7717865605711953,205.8971087808671,15.55555556,1,-13.658737182617188,3.4427337646484375,-0.12156391143798828,289.11181640625,8272.6953125,0.011092276312410831,-5.2736358642578125,7.0968780517578125,0.06247425079345703,286.83642578125,15290.5,0.011357582174241543,2.6928558349609375,0.7483978271484375,0.09993553161621094,279.783447265625,31198.2578125,0.008478586561977863,2.8685269934022313,-4.0809140876353265,-1.8493655888121443,8.841770937448448,9.328369140625,11.985555555555555,0,0,0,0,0,1,0,0,0
Hudson,2009,2009-09-26 16:00:00,35.21133,-77.108,daylight,14.675645848213982,2.7521082881080807,226.83842815659088,13.88888889,1,-13.3162841796875,4.6928863525390625,-0.16439151763916016,289.33740234375,8223.5390625,0.011129623278975487,-5.0701141357421875,8.186508178710938,0.11618423461914062,286.806884765625,15243.19140625,0.01138619426637888,3.0435791015625,0.621795654296875,0.06193828582763672,280.111328125,31161.77734375,0.008383767679333687,6.503058432886551,-1.9017655690911264,-2.6454148750625457,9.629380743825317,9.22607421875,11.985833333333334,0,0,0,0,0,1,0,0,0
Hudson,2009,2009-09-26 17:00:00,35.13567,-77.52583,daylight,38.898064083297626,3.6863278035031244,257.6295759834375,17.5,1,-13.637542724609375,5.837738037109375,-0.43222904205322266,289.520751953125,8157.21484375,0.011619644239544868,-5.526123046875,10.093902587890625,-0.2511310577392578,287.244140625,15187.203125,0.01160312071442604,2.84075927734375,2.731109619140625,-0.19669723510742188,280.098388671875,31117.85546875,0.008681299164891243,12.070294529785984,3.2353947372909473,-3.359894085459345,11.507602069198782,9.42236328125,11.98611111111111,0,0,0,0,0,1,0,0,0
Hudson,2009,2009-09-26 18:00:00,35.01333,-77.8625,daylight,33.522115704456795,3.54160015357399,246.15496383965132,0.0,0,-12.895156860351562,6.2926483154296875,-0.5952854156494141,290.099365234375,8069.33984375,0.012615110725164413,-6.3204803466796875,8.9920654296875,-0.33510875701904297,287.6220703125,15119.578125,0.012010166421532631,2.9550323486328125,3.6885986328125,-0.005710601806640625,280.41748046875,31057.2578125,0.008576417341828346,9.25056104684947,2.1458064196231046,-4.193966202891277,10.991165202313413,9.681884765625,11.986666666666666,0,0,0,0,0,1,0,0,0
Hudson,2009,2009-09-27 16:00:00,34.85317,-77.97317,daylight,14.941480096436385,2.7689245232820205,199.9389791978353,15.83333333,1,10.891677856445312,-1.5616455078125,0.04320526123046875,291.493408203125,7261.46875,0.013788018375635147,13.472366333007812,1.7157440185546875,-0.10348892211914062,288.01708984375,14347.53125,0.012394702062010765,16.229598999023438,10.746749877929688,-0.2662019729614258,280.523193359375,30299.68359375,0.007630497217178345,-2.2462361086494766,-6.207231151068804,-15.63715468015197,13.58117933568247,10.97021484375,11.95111111111111,0,0,0,0,0,1,0,0,0
Hudson,2009,2009-09-27 19:00:00,34.701,-78.23333,daylight,25.149998197103823,3.263849121566525,238.47130860943358,5.0,1,6.3975677490234375,-0.7200927734375,0.042278289794921875,291.569091796875,7117.16015625,0.012809090316295624,11.550277709960938,-0.372833251953125,0.036579132080078125,287.935791015625,14185.6171875,0.008093170821666718,20.21832275390625,9.036407470703125,-0.09524154663085938,282.0498046875,30098.11328125,0.0017656346317380667,-5.076593785693553,-9.65024336433029,-21.959029424982106,11.556293515266148,9.519287109375,11.951666666666666,0,0,0,0,0,1,0,0,0
Hudson,2009,2009-09-27 20:00:00,34.57767,-78.42833,daylight,22.501473528478474,3.1570631225238506,232.50525133949193,12.22222222,1,6.5380859375,-0.192352294921875,-0.05950641632080078,292.6767578125,7118.05859375,0.012635786086320877,12.138961791992188,-0.2943115234375,-0.040843963623046875,287.5068359375,14199.65625,0.008925041183829308,19.789886474609375,6.1967315673828125,0.12395191192626953,282.45947265625,30095.41015625,0.0011970337945967913,-5.070294416905351,-9.452019034736164,-19.473357210855216,12.14252908830258,10.21728515625,11.952222222222222,0,0,0,0,0,1,0,0,0
Hudson,2009,2009-09-27 21:00:00,34.45467,-78.60717,daylight,21.34345814438608,3.1065335777395373,230.19890687228062,10.0,1,7.386016845703125,-0.4217987060546875,-0.13025665283203125,293.1923828125,7119.83984375,0.012192733585834503,12.447097778320312,-0.427978515625,-0.1371479034423828,287.501708984375,14210.43359375,0.00957394577562809,19.866729736328125,4.054779052734375,0.16541004180908203,282.1201171875,30088.88671875,0.0009735576459206641,-5.404461219585771,-9.288788656171047,-17.85860133467859,12.454453368691178,11.072265625,11.952777777777778,0,0,0,0,0,1,0,0,0
Hudson,2009,2009-09-27 22:00:00,34.263,-78.685,daylight,22.478285409146007,3.156075968832991,198.5537633340009,0.0,0,8.387619018554688,-1.6360015869140625,-0.40239810943603516,294.37890625,7160.015625,0.009784046560525894,10.208038330078125,-0.630157470703125,-0.2828664779663086,287.364990234375,14262.08203125,0.009599990211427212,19.185592651367188,1.34625244140625,0.3543863296508789,282.724609375,30141.6875,0.0008143219165503979,-1.1179219625332104,-2.650735011718787,-7.381029270727357,10.227470116613745,11.654296875,11.953888888888889,0,0,0,0,0,1,0,0,0
Hudson,2009,2009-09-28 15:00:00,33.99967,-78.88867,daylight,16.203413082520186,2.8451077991640243,226.34429344430166,8.611111111,1,13.586578369140625,0.74755859375,0.09525775909423828,291.682373046875,7433.34375,0.008223991841077805,15.112808227539062,-3.6238861083984375,0.010151863098144531,288.942626953125,14510.12109375,0.00638608168810606,11.072540283203125,-1.9417266845703125,0.14014720916748047,282.905517578125,30486.9765625,0.0013551374431699514,-10.345960532403819,-8.432479257778208,-6.670575097059567,15.541220127422928,8.77685546875,11.92,0,0,0,0,0,1,0,0,0
Hudson,2009,2009-09-28 16:00:00,33.872,-79.0195,daylight,18.633562553104962,2.9772404769520917,220.40767708287828,11.66666667,1,12.794891357421875,1.3002777099609375,0.09331417083740234,291.977294921875,7419.51171875,0.009880606085062027,15.306076049804688,-3.78802490234375,0.27569580078125,289.081298828125,14517.5546875,0.008373289369046688,11.177017211914062,-1.2817840576171875,0.1621723175048828,282.97412109375,30505.5390625,0.0014622629387304187,-9.28402758081782,-7.037337131533906,-6.269171373348537,15.767850097688685,9.003173828125,11.920833333333333,0,0,0,0,0,1,0,0,0
Hudson,2009,2009-09-28 17:00:00,33.814,-79.21467,daylight,19.14392757927767,3.0029028821445,250.36715346389246,11.11111111,1,9.895736694335938,3.413360595703125,-0.07510566711425781,293.1396484375,7355.53515625,0.011092718690633774,15.751052856445312,-2.70166015625,0.49423885345458984,289.953857421875,14471.09375,0.008613109588623047,12.393524169921875,-2.2689208984375,0.27146148681640625,283.217529296875,30490.5546875,0.002001772169023752,-10.467308356205356,-13.927630187338135,-10.910688209613317,15.981071105730141,9.922119140625,11.921111111111111,0,0,0,0,0,1,0,0,0
Hudson,2009,2009-09-28 18:00:00,33.70017,-79.40967,daylight,22.027028830184836,3.136668692491237,234.98073028315275,8.888888889,1,10.2091064453125,4.69244384765625,-0.07048606872558594,295.2626953125,7281.67578125,0.011562809348106384,16.31890869140625,-0.4551239013671875,0.3803853988647461,290.4658203125,14418.49609375,0.0086879413574934,14.698562622070312,-3.7103424072265625,0.3680753707885742,283.11865234375,30479.8125,0.0029299359302967787,-11.053608374996177,-13.10334494029375,-9.908334465264005,16.32525401468688,12.14404296875,11.921944444444444,0,0,0,0,0,1,0,0,0
Hudson,2009,2009-09-28 19:00:00,33.61217,-79.58017,daylight,18.56835941450099,2.9739139462383704,238.24564654469464,9.444444444,1,10.39410400390625,5.1799163818359375,-0.10148048400878906,295.99658203125,7232.97265625,0.011738456785678864,16.208892822265625,1.786041259765625,0.3717021942138672,289.911376953125,14383.16796875,0.010244547389447689,14.878570556640625,-3.9289093017578125,0.4217052459716797,283.22998046875,30463.62109375,0.003045807359740138,-11.564312653246747,-14.722575133869679,-10.583730026964659,16.306996961589196,12.7666015625,11.9225,0,0,0,0,0,1,0,0,0
Hudson,2009,2009-09-28 20:00:00,33.55283,-79.70417,daylight,13.247036096632435,2.6565488918622937,240.16014106581244,17.22222222,1,12.010574340820312,5.1290130615234375,-0.43072986602783203,297.967041015625,7194.0078125,0.011088307946920395,14.712112426757812,4.5898284912109375,-0.5955314636230469,290.686279296875,14385.34765625,0.011008277535438538,18.122726440429688,-3.3690643310546875,0.3908042907714844,283.077392578125,30445.38671875,0.0029604535084217787,-12.97028814727448,-15.045368879405526,-14.043635885730742,15.411449563110322,14.8896484375,11.922777777777778,0,0,0,0,0,1,0,0,0
Hudson,2009,2009-09-29 15:00:00,33.13867,-79.88733,daylight,28.79743876297186,3.3944224422663765,189.6471123501283,4.444444444,1,4.7018890380859375,-2.29144287109375,-0.01690387725830078,286.568359375,7591.21875,0.004903435241430998,12.339584350585938,-3.025421142578125,0.16564273834228516,283.44189453125,14502.75,0.001425224356353283,21.72698974609375,-1.60382080078125,0.04887580871582031,279.308349609375,30207.1875,0.0001096512860385701,1.4710986686893701,0.9147767316860858,-2.0598563039392275,12.705058639580697,7.260009765625,11.891388888888889,0,0,0,0,0,1,0,0,0
Hudson,2009,2009-09-29 16:00:00,32.89133,-80.031,daylight,30.591815778590075,3.452898092699623,206.00838412870655,14.44444444,1,4.7916412353515625,-1.0298309326171875,-0.05838584899902344,287.390625,7586.28125,0.004948770627379417,12.054397583007812,-3.534149169921875,0.22446632385253906,283.947021484375,14512.57421875,0.0014381057117134333,21.54864501953125,-1.0465850830078125,0.0577392578125,279.90771484375,30242.7109375,0.00010700145503506064,-1.1756076025456714,-2.109639950470929,-8.508540933649329,12.561795709391395,7.48291015625,11.893333333333333,0,0,0,0,0,1,0,0,0
Hudson,2009,2009-09-29 17:00:00,32.75433,-80.24383,daylight,25.05143828448337,3.2600729791314,232.6057075826788,8.055555556,1,5.706146240234375,-0.8589019775390625,-0.14984989166259766,288.3896484375,7584.43359375,0.00472039170563221,10.329421997070312,-4.2076263427734375,0.18122482299804688,283.56396484375,14527.50390625,0.00232693855650723,21.340560913085938,-0.8632354736328125,0.05612373352050781,280.661865234375,30279.13671875,0.00010891417332459241,-4.011782887955396,-5.651191197402184,-16.43030465924577,11.153523131009369,7.727783203125,11.894166666666667,0,0,0,0,0,1,0,0,0
Hudson,2009,2009-09-29 18:00:00,32.64133,-80.43967,daylight,22.21946714989252,3.1449910281120594,235.6161779549377,6.388888889,1,6.7714385986328125,-1.428009033203125,-0.12066650390625,289.603759765625,7553.421875,0.004124639555811882,8.016815185546875,-2.623443603515625,-0.018889427185058594,282.82470703125,14515.953125,0.00397820258513093,20.548355102539062,-1.7449188232421875,0.1986408233642578,280.64111328125,30240.078125,0.0001096261985367164,-4.781840112172038,-5.134513219814157,-15.97258743561461,8.435151573033055,8.962646484375,11.895,0,0,0,0,0,1,0,0,0
Hudson,2009,2009-09-29 19:00:00,32.37617,-80.49483,daylight,29.934707538464796,3.4318787748721493,189.9649652542865,5.277777778,1,7.2839813232421875,-2.2274169921875,-0.07709693908691406,290.0556640625,7511.10546875,0.004307616967707872,8.892303466796875,-4.0330657958984375,0.030084609985351562,283.399169921875,14485.06640625,0.003898097900673747,21.02032470703125,-1.1331787109375,0.1116189956665039,281.853271484375,30253.84375,0.00010580828529782593,0.9333500581834708,2.4334447378613318,-2.52139904237227,9.764152838810627,8.202392578125,11.896944444444445,0,0,0,0,0,1,0,0,0
Hudson,2009,2009-09-29 20:00:00,32.10733,-80.483,daylight,29.914341615059254,3.4312202061659085,177.86535317694086,19.44444444,1,7.8826446533203125,-1.832550048828125,-0.04509449005126953,290.081298828125,7519.16796875,0.004945321939885616,10.102020263671875,-4.8562164306640625,0.1545877456665039,283.841796875,14497.453125,0.0038952557370066643,21.323928833007812,0.40484619140625,0.022444725036621094,283.210693359375,30337.83203125,0.00013918634795118123,2.124891079742175,5.229126492136565,0.38970838748263903,11.208641819109431,6.87060546875,11.898888888888889,0,0,0,0,0,1,0,0,0
Hudson,2009,2009-09-29 21:00:00,31.74933,-80.24567,daylight,45.676013731376926,3.843230408128772,150.5734069944831,16.94444444,1,7.9624481201171875,-1.9390411376953125,0.03213787078857422,289.9951171875,7529.0625,0.005555419251322746,10.263534545898438,-5.5283203125,0.2891654968261719,284.619873046875,14511.421875,0.0032105224672704935,21.053054809570312,1.28826904296875,-0.11532211303710938,283.657470703125,30389.84765625,0.00016038063040468842,5.600892389612975,9.857646151792382,9.221471422361773,11.657721340487203,6.337646484375,11.901666666666667,0,0,0,0,0,1,0,0,0
Hudson,2009,2009-09-29 22:00:00,31.4065,-79.9235,daylight,48.832605573840354,3.9086695001865697,141.23515194687008,20.0,1,8.420867919921875,-2.293853759765625,0.1235208511352539,289.76220703125,7532.8671875,0.00564309349283576,11.079666137695312,-5.490509033203125,0.33638668060302734,285.6962890625,14516.3203125,0.002029907889664173,21.155380249023438,0.7836151123046875,-0.22922801971435547,284.024169921875,30431.9453125,0.00020385788229759783,7.061089425930709,11.21833418263046,12.63492208642905,12.365463645431063,5.738037109375,11.904166666666667,0,0,0,0,0,1,0,0,0
Hudson,2009,2009-09-30 15:00:00,26.42533,-78.06817,daylight,29.098419163007954,3.404472650874236,174.17451244042127,8.611111111,1,3.9929351806640625,0.16790771484375,0.04151153564453125,294.359619140625,7974.6953125,0.014244554564356804,4.0910491943359375,2.095428466796875,-0.06751346588134766,290.84130859375,15127.05078125,0.0067153992131352425,9.592300415039062,1.875396728515625,-0.12285709381103516,280.143798828125,31082.9609375,0.005124370101839304,0.23823775416174453,-1.6693701584637983,-0.8921040577311786,4.596466465660272,14.2158203125,11.913055555555555,0,0,0,0,0,1,0,0,0
Hudson,2009,2009-09-30 16:00:00,26.06033,-77.97817,daylight,41.56686622707763,3.75107616254446,167.50926210311354,11.38888889,1,1.6823272705078125,0.177978515625,-0.014804840087890625,294.96142578125,8004.45703125,0.010932285338640213,2.9373626708984375,1.603729248046875,-0.011999130249023438,291.1591796875,15156.53515625,0.006032525561749935,9.867660522460938,1.5728607177734375,-0.15900135040283203,279.927978515625,31123.640625,0.007280359975993633,0.19009081228883537,-0.9304725000710464,0.5985626184412784,3.3466471223343217,15.033447265625,11.915833333333333,0,0,0,0,0,1,0,0,0
Hudson,2009,2009-09-30 17:00:00,25.781,-77.861,daylight,33.196989385125946,3.5321376105190403,159.30439885138412,12.22222222,1,1.2672882080078125,0.7735137939453125,-0.10961151123046875,295.4453125,7981.88671875,0.009381589479744434,2.7435455322265625,1.481536865234375,0.06868648529052734,291.360595703125,15131.23828125,0.005381091497838497,8.8564453125,1.2398529052734375,0.07024288177490234,280.26025390625,31114.72265625,0.006784687750041485,-0.27573636498503695,-0.4163577295851477,1.9700479173155387,3.118011156241881,15.18505859375,11.918055555555556,0,0,0,0,0,1,0,0,0
Hudson,2009,2009-09-30 18:00:00,25.483,-77.72733,daylight,35.743240667882304,3.6039542813375633,157.95190840648354,8.888888889,1,1.0326080322265625,1.0208587646484375,0.14795875549316406,295.673583984375,7941.4609375,0.009216050617396832,4.113250732421875,0.941253662109375,0.43035888671875,291.349609375,15099.25,0.00776647450402379,7.485015869140625,1.83526611328125,0.23171043395996094,281.053955078125,31118.60546875,0.005758129060268402,-0.5585771881932231,0.6716324551707146,1.10870898160269,4.219572258440825,14.61962890625,11.920277777777779,0,0,0,0,0,1,0,0,0
Hudson,2009,2009-09-30 19:00:00,25.13017,-77.70633,daylight,39.28965791268939,3.6960948085414818,176.91556631850267,10.55555556,1,0.79449462890625,1.18389892578125,0.03211784362792969,295.83154296875,7866.39453125,0.009847412817180157,5.033660888671875,0.8499755859375,0.1317310333251953,291.29833984375,15037.61328125,0.011413650587201118,5.9198760986328125,3.0294342041015625,0.12551593780517578,281.593017578125,31089.55078125,0.004648005124181509,-1.1394340523044848,-0.5778954138990384,-2.706511659479055,5.104919239207876,14.238525390625,11.923055555555555,0,0,0,0,0,1,0,0,0
Hudson,2009,2009-09-30 20:00:00,25.01317,-77.53967,daylight,21.237069545835208,3.1017606956752126,127.74231646108007,0.0,0,0.830963134765625,0.984527587890625,0.04196453094482422,295.60302734375,7822.50390625,0.0114942891523242,4.460906982421875,0.4263458251953125,0.07210350036621094,291.315185546875,14994.9765625,0.011037321761250496,6.4451141357421875,3.693511962890625,0.011330604553222656,281.94384765625,31058.703125,0.004022412933409214,0.054461699888573856,3.266587778103236,2.8357734581534086,4.48123441347155,13.6591796875,11.92388888888889,0,0,0,0,0,1,0,0,0
Hudson,2009,2009-10-01 15:00:00,24.63283,-77.28383,daylight,34.8848269894071,3.5803145596193917,162.8675416514327,13.33333333,1,0.7333984375,0.968292236328125,0.47527599334716797,293.33203125,8032.00390625,0.013814945705235004,1.788238525390625,1.8931427001953125,0.0939798355102539,289.918701171875,15159.74609375,0.009924143552780151,6.78546142578125,7.141387939453125,-0.8196821212768555,278.8642578125,31102.51171875,0.004801895935088396,-0.7092797261355652,-1.2823545120428996,-4.8256250034866355,2.604186304202147,14.4677734375,11.903333333333334,0,0,0,0,0,1,0,0,0
Hudson,2009,2009-10-01 16:00:00,24.34333,-77.33183,daylight,32.555319574821,3.5131954074754748,188.59051551235305,15.55555556,1,0.137847900390625,0.5711212158203125,0.2561168670654297,293.049072265625,8012.2109375,0.014360214583575726,1.293304443359375,2.2192535400390625,0.05310821533203125,289.5537109375,15136.5,0.010530062951147556,7.0012054443359375,7.532623291015625,-1.1543540954589844,279.3603515625,31089.98046875,0.004702617879956961,-0.5853044466406025,-2.3875390436532777,-8.493897429876633,2.5686032504435197,13.688720703125,11.905833333333334,0,0,0,0,0,1,0,0,0
Hudson,2009,2009-10-01 17:00:00,23.995,-77.34333,daylight,38.75009480946483,3.6826122262412655,181.7276198925856,16.94444444,1,-0.460845947265625,-0.1260223388671875,0.6520919799804688,293.115966796875,7969.95703125,0.014596253633499146,1.0644683837890625,1.8220062255859375,0.5569791793823242,289.752685546875,15097.66796875,0.010570117272436619,7.951873779296875,6.417205810546875,-0.8514413833618164,279.689453125,31065.08203125,0.004685783293098211,0.1398586780336481,-1.8532697050598033,-6.654022604176817,2.1101657816769785,13.426513671875,11.908888888888889,0,0,0,0,0,1,0,0,0
Hudson,2009,2009-10-01 18:00:00,23.5715,-77.3855,daylight,47.28613596566575,3.877144479406319,185.21486226589985,14.44444444,1,-1.02264404296875,-0.5839691162109375,0.6824502944946289,293.482177734375,7914.0078125,0.014312447980046272,2.5672760009765625,2.44854736328125,0.2554159164428711,289.948974609375,15050.26171875,0.0107932910323143,7.9531707763671875,4.7118377685546875,-0.7232551574707031,279.5390625,31015.0625,0.0053802975453436375,0.6745010262259302,-2.6717545110055774,-5.415205680737005,3.5477162027735214,13.943115234375,11.9125,0,0,0,0,0,1,0,0,0
Hudson,2009,2009-10-01 19:00:00,23.3505,-77.74183,daylight,43.87432116746902,3.803865719506706,236.0082405686598,18.05555556,1,-1.37908935546875,-0.54608154296875,0.4371957778930664,294.04345703125,7852.7109375,0.014626160264015198,2.9974517822265625,1.4529571533203125,0.2974824905395508,290.187744140625,15002.26953125,0.011106104589998722,6.81182861328125,6.530548095703125,0.07214546203613281,279.27587890625,30947.30859375,0.005853099748492241,1.448727601943618,-3.297551272030546,-9.298867081838448,3.331036126516472,14.767578125,11.914444444444445,0,0,0,0,0,1,0,0,0
Hudson,2009,2009-10-01 20:00:00,22.96217,-77.99133,daylight,50.15172424185978,3.9347962013477575,210.62086682636524,23.33333333,1,-1.7294769287109375,-0.908843994140625,0.4050178527832031,294.57958984375,7779.2734375,0.01443786546587944,2.682891845703125,1.0428619384765625,0.2777290344238281,290.625,14938.921875,0.009866325184702873,7.97760009765625,5.374969482421875,0.23360919952392578,279.26416015625,30879.96875,0.0059633320197463036,1.6630291575653482,-2.263985702710965,-8.688894732742373,2.8784491794130074,15.3154296875,11.9175,0,0,0,0,0,1,0,0,0
Hudson,2009,2009-10-01 21:00:00,22.56333,-77.99233,daylight,44.34910307149623,3.8143903984492695,180.13266087526898,15.83333333,1,-2.8348236083984375,-0.89031982421875,0.2606239318847656,294.82421875,7762.99609375,0.014500808902084827,1.31707763671875,0.3573150634765625,0.3140239715576172,291.296142578125,14932.53125,0.00864941906183958,8.286285400390625,4.694183349609375,0.6143417358398438,279.398681640625,30901.640625,0.005633990745991468,0.8968810947615692,-0.3603636237933991,-4.713356558724524,1.364685881707548,15.425537109375,11.921111111111111,0,0,0,0,0,1,0,0,0
Hudson,2009,2009-10-01 22:00:00,22.18483,-78.1485,daylight,45.046617520723146,3.8296543076848466,200.91367257080293,8.888888889,1,-4.373809814453125,0.3510589599609375,0.08895111083984375,294.41455078125,7759.87109375,0.014530288055539131,-0.4025726318359375,0.1475830078125,0.17152976989746094,291.084716796875,14922.734375,0.008338557556271553,7.1768646240234375,4.6385345458984375,0.23405170440673828,280.0810546875,30906.03125,0.006267904303967953,1.2333482172375931,0.005842558160002953,-6.894804926916387,0.4287720467781193,14.33349609375,11.924166666666666,0,0,0,0,0,1,0,0,0
Hudson,2009,2009-10-02 15:00:00,21.9055,-78.195,daylight,21.260849453746122,3.1028295056649515,160.88051115631424,5.0,1,-6.41302490234375,0.69482421875,-0.05977439880371094,294.760986328125,7855.16796875,0.013558677397668362,-3.452301025390625,2.7785797119140625,0.11995220184326172,291.3876953125,15021.6875,0.0079385656863451,0.712310791015625,3.108154296875,0.14818096160888672,279.698974609375,30986.05078125,0.006289268843829632,-2.7570136991082816,-3.7560707230326216,-2.7033911326257014,4.43157845303156,15.06201171875,11.905833333333334,0,0,0,0,0,1,0,0,0
Hudson,2009,2009-10-02 16:00:00,21.6715,-78.1305,daylight,26.85836547432647,3.327133297367323,165.6314066588651,8.888888889,1,-5.347808837890625,0.033966064453125,-0.2387552261352539,294.085205078125,7852.6484375,0.015736540779471397,-2.7310028076171875,2.5722503662109375,-0.12556743621826172,291.4873046875,15019.82421875,0.0081310560926795,1.924896240234375,4.74249267578125,0.0070209503173828125,279.9228515625,31005.453125,0.006360779050737619,-1.3600100561798818,-3.1695113748284998,-4.116464175819409,3.751646076282418,14.162353515625,11.908055555555556,0,0,0,0,0,1,0,0,0
Hudson,2009,2009-10-02 17:00:00,21.54333,-78.06367,daylight,15.838214736471059,2.823650989920686,154.12467990932328,5.833333333,1,-4.965423583984375,0.993011474609375,-0.2078390121459961,294.49609375,7827.984375,0.015698444098234177,-1.8891448974609375,2.3870391845703125,-0.3190460205078125,291.630615234375,14995.09765625,0.008880650624632835,4.7508392333984375,6.8251953125,-0.31348323822021484,279.955810546875,30991.04296875,0.006395826581865549,-3.0604396441941777,-2.9721783766272223,-4.067607107629103,3.0441459413564256,14.540283203125,11.909444444444444,0,0,0,0,0,1,0,0,0
Hudson,2009,2009-10-02 19:00:00,21.40967,-77.95733,daylight,19.19972382100001,3.005668932085971,139.07208226015916,8.888888889,1,-3.1383209228515625,2.2070159912109375,-0.15554046630859375,295.4931640625,7711.625,0.016178499907255173,-1.8753662109375,3.1763153076171875,-0.11524772644042969,291.414794921875,14880.5625,0.009405511431396008,4.8389739990234375,5.8682098388671875,0.012223243713378906,279.734130859375,30870.8984375,0.006565643474459648,-3.723418775529699,-3.6283846703092486,-1.263578557388592,3.6886281133409673,15.759033203125,11.910555555555556,0,0,0,0,0,1,0,0,0
Hudson,2009,2009-10-02 20:00:00,21.26617,-77.79417,daylight,23.241808517201903,3.188078767213474,133.32725492068766,5.277777778,1,-1.605865478515625,2.5226898193359375,-0.025330543518066406,295.9423828125,7636.33203125,0.015541915781795979,-0.8125457763671875,3.804840087890625,0.12473392486572266,291.88525390625,14812.33984375,0.009338388219475746,5.4932708740234375,5.6743621826171875,-0.016518592834472656,279.96728515625,30827.78515625,0.0062859756872057915,-2.8991612432072986,-3.20182960746612,0.10251463040050801,3.8906347468133906,15.97509765625,11.911944444444444,0,0,0,0,0,1,0,0,0
Hudson,2009,2009-10-02 21:00:00,21.23617,-77.6675,daylight,13.544498697356435,2.677212825719415,104.2350020809589,11.66666667,1,-0.91461181640625,2.7347412109375,-0.33183765411376953,295.978759765625,7651.3984375,0.015447942540049553,-0.623748779296875,3.9055023193359375,-0.20843029022216797,291.86279296875,14826.02734375,0.00948859192430973,5.4825286865234375,5.8229217529296875,-0.40984535217285156,279.91015625,30844.59375,0.006046781782060862,-1.5590006479590297,-1.564958129987601,3.882335356035608,3.9549982182060117,16.068603515625,11.912222222222223,0,0,0,0,0,1,0,0,0
Hudson,2009,2009-10-03 17:00:00,21.1215,-77.4065,daylight,25.4386728349911,3.2748278183753627,123.43305279864268,14.44444444,1,-2.378173828125,-1.5654449462890625,-0.24070358276367188,297.207763671875,7926.80859375,0.01384508702903986,-2.1740570068359375,0.0899505615234375,-0.2028045654296875,290.624755859375,15114.04296875,0.01235203817486763,-1.4458465576171875,5.42791748046875,-0.11273002624511719,281.355712890625,31161.2421875,0.005855878349393606,-1.122156713625387,-1.8638755124431658,-4.197180221750974,2.1759170417299503,15.85205078125,11.893611111111111,0,0,0,0,0,1,0,0,0
Hudson,2009,2009-10-03 18:00:00,20.95783,-77.223,daylight,26.34170756997202,3.308413286184228,133.6677663496639,13.05555556,1,-2.16650390625,-1.7397308349609375,-0.2814216613769531,297.635009765625,7863.3828125,0.014429542236030102,-2.1784210205078125,-1.2750701904296875,-0.33823204040527344,290.4326171875,15062.55078125,0.013851688243448734,-1.14178466796875,5.2595062255859375,-0.0951833724975586,281.42236328125,31107.20703125,0.0058752731420099735,-0.3659113279316888,-0.6953684651339525,-4.457477031823407,2.5241478033412976,16.212646484375,11.895277777777778,0,0,0,0,0,1,0,0,0
Hudson,2009,2009-10-03 19:00:00,20.79767,-76.937,daylight,34.641954509702884,3.5735234414385193,120.8854125736317,15.27777778,1,-1.6945343017578125,-1.568878173828125,-0.6756134033203125,298.07763671875,7799.6171875,0.01399158500134945,-1.3285675048828125,-0.9819793701171875,-0.8822793960571289,291.314208984375,15012.78515625,0.01342681422829628,-0.3562774658203125,4.5855560302734375,-0.6367645263671875,281.50341796875,31052.68359375,0.0060650743544101715,-0.6489010287304581,-0.6360984463813852,-2.6596261008567987,1.652082049526079,16.57421875,11.896944444444445,0,0,0,0,0,1,0,0,0
Hudson,2009,2009-10-03 20:00:00,20.71883,-76.663,daylight,29.80788415886329,3.4277706364063203,107.05520494984853,13.88888889,1,-5.2080078125,-2.32476806640625,0.22716999053955078,296.39501953125,7756.4375,0.01459591742604971,-2.4835662841796875,-0.257568359375,-0.05052471160888672,291.337158203125,14950.80078125,0.01268056035041809,-1.70233154296875,3.38946533203125,-0.5726079940795898,281.46240234375,31000.09375,0.006643341854214668,-4.297135074346972,-2.2988025293933974,-2.621573819352401,2.4968866509445777,14.9326171875,11.897777777777778,0,0,0,0,0,1,0,0,0
Hudson,2009,2009-10-03 21:00:00,20.53833,-76.45617,daylight,29.429730039126635,3.4154200923324467,132.96259028396298,17.5,1,-4.091552734375,-0.61749267578125,0.22069740295410156,296.209716796875,7765.6640625,0.0143034802749753,-2.8149871826171875,-0.9355926513671875,0.4842205047607422,291.690185546875,14956.1484375,0.012402092106640339,-2.4796142578125,3.4618072509765625,0.3960886001586914,281.847412109375,31032.3203125,0.005986969452351332,-2.5733594973357237,-1.422378592866143,-4.17387212388771,2.966392834334545,14.3623046875,11.899722222222222,0,0,0,0,0,1,0,0,0
Hudson,2009,2009-10-03 22:00:00,20.27983,-76.32033,daylight,32.04088701011055,3.497745794845398,153.75574793283113,12.77777778,1,-3.23883056640625,-1.4795684814453125,-0.2294921875,296.128173828125,7739.1171875,0.014405936934053898,-1.4214935302734375,-0.7072601318359375,-0.1415414810180664,292.04248046875,14934.81640625,0.011686749756336212,-2.1247711181640625,3.9959564208984375,-0.1324167251586914,282.775634765625,31033.53125,0.004973272792994976,-0.105156426556406,0.005771101552656477,-4.523612729765013,1.5877218744773367,13.3525390625,11.902222222222223,0,0,0,0,0,1,0,0,0
Hudson,2009,2009-10-04 17:00:00,20.22217,-75.75033,daylight,20.089883569097935,3.048793473806783,129.91886752743005,11.38888889,1,-1.0686492919921875,1.3468475341796875,-0.20415878295898438,297.232177734375,8010.36328125,0.015099617652595043,-2.7083892822265625,2.3336639404296875,-0.18399810791015625,290.923095703125,15205.12109375,0.01281582098454237,-6.16180419921875,2.170166015625,0.017383575439453125,282.24462890625,31270.5390625,0.007075324188917875,-1.6838797803730021,-3.574727012181637,-6.118420001865966,3.5751027804724065,14.987548828125,11.884166666666667,0,0,0,0,0,1,0,0,0
Hudson,2009,2009-10-04 18:00:00,20.13517,-75.57117,daylight,21.0531461101024,3.0934552724451954,117.3240383656447,13.05555556,1,-0.9708404541015625,1.4292449951171875,-0.4927988052368164,298.075439453125,7953.3828125,0.014747755602002144,-2.19842529296875,0.7703399658203125,-0.6334333419799805,291.48974609375,15164.73828125,0.01309044100344181,-5.5393524169921875,1.2539520263671875,0.16798686981201172,281.992431640625,31232.26953125,0.00756431557238102,-1.5185740380210273,-2.3067386421236207,-5.4968896516986945,2.3294843703499652,16.0830078125,11.885,0,0,0,0,0,1,0,0,0
Hudson,2009,2009-10-04 19:00:00,20.0865,-75.4595,daylight,12.854768323652328,2.6286294566776496,114.8785288104022,15.83333333,1,-2.179656982421875,2.4911651611328125,-0.5971574783325195,297.165771484375,7907.6875,0.014289830811321735,-3.7550811767578125,0.829132080078125,-0.46398162841796875,291.564208984375,15108.07421875,0.012651539407670498,-5.756011962890625,1.229949951171875,-0.11865043640136719,281.69287109375,31164.58203125,0.007187647745013237,-3.0254114953865283,-3.755428589159064,-5.739298886734597,3.845529176882619,15.472900390625,11.885555555555555,0,0,0,0,0,1,0,0,0
Hudson,2009,2009-10-04 20:00:00,20.06967,-75.24633,daylight,22.341377007404873,3.150227622864678,94.76837653544612,5.833333333,1,-2.307098388671875,1.8170318603515625,-0.5432653427124023,295.690673828125,7876.69921875,0.014799927361309528,-3.838104248046875,0.5258026123046875,-0.06199169158935547,291.181640625,15060.17578125,0.01292947307229042,-6.276397705078125,1.2935638427734375,0.4388618469238281,282.248046875,31122.4140625,0.0065370360389351845,-2.4501591927425395,-3.868528986639507,-6.362205574024514,3.8739530980617074,13.442626953125,11.885833333333334,0,0,0,0,0,1,0,0,0
Hudson,2009,2009-10-05 15:00:00,20.09383,-74.7055,daylight,31.155285178275722,3.4705768284100613,78.00306042418845,10.27777778,1,-8.626419067382812,-2.099639892578125,0.11465930938720703,296.33154296875,7978.09765625,0.01512180920690298,-8.30914306640625,-1.6421356201171875,0.17757892608642578,292.10986328125,15177.01171875,0.011328991502523422,-6.308197021484375,1.1840362548828125,0.029150962829589844,284.194091796875,31303.07421875,0.0037173365708440542,-8.874436881451379,-8.468994015890932,-5.924304711606569,8.469856426933383,12.137451171875,11.866666666666667,0,0,0,0,0,1,0,0,0
Hudson,2009,2009-10-05 16:00:00,20.08233,-74.43217,daylight,28.572604342808052,3.386848403804446,92.51813395847984,12.22222222,1,-9.258499145507812,-2.0158538818359375,-0.11480140686035156,296.363037109375,7973.375,0.014396626502275467,-8.626968383789062,-1.5748138427734375,0.023242950439453125,292.2978515625,15170.6640625,0.009988592006266117,-5.972198486328125,1.3364410400390625,-0.09520816802978516,284.185791015625,31293.23046875,0.003441730048507452,-9.160991113162307,-8.549447529397318,-6.0251488430362015,8.769528045128022,12.17724609375,11.866944444444444,0,0,0,0,0,1,0,0,0
Hudson,2009,2009-10-05 17:00:00,19.97367,-74.3285,daylight,16.226028817554457,2.8464215432759774,138.1098374853426,16.38888889,1,-8.533035278320312,-1.2201995849609375,-0.03492927551269531,296.472412109375,7907.7109375,0.0125981280580163,-8.031509399414062,-0.3890838623046875,0.013521194458007812,292.619140625,15104.79296875,0.009007205255329609,-6.02655029296875,1.4728240966796875,-0.0020914077758789062,284.22705078125,31238.69140625,0.003624080214649439,-4.789199646681864,-5.073032754114418,-5.120365101561751,8.040928396944121,12.245361328125,11.868333333333334,0,0,0,0,0,1,0,0,0
Hudson,2009,2009-10-05 18:00:00,19.62033,-74.36783,daylight,39.50450116707463,3.7014131078646777,185.98549982679637,11.11111111,1,-4.778350830078125,-1.02081298828125,-0.0013322830200195312,296.39697265625,7828.59375,0.01358804665505886,-5.4234771728515625,0.3802490234375,0.020422935485839844,292.882080078125,15029.7578125,0.009354065172374249,-5.4352569580078125,1.181488037109375,-0.06800556182861328,284.21484375,31181.76171875,0.004231462720781565,1.5135188326491,0.18736665829552734,-0.6082758964254754,5.436790778047942,12.18212890625,11.872777777777777,0,0,0,0,0,1,0,0,0
Hudson,2009,2009-10-05 19:00:00,19.29267,-74.25167,daylight,38.4157335377749,3.6741650649634554,161.497430778134,11.11111111,1,-3.6173095703125,-0.6177978515625,0.05466938018798828,296.49951171875,7766.98828125,0.014391873963177204,-4.017608642578125,1.4612579345703125,-0.01629161834716797,292.495849609375,14968.51171875,0.010925749316811562,-5.09234619140625,1.1251373291015625,-0.05094623565673828,283.998046875,31106.734375,0.004400631878525019,-0.5620794662297763,-2.6607014469685746,-2.683020039178091,4.275096952849507,12.50146484375,11.876666666666667,0,0,0,0,0,1,0,0,0
Hudson,2009,2009-10-05 20:00:00,19.0335,-74.02867,daylight,37.136360655064195,3.64116817493417,140.86049179874607,9.722222222,1,-2.5611114501953125,0.2881011962890625,0.004425048828125,297.05859375,7727.9453125,0.013645789586007595,-2.6988983154296875,2.8940887451171875,-0.002803802490234375,292.2275390625,14933.69921875,0.010985355824232101,-4.5572052001953125,1.3644256591796875,-0.014388084411621094,283.741455078125,31055.796875,0.00386040355078876,-1.8400557084691556,-3.9482617609940847,-3.9348210593398854,3.9572467425778726,13.317138671875,11.88,0,0,0,0,0,1,0,0,0
Hudson,2009,2009-10-05 21:00:00,18.8005,-73.9085,daylight,28.827595030527473,3.3954339727665137,153.97298223031498,9.444444444,1,-1.1011962890625,0.3662109375,-0.14030170440673828,296.612060546875,7718.16015625,0.015607038512825966,-1.885162353515625,2.8914642333984375,0.09708881378173828,291.9599609375,14921.640625,0.01251409761607647,-4.7308197021484375,0.9718780517578125,-0.02267742156982422,283.660888671875,31042.5625,0.004732679110020399,-0.8122718144022223,-3.42543251518367,-2.94917687854399,3.451724570723305,12.951171875,11.882777777777777,0,0,0,0,0,1,0,0,0
Hudson,2009,2009-10-05 22:00:00,18.5905,-73.8045,daylight,25.792596307104578,3.288125592153172,154.85170728784794,11.94444444,1,-1.031829833984375,0.357269287109375,-0.6020431518554688,298.17138671875,7733.4453125,0.013584856875240803,-1.0399932861328125,1.0487060546875,-0.2721405029296875,291.787353515625,14949.8828125,0.012836281210184097,-5.761566162109375,1.255828857421875,-0.0596771240234375,283.632080078125,31063.8125,0.004997476004064083,-0.7618930981520255,-1.391258381576181,-3.5852398371696674,1.4769463173519706,14.539306640625,11.885277777777778,0,0,0,0,0,1,0,0,0
Hudson,2009,2009-10-06 15:00:00,18.40033,-73.24117,daylight,19.93810249607052,3.0415705851029924,114.46657312771055,8.611111111,1,-4.3587799072265625,4.214569091796875,0.13094234466552734,295.945068359375,7981.6875,0.01574217900633812,-7.851165771484375,4.0709381103515625,0.1951456069946289,292.2998046875,15180.08203125,0.011497851461172104,-8.132247924804688,0.032501220703125,0.08702278137207031,283.099853515625,31310.6796875,0.005769991781562567,-5.71289037063636,-8.832184105668896,-7.415457658940315,8.843830678480938,12.84521484375,11.870833333333334,0,0,0,0,0,1,0,0,0
Hudson,2009,2009-10-06 16:00:00,18.27933,-73.0555,daylight,23.771087517094884,3.2096771471436614,124.4429553020401,8.888888889,1,-7.207733154296875,3.1922454833984375,0.055797576904296875,296.135986328125,7941.6953125,0.014448421075940132,-9.094390869140625,3.530029296875,0.10645008087158203,292.367919921875,15137.6953125,0.010600822046399117,-8.5054931640625,1.0427398681640625,0.11809062957763672,283.107666015625,31270.9921875,0.005909825675189495,-7.749630894499094,-9.496583694603034,-7.604151130396037,9.755462680852414,13.0283203125,11.872222222222222,0,0,0,0,0,1,0,0,0
Hudson,2009,2009-10-06 17:00:00,18.19167,-72.7655,daylight,32.14073469641246,3.5007631812280082,107.60874823284513,13.33333333,1,-6.2187042236328125,2.442901611328125,-0.1586284637451172,296.666015625,7910.5078125,0.014220237731933594,-8.940200805664062,3.463775634765625,0.041194915771484375,292.446044921875,15110.671875,0.011060094460844994,-8.482925415039062,2.069580078125,-0.11874866485595703,283.175048828125,31235.40625,0.005798836704343557,-6.666339081304725,-9.569148690500562,-8.711533509712842,9.5877490629236,13.490966796875,11.873611111111112,0,0,0,0,0,1,0,0,0
Hudson,2009,2009-10-06 18:00:00,18.2015,-72.56783,daylight,20.909289265765793,3.0869107142754655,86.97260062879582,10.27777778,1,-4.3346405029296875,1.66961669921875,-0.056321144104003906,297.2705078125,7851.01953125,0.014360226690769196,-7.8189544677734375,1.8269195556640625,0.032402992248535156,292.208984375,15062.26953125,0.012106049805879593,-8.618667602539062,2.7337799072265625,-0.0571746826171875,282.82421875,31169.9453125,0.0062300413846969604,-4.240412740031892,-7.711556256972992,-8.462258833609429,8.029550674351709,14.4462890625,11.873333333333333,0,0,0,0,0,1,0,0,0
Hudson,2009,2009-10-06 19:00:00,18.24817,-72.28767,daylight,30.041278016616726,3.4353178676831693,80.00877953411145,10.55555556,1,-3.649871826171875,1.6647491455078125,-0.14428997039794922,296.50634765625,7821.0625,0.014373855665326118,-6.3679656982421875,1.352294921875,-0.13582134246826172,292.02099609375,15017.7734375,0.01265640277415514,-8.946075439453125,2.9153900146484375,-0.5384292602539062,282.551025390625,31120.05859375,0.006402000784873962,-3.3056897120791953,-6.036771878821905,-8.304590175559506,6.5099684092718935,13.955322265625,11.872777777777777,0,0,0,0,0,1,0,0,0
Hudson,2009,2009-10-06 20:00:00,18.2425,-72.0045,daylight,29.910685628255013,3.4311019373362286,91.16347298253686,11.94444444,1,-2.38739013671875,0.827545166015625,-0.3967447280883789,297.808837890625,7798.46875,0.014344656839966774,-5.518768310546875,0.2069549560546875,-0.0726938247680664,292.13232421875,15005.0625,0.012919589877128601,-7.8647613525390625,2.194549560546875,-0.28742504119873047,282.48828125,31112.8515625,0.0064685167744755745,-2.40370126862844,-5.521832742479066,-7.907700299981135,5.522647374161418,15.320556640625,11.872777777777777,0,0,0,0,0,1,0,0,0
Hudson,2009,2009-10-06 21:00:00,17.95467,-71.83117,daylight,36.87750615812016,3.63435743083174,150.18616104546453,6.944444444,1,-5.9027862548828125,-0.51544189453125,0.2575235366821289,297.9326171875,7784.921875,0.01391972042620182,-7.7607574462890625,-1.6330108642578125,0.2874593734741211,292.331298828125,15001.8984375,0.011202242225408554,-8.030807495117188,2.135284423828125,-0.13020610809326172,282.689453125,31108.90234375,0.005233269650489092,-2.4875473967717046,-2.441646529612178,-5.84545500928643,7.930704925976958,15.2431640625,11.876666666666667,0,0,0,0,0,1,0,0,0
Hudson,2009,2009-10-06 22:00:00,17.6685,-72.03133,daylight,38.23044376335479,3.6694530719942096,213.69104054179422,9.444444444,1,-10.316909790039062,-0.5463409423828125,0.33838558197021484,297.390869140625,7796.9296875,0.01310719270259142,-10.311065673828125,-1.5184478759765625,0.08157920837402344,292.71337890625,15008.7890625,0.009446990676224232,-8.345077514648438,2.475067138671875,-0.011524200439453125,282.768798828125,31112.8515625,0.0047933487221598625,6.177515658920475,6.983106546695561,2.569777025882536,10.422272270577773,14.6220703125,11.880277777777778,0,0,0,0,0,1,0,0,0
Hudson,2009,2009-10-07 15:00:00,12.16333,-72.70533,daylight,34.923354341338374,3.581387622741565,167.38464983232507,8.611111111,1,-14.23046875,-1.394134521484375,0.1243448257446289,295.169189453125,7850.125,0.01610301062464714,-14.616348266601562,-0.2870635986328125,0.2309589385986328,291.546142578125,15034.546875,0.013537328690290451,-12.76611328125,0.250396728515625,0.4504280090332031,282.646484375,31145.20703125,0.009040085598826408,-1.7475234278626453,-2.912145655960706,-3.0325307657186915,14.619166944810724,12.522705078125,11.940277777777778,0,0,0,0,0,1,0,0,0
Hudson,2009,2009-10-07 16:00:00,11.89283,-72.5115,daylight,36.72946891200544,3.630441457863513,144.9558201063311,9.722222222,1,-9.838119506835938,-0.095489501953125,-0.18577289581298828,295.674560546875,7761.13671875,0.0163523331284523,-11.596023559570312,0.92950439453125,-0.22226619720458984,292.450439453125,14957.61328125,0.01292027160525322,-12.938262939453125,-0.6847381591796875,-0.008832931518554688,284.150634765625,31132.53125,0.008108816109597683,-5.570947790036797,-7.419522452817168,-6.86865115604868,11.63321713085261,11.52392578125,11.943888888888889,0,0,0,0,0,1,0,0,0
Hudson,2009,2009-10-07 17:00:00,11.6215,-72.421,daylight,31.738340539079367,3.488546884619293,161.90659767877753,11.94444444,1,-7.1672515869140625,-0.620452880859375,-0.4158792495727539,295.75634765625,7701.37890625,0.01663488894701004,-8.956405639648438,-0.2689361572265625,-0.3184175491333008,291.853271484375,14898.1171875,0.013576852157711983,-10.887786865234375,0.9549407958984375,0.143218994140625,284.362060546875,31069.1875,0.007793867494910955,-1.6361392243848654,-2.5259261344635413,-4.289107432077361,8.960442435426396,11.394287109375,11.947777777777778,0,0,0,0,0,1,0,0,0
Hudson,2009,2009-10-07 18:00:00,11.43217,-72.447,daylight,21.24226361412124,3.101994245413513,187.6661005757546,11.11111111,1,-7.915374755859375,-1.49835205078125,-0.5509061813354492,296.27783203125,7612.91796875,0.01663457602262497,-9.241790771484375,-0.846405029296875,-0.5883626937866211,291.819580078125,14810.66015625,0.014046174474060535,-9.88934326171875,1.9381103515625,-0.11163902282714844,283.938232421875,30959.91796875,0.008172954432666302,2.540869957964491,2.0716935279634576,-0.6015512911890184,9.280468637817425,12.339599609375,11.950277777777778,0,0,0,0,0,1,0,0,0
Hudson,2009,2009-10-07 19:00:00,11.30083,-72.31533,daylight,20.47731480922465,3.0669972529448684,135.4825586193461,6.666666667,1,-8.014251708984375,-4.2378997802734375,-0.5205402374267578,295.422607421875,7533.39453125,0.01678716391324997,-6.8573150634765625,-1.8508758544921875,-0.04729652404785156,292.035888671875,14729.73828125,0.013578340411186218,-8.246490478515625,1.79534912109375,0.47852611541748047,284.04296875,30890.234375,0.007977456785738468,-2.597223496318824,-3.4881012311697956,-7.061982232193757,7.102711546200138,11.379638671875,11.951944444444445,0,0,0,0,0,1,0,0,0
Hudson,2009,2009-10-07 20:00:00,11.13383,-72.14683,daylight,26.1265012727465,3.3005111567897654,135.27998101016755,14.16666667,1,-7.0901641845703125,-2.2089996337890625,-0.4453859329223633,295.47802734375,7457.51953125,0.016949307173490524,-6.3428802490234375,0.116180419921875,-0.0969400405883789,292.655029296875,14659.40625,0.012982732616364956,-9.027267456054688,1.0899505615234375,0.23318195343017578,284.62353515625,30856.49609375,0.007520647719502449,-3.4193316886573335,-4.545675781922114,-7.126442023952564,6.343944178775917,10.8544921875,11.954166666666667,0,0,0,0,0,1,0,0,0
Hudson,2009,2009-10-08 20:00:00,10.81667,-71.71717,daylight,22.655488645691463,3.163595166053921,140.24261226250024,13.61111111,1,-0.3053131103515625,-0.09619140625,0.35768985748291016,296.509033203125,7537.6015625,0.01654866151511669,-5.7437591552734375,2.745391845703125,-0.050642967224121094,294.073974609375,14768.3203125,0.011272376403212547,-8.900238037109375,6.337005615234375,-0.1329345703125,283.446044921875,30933.35546875,0.007365602999925613,-0.12131133062023745,-5.783898720066686,-10.563674086951504,6.366156267343792,13.06298828125,11.948888888888888,0,0,0,0,0,1,0,0,0
Hudson,2009,2009-10-08 21:00:00,10.75233,-71.48317,daylight,26.542416902064197,3.315727249147172,105.61506714265278,8.888888889,1,-1.0220794677734375,-2.01898193359375,-0.04824066162109375,296.69140625,7545.21875,0.01623581163585186,-5.4284515380859375,0.5244598388671875,-0.3749361038208008,293.476318359375,14755.90234375,0.012928912416100502,-8.949539184570312,7.920440673828125,-0.3262357711791992,283.247802734375,30928.20703125,0.007908957079052925,-0.4409007534392313,-5.369267724389749,-10.751197472413592,5.45372755314493,13.443603515625,11.949722222222222,0,0,0,0,0,1,0,0,0
Hudson,2009,2009-10-08 22:00:00,10.71,-71.152,daylight,36.48530874057947,3.6239490892977764,97.38139441190003,0.0,0,0.4971771240234375,-1.2075042724609375,-0.22782230377197266,297.871826171875,7539.421875,0.016074150800704956,-3.4873809814453125,-1.4951934814453125,0.14665603637695312,292.2802734375,14769.28125,0.015099972486495972,-8.160934448242188,7.65234375,0.3544921875,283.899658203125,30940.4921875,0.00822026003152132,0.6481893636517262,-3.2663879862794714,-9.076428130689376,3.7943945046216565,13.97216796875,11.950555555555555,0,0,0,0,0,1,0,0,0
Hudson,2009,2009-10-09 15:00:00,10.47383,-70.75083,daylight,28.335890774278926,3.3788117074964448,113.86047596763774,13.05555556,1,-2.7220916748046875,0.2418060302734375,0.13084793090820312,299.587890625,7735.9453125,0.01325097307562828,-6.9031524658203125,1.71197509765625,-0.13538074493408203,292.797607421875,14978.2734375,0.01145926397293806,-10.915069580078125,5.2012176513671875,-0.056557655334472656,284.080810546875,31159.3828125,0.005095202475786209,-2.58725640345166,-7.005674656348273,-12.086142461694898,7.112269166824058,15.507080078125,11.944444444444445,0,0,0,0,0,1,0,0,0
Hudson,2009,2009-10-09 16:00:00,10.3495,-70.547,daylight,26.230622932481143,3.3043421831218023,121.78793452618777,12.77777778,1,-3.861358642578125,0.79931640625,-0.05883216857910156,303.2216796875,7606.82421875,0.01023149024695158,-5.4829864501953125,0.9801177978515625,-0.36168766021728516,295.65283203125,14915.6484375,0.010057576932013035,-9.989089965820312,5.186126708984375,-0.4171724319458008,283.89794921875,31107.83203125,0.00565429637208581,-3.703230255874263,-5.176861778374721,-11.222694139786586,5.569898680469043,19.32373046875,11.946388888888889,0,0,0,0,0,1,0,0,0
Hudson,2009,2009-10-09 17:00:00,10.06883,-70.37067,daylight,36.69282530079745,3.6294697660189827,148.25583257011613,14.72222222,1,-3.257476806640625,-0.4431915283203125,-0.3315916061401367,304.40478515625,7487.29296875,0.009920991957187653,-4.4795684814453125,0.6647186279296875,-0.39293384552001953,297.0185546875,14826.58984375,0.00980465766042471,-9.175033569335938,5.513153076171875,0.10907649993896484,283.892822265625,31041.92578125,0.0064330557361245155,-1.33695502243387,-2.9221040948191543,-9.51565344903953,4.5286184023689815,20.511962890625,11.950833333333334,0,0,0,0,0,1,0,0,0
Hudson,2009,2009-10-09 18:00:00,9.64133,-70.212,daylight,50.614431754799035,3.943801318553435,159.8998595533851,15.0,1,-0.413726806640625,0.0860137939453125,-0.16507720947265625,304.496826171875,7421.578125,0.010252995416522026,-1.308074951171875,0.3965606689453125,-0.4780130386352539,298.351318359375,14688.94921875,0.009659004397690296,-5.9016876220703125,4.9611053466796875,-0.13659095764160156,282.86474609375,30953.57421875,0.00845769327133894,-0.2229571674310737,-0.821943160100461,-6.687127087049613,1.3668651879529512,21.632080078125,11.957222222222223,0,0,0,0,0,1,0,0,0
Hudson,2009,2009-10-09 19:00:00,9.35167,-70.0225,daylight,38.33171168594565,3.6720311066242286,147.15219689772505,15.55555556,1,-1.2264862060546875,1.284088134765625,-0.6553277969360352,300.549560546875,7553.98046875,0.011151634156703949,-1.469146728515625,2.0106048583984375,-0.28237247467041016,294.26611328125,14750.21875,0.010905859991908073,-4.411956787109375,4.1207427978515625,0.16235733032226562,283.164306640625,30903.6171875,0.006791068706661463,-1.7440384259720143,-2.486016882652633,-5.854981666585427,2.490165457660106,17.38525390625,11.961666666666666,0,0,0,0,0,1,0,0,0
Hudson,2009,2009-10-09 20:00:00,9.1465,-69.88067,daylight,27.618188101475255,3.3540424633008503,145.68312895088832,8.611111111,1,-0.9885406494140625,1.0167694091796875,-0.5314617156982422,299.952392578125,7470.91796875,0.011543367058038712,-1.43255615234375,1.6958465576171875,-0.07972049713134766,294.11181640625,14663.45703125,0.01124107837677002,-4.218414306640625,3.38592529296875,0.08517265319824219,283.414306640625,30829.0625,0.006499492563307285,-1.397091566357411,-2.208285632248367,-5.174757520203391,2.219935286579317,16.5380859375,11.965,0,0,0,0,0,1,0,0,0
Hudson,2009,2009-10-09 21:00:00,8.8955,-69.71333,daylight,33.41683740045538,3.5385459039487777,146.62406112601252,10.83333333,1,0.86029052734375,0.8473663330078125,0.1264476776123047,298.582275390625,7418.9921875,0.014195960946381092,1.1997528076171875,1.7575836181640625,0.22939395904541016,293.313720703125,14652.88671875,0.011215941049158573,-5.639373779296875,2.33203125,0.12212562561035156,283.712890625,30811.68359375,0.006609897594898939,-0.2343460832053837,-0.8077009702545461,-5.049819499797699,2.128028894123386,14.869384765625,11.96861111111111,0,0,0,0,0,1,0,0,0
Hudson,2009,2009-10-09 22:00:00,8.79033,-69.6365,daylight,14.4228357772057,2.7358492537697066,144.1705249226875,0.0,0,0.896331787109375,0.62152099609375,0.13347816467285156,298.9091796875,7453.58203125,0.014407958835363388,1.1231536865234375,0.47332763671875,0.09683990478515625,293.54931640625,14682.28515625,0.010960903950035572,-5.3481903076171875,1.4725494384765625,0.03792572021484375,283.826904296875,30840.74609375,0.006655236706137657,0.02078398007842952,0.27370947408091034,-4.3245843276460985,1.2188163336749902,15.082275390625,11.970277777777778,0,0,0,0,0,1,0,0,0
Hudson,2009,2009-10-10 15:00:00,8.5665,-69.38417,daylight,16.328572296830085,2.852356717000301,123.62186754818299,8.611111111,1,-2.4842987060546875,-1.342803955078125,-0.3065681457519531,294.628662109375,7851.12890625,0.015647023916244507,-3.772613525390625,1.1398162841796875,-0.6090450286865234,290.95361328125,15022.015625,0.012821011245250702,-3.682861328125,0.795013427734375,-0.4081907272338867,282.392333984375,31090.671875,0.007367097772657871,-1.3251771312460567,-3.7726198973740304,-3.506961764145312,3.941039707189141,12.236328125,11.966111111111111,0,0,0,0,0,1,0,0,0
Hudson,2009,2009-10-10 16:00:00,8.41167,-69.2195,daylight,24.987359349148388,3.257610240919303,133.53887290836133,14.44444444,1,-3.812774658203125,-0.161529541015625,0.038216590881347656,295.021484375,7765.3359375,0.015185988508164883,-3.9376068115234375,1.03436279296875,-0.12119865417480469,290.8525390625,14932.5546875,0.013319441117346287,-4.4273529052734375,0.99273681640625,-0.18636035919189453,282.25732421875,31006.42578125,0.007715442217886448,-2.6526386686258725,-3.5669167075182022,-3.8932632581200677,4.071198077916854,12.76416015625,11.96861111111111,0,0,0,0,0,1,0,0,0
Hudson,2009,2009-10-10 17:00:00,8.223,-69.14917,daylight,22.360735872833374,3.151056658869406,159.74858164072316,12.22222222,1,-3.532379150390625,-0.755035400390625,0.007633209228515625,295.757080078125,7701.6015625,0.015384380705654621,-4.4925384521484375,0.9470367431640625,0.03620719909667969,290.928466796875,14883.16796875,0.013315816409885883,-4.7232208251953125,0.7545013427734375,0.05927562713623047,282.395263671875,30946.71875,0.007580035366117954,-0.514337513522964,-2.4435420790497955,-2.3427571459146748,4.591272191553783,13.36181640625,11.971666666666666,0,0,0,0,0,1,0,0,0
Hudson,2009,2009-10-10 18:00:00,8.04233,-68.996,daylight,26.227195090135854,3.304216293305637,139.98365444806768,7.222222222,1,-2.4995880126953125,-2.5468902587890625,-0.2925863265991211,296.89208984375,7571.91015625,0.016462033614516258,-5.011199951171875,-0.106414794921875,-0.10581302642822266,291.407470703125,14773.10546875,0.013131523504853249,-4.5631561279296875,0.7317047119140625,0.24915218353271484,281.91455078125,30828.8046875,0.008109566755592823,0.3433136114992026,-3.140733309790068,-3.494521460901308,5.012329703760844,14.9775390625,11.974722222222223,0,0,0,0,0,1,0,0,0
Hudson,2009,2009-10-12 19:00:00,7.89433,-68.91167,daylight,19.401797685740565,3.0156230188176965,151.95179607919556,11.66666667,1,-2.490234375,-1.9987945556640625,0.11302375793457031,296.724609375,7469.625,0.015061384066939354,-5.725616455078125,-2.2084197998046875,0.22370529174804688,292.073486328125,14659.140625,0.01027662307024002,-3.6643218994140625,1.72247314453125,0.1580810546875,282.056640625,30742.88671875,0.005089212208986282,0.5930970914169513,-0.7432203772627273,-3.2431889661535456,6.136758248687231,14.66796875,11.963333333333333,0,0,0,0,0,1,0,0,0
Hudson,2009,2009-10-12 20:00:00,7.7045,-68.7875,daylight,25.15308436300374,3.2639671324275463,147.04587240882688,10.0,1,-2.2598114013671875,-3.2238616943359375,0.08842945098876953,296.981201171875,7381.87109375,0.01593843288719654,-5.620758056640625,-3.5789947509765625,0.15067005157470703,292.411376953125,14581.55078125,0.010595636442303658,-3.1747894287109375,2.2154388427734375,0.1377401351928711,282.612548828125,30683.84375,0.0051430827006697655,1.475899087748962,-0.054351923658339185,-3.585970754043665,6.6634919193174,14.36865234375,11.966666666666667,0,0,0,0,0,1,0,0,0
Hudson,2009,2009-10-12 21:00:00,7.47567,-68.69217,daylight,27.5288672544145,3.3509164607713893,157.55563453127115,12.5,1,-3.1102142333984375,-4.2470245361328125,0.08091354370117188,297.04345703125,7360.30078125,0.015590316615998745,-6.3127899169921875,-3.881439208984375,0.04288291931152344,292.489990234375,14564.59375,0.010733923874795437,-3.0422210693359375,1.676422119140625,0.011456489562988281,282.776611328125,30672.91796875,0.005644427612423897,2.7378785873565823,1.177287026827445,-2.710912190712612,7.410592882429818,14.266845703125,11.970833333333333,0,0,0,0,0,1,0,0,0
Hudson,2009,2009-10-13 19:00:00,7.101,-68.48783,daylight,20.808875526320904,3.082317021173293,183.29217752881675,13.88888889,1,-4.8444671630859375,-3.84039306640625,0.10462760925292969,295.236083984375,7366.79296875,0.017149927094578743,-7.267974853515625,-2.6656646728515625,0.14694976806640625,291.60595703125,14553.9921875,0.013722443021833897,-6.2382659912109375,-1.2897796630859375,0.19831085205078125,282.885986328125,30681.15625,0.009363065473735332,4.112261864400113,3.0786486976008747,1.645900519784645,7.741396942375729,12.35009765625,11.971388888888889,0,0,0,0,0,1,0,0,0
Hudson,2009,2009-10-13 21:00:00,6.87983,-68.40817,daylight,17.552665759315477,2.9206134854302683,167.59366454524525,0.0,0,-7.795318603515625,-5.0160980224609375,0.0933990478515625,294.6884765625,7284.97265625,0.01656617410480976,-10.37799072265625,-4.7382354736328125,-0.7052469253540039,291.79931640625,14467.55078125,0.01332070305943489,-8.99078369140625,-2.5264739990234375,-2.504775047302246,282.9462890625,30603.5546875,0.008967741392552853,3.2241926138346697,2.3979487095136247,0.5358672862576215,11.408486614934146,11.7421875,11.975555555555555,0,0,0,0,0,1,0,0,0
Hudson,2009,2009-10-14 15:00:00,7.29367,-68.46567,daylight,13.689946804399415,2.687163368967481,25.446094299302388,0.0,0,-5.4326171875,-4.0951080322265625,-0.012424468994140625,294.87841796875,7671.94140625,0.015630003064870834,-7.5399932861328125,-2.222869873046875,-0.019568443298339844,291.235107421875,14846.25,0.012845326215028763,-3.85986328125,1.5498504638671875,0.04366302490234375,282.793212890625,30946.3515625,0.007707128766924143,-6.0320289621676135,-5.246875620602739,-0.2589361652085702,7.860830059696451,12.085205078125,11.961388888888889,0,0,0,0,0,1,0,0,0
Hudson,2009,2009-10-15 19:00:00,7.11033,-68.48333,daylight,20.464276513120883,3.066389995686675,184.9986367681655,18.33333333,1,-1.48760986328125,-3.7676239013671875,-0.1057901382446289,297.140380859375,7256.125,0.016679715365171432,-4.78985595703125,-4.1599273681640625,-0.047809600830078125,291.8515625,14465.12890625,0.013097057119011879,-7.3451995849609375,-0.978546142578125,0.21925735473632812,282.85693359375,30546.28125,0.005683558527380228,3.8829132494283956,4.561456136477336,1.6148267348185867,6.344108747295253,14.283447265625,11.95888888888889,0,0,0,0,0,1,0,0,0
Hudson,2009,2009-10-15 20:00:00,6.72567,-68.53167,daylight,43.103800892628655,3.7865459667802908,187.11409069348122,15.83333333,1,-1.3278350830078125,-4.227081298828125,-0.12693023681640625,297.20947265625,7164.453125,0.01682204380631447,-4.9561614990234375,-4.8301239013671875,-0.10142993927001953,291.83544921875,14372.55859375,0.012932643294334412,-7.508758544921875,-1.469085693359375,0.10963153839111328,283.52685546875,30476.46875,0.005624677520245314,4.358985579916368,5.406737623347571,2.3877020308451904,6.920522646950939,13.6826171875,11.966666666666667,0,0,0,0,0,1,0,0,0
Hudson,2009,2009-10-15 21:00:00,6.43783,-68.53933,daylight,32.01753023987981,3.4970386398097064,181.51479436523275,0.0,0,-0.792877197265625,-3.9351348876953125,-0.4963521957397461,297.02099609375,7183.43359375,0.01625910773873329,-3.4176483154296875,-4.1407928466796875,-0.6056060791015625,292.04541015625,14392.07421875,0.012462124228477478,-7.712188720703125,-1.412841796875,-0.20813655853271484,283.034423828125,30518.2578125,0.006828919984400272,3.9547194495912508,4.229691544295953,1.6162202981214273,5.369030211041194,13.986572265625,11.972777777777777,0,0,0,0,0,1,0,0,0
Hudson,2009,2009-10-16 16:00:00,6.20083,-68.24733,daylight,14.446858969834484,2.7374056797515793,89.04035036161798,0.0,0,-2.61517333984375,-1.3410797119140625,0.06231689453125,293.66064453125,7740.95703125,0.015969041734933853,-2.8483428955078125,2.0930633544921875,0.09628105163574219,291.6533203125,14906.125,0.012002721428871155,-4.27801513671875,5.8479461669921875,-0.04981517791748047,281.965087890625,30990.76953125,0.007640807423740625,-2.637267285829716,-2.8128882062254665,-4.1794721547747935,3.534681238288386,11.695556640625,11.972222222222221,0,0,0,0,0,1,0,0,0
Hudson,2009,2009-10-16 17:00:00,6.334,-68.21783,daylight,15.162571742731371,2.782698182926879,12.416597506252913,14.72222222,1,-2.08355712890625,-1.2601470947265625,0.09094047546386719,294.0205078125,7657.40625,0.01637033000588417,-2.12396240234375,2.3251190185546875,0.0722646713256836,291.656005859375,14826.66015625,0.012161299586296082,-4.109039306640625,6.568572998046875,-0.016943931579589844,281.99072265625,30916.23828125,0.007759065367281437,-1.678675085547195,1.8140438993161128,5.531415882925208,3.1491895365338918,12.02978515625,11.969444444444445,0,0,0,0,0,1,0,0,0
Hudson,2009,2009-10-16 18:00:00,6.60317,-68.2365,daylight,30.00133769703595,3.434030355071435,356.05846880175704,11.66666667,1,-1.91021728515625,-1.767181396484375,0.061896324157714844,294.67431640625,7524.4296875,0.017075255513191223,-2.034515380859375,2.248077392578125,0.025092124938964844,291.6611328125,14696.78125,0.012119011022150517,-3.5045318603515625,6.9011383056640625,0.023375511169433594,282.1328125,30793.3671875,0.007612473331391811,-1.6316961336520588,2.3826094842615957,7.125711238950941,3.0320133241749168,12.54150390625,11.963611111111112,0,0,0,0,0,1,0,0,0
Hudson,2009,2009-10-16 19:00:00,6.75067,-68.126,daylight,20.44336924961638,3.0654154716927584,36.645475193797836,11.38888889,1,-1.835540771484375,-1.558990478515625,0.007920265197753906,295.53662109375,7454.8671875,0.01707170344889164,-2.575408935546875,1.2160186767578125,-0.008927345275878906,291.703369140625,14637.64453125,0.012402037158608437,-3.09814453125,7.3005523681640625,-0.2288360595703125,282.129150390625,30729.671875,0.007574627175927162,-2.346410971829174,-0.5614981172994677,4.008390055645985,2.848057690342404,13.407470703125,11.960555555555555,0,0,0,0,0,1,0,0,0
Hudson,2009,2009-10-16 20:00:00,6.9835,-68.068,daylight,26.66956754844845,3.3203331647807297,13.888268902189338,8.055555556,1,-1.570770263671875,-1.6390228271484375,-0.15626239776611328,296.132080078125,7385.15234375,0.017049897462129593,-2.5977020263671875,-0.13134765625,-0.10887813568115234,291.35302734375,14576.921875,0.012986291199922562,-3.280853271484375,7.5258636474609375,-0.41142940521240234,282.60009765625,30664.99609375,0.006975413765758276,-1.9681379214923524,-0.7510323573513501,6.518349022159427,2.6010205736584555,13.531982421875,11.955555555555556,0,0,0,0,0,1,0,0,0
Hudson,2009,2009-10-16 21:00:00,7.1335,-68.25367,daylight,26.419684145628803,3.311261154944147,309.1588430667965,7.5,1,-2.60650634765625,-2.8795013427734375,-0.13134193420410156,295.931396484375,7413.8359375,0.01607442833483219,-2.698974609375,0.0199737548828125,-0.10598373413085938,291.687255859375,14605.37890625,0.0124214431270957,-4.2956695556640625,6.5661773681640625,-0.286956787109375,283.0869140625,30714.52734375,0.006575830280780792,0.20275471670296152,2.1053931748382295,7.477215126714487,2.6990485162247553,12.844482421875,11.952222222222222,0,0,0,0,0,1,0,0,0
Hudson,2009,2009-10-18 16:00:00,7.2905,-68.457,daylight,16.980917470013313,2.8893110549948715,352.2842965995707,10.83333333,1,-5.1023406982421875,-3.7326507568359375,-0.13451099395751953,295.98046875,7684.47265625,0.015141918323934078,-4.3860931396484375,-1.9967041015625,-0.10954761505126953,291.322265625,14870.328125,0.012838341295719147,-6.3123931884765625,0.912567138671875,-0.030992507934570312,282.477783203125,30954.41796875,0.0061444928869605064,-3.013828018443278,-1.3897596710357736,1.7517930857968596,4.819194984524656,13.502685546875,11.936666666666667,0,0,0,0,0,1,0,0,0
Hudson,2009,2009-10-19 16:00:00,7.01733,-68.39467,daylight,12.802463554763964,2.6248470946917917,147.39981684302052,10.55555556,1,-6.286407470703125,-2.991973876953125,0.09959220886230469,295.525634765625,7596.0859375,0.015399397350847721,-7.6168365478515625,-2.641021728515625,0.07929515838623047,291.95458984375,14778.9765625,0.01131080836057663,-3.981414794921875,-0.958343505859375,-0.060250282287597656,282.426513671875,30859.3671875,0.006440448574721813,-0.8663592061470045,-1.878818981606433,-1.337723563557212,8.061711652445712,13.09912109375,11.936944444444444,0,0,0,0,0,1,0,0,0
Hudson,2009,2009-10-19 19:00:00,6.8495,-68.32583,daylight,16.09295613065519,2.8386664564614588,176.786996514919,11.94444444,1,-2.7027435302734375,-3.995391845703125,0.04174518585205078,297.038330078125,7241.2109375,0.016048874706029892,-5.0641021728515625,-2.712799072265625,0.009724617004394531,292.671630859375,14447.671875,0.01089193020015955,-2.9962921142578125,-2.23046875,0.11272811889648438,282.5703125,30553.4921875,0.006573252845555544,3.8376277191011323,2.424701419119822,2.059026118348526,5.744946442184222,14.468017578125,11.94111111111111,0,0,0,0,0,1,0,0,0
Hudson,2009,2009-10-19 20:00:00,6.47283,-68.3825,daylight,42.34885517246449,3.76928029393814,188.50237123510723,13.05555556,1,-2.0614013671875,-3.5608978271484375,0.05603599548339844,297.240234375,7177.34375,0.016356565058231354,-3.9310150146484375,-2.2817535400390625,0.12252616882324219,292.48291015625,14392.0859375,0.011327194981276989,-3.2972869873046875,-2.5031890869140625,0.054999351501464844,282.681396484375,30501.09765625,0.006692845374345779,3.826541550755706,2.837878402864849,2.963183410926971,4.545247876944914,14.558837890625,11.95,0,0,0,0,0,1,0,0,0
Hudson,2009,2009-10-19 21:00:00,6.15717,-68.239,daylight,38.5165311353184,3.6767190941111916,155.67649425889783,12.22222222,1,-1.3910369873046875,-4.48583984375,0.009267807006835938,297.6083984375,7179.60546875,0.01595713011920452,-2.775421142578125,-2.029876708984375,-0.17036819458007812,293.084716796875,14401.59375,0.011610257439315319,-4.287322998046875,-1.709075927734375,-0.28820037841796875,283.431884765625,30537.90625,0.005987848155200481,3.5146997050163002,0.7065301339267371,-0.2085291439479353,3.438511592585795,14.176513671875,11.957777777777778,0,0,0,0,0,1,0,0,0
Hudson,2009,2009-10-20 16:00:00,6.27333,-68.209,daylight,11.703834046577148,2.5419038413351647,357.5643514986669,13.88888889,1,-3.272186279296875,-2.983245849609375,0.11165332794189453,295.33154296875,7607.41796875,0.016498353332281113,-2.9754791259765625,-2.292816162109375,0.06726741790771484,291.5263671875,14785.28125,0.01284109242260456,-2.69940185546875,0.9278411865234375,-0.02480602264404297,282.618896484375,30880.19921875,0.0071532693691551685,-2.8414917045740493,-2.164295011454561,1.0417202044848286,3.756392149703251,12.712646484375,11.949722222222222,0,0,0,0,0,1,0,0,0
Hudson,2009,2009-10-20 17:00:00,6.49417,-68.2145,daylight,24.563807864524613,3.241177595898604,358.5824959903843,8.333333333,1,-2.9287567138671875,-2.8315582275390625,0.041319847106933594,295.887451171875,7517.69921875,0.016843384131789207,-2.9941558837890625,-2.352203369140625,0.052000999450683594,291.616943359375,14700.1171875,0.012668907642364502,-2.38739013671875,1.286346435546875,0.03269767761230469,282.582275390625,30794.31640625,0.0072943237610161304,-2.7582413332117235,-2.277415349701432,1.345011061151298,3.807601626513095,13.30517578125,11.944166666666666,0,0,0,0,0,1,0,0,0
Hudson,2009,2009-10-20 18:00:00,6.66567,-68.30183,daylight,21.371026137755624,3.107766645605806,333.17202898314,9.166666667,1,-2.1439971923828125,-2.82415771484375,0.07088756561279297,296.787353515625,7389.8828125,0.016749173402786255,-2.6708984375,-2.519989013671875,-0.0130462646484375,291.667236328125,14590.33984375,0.012874710373580456,-2.2188262939453125,1.44677734375,-0.008978843688964844,282.567138671875,30674.5,0.007494135294109583,-1.5525668842125158,-1.043339693201152,2.2924400051435034,3.6720625120587056,14.22021484375,11.94,0,0,0,0,0,1,0,0,0
Hudson,2009,2009-10-20 19:00:00,6.83617,-68.38433,daylight,21.033907162740366,3.0925825015451216,334.3398036950172,13.33333333,1,-0.4227447509765625,-1.488189697265625,0.18642139434814453,297.14794921875,7177.7578125,0.01615975797176361,-1.1787872314453125,-1.3835601806640625,0.4784736633300781,291.822021484375,14386.1640625,0.01297437958419323,-1.0296630859375,2.353729248046875,0.7813081741333008,283.97412109375,30508.88671875,0.0065200175158679485,-1.1583591295664444,-0.7366570368821105,2.5674780168841167,1.8176298056913784,13.173828125,11.935555555555556,0,0,0,0,0,1,0,0,0
Hudson,2009,2009-10-20 20:00:00,7.02267,-68.433,daylight,21.422428532753393,3.1100617317043904,345.4792293171025,11.38888889,1,-1.8940887451171875,-3.8659515380859375,-0.19780445098876953,296.3681640625,7182.0859375,0.01554938405752182,-2.560394287109375,-3.0560302734375,-0.24473285675048828,291.57373046875,14378.83984375,0.013068604283034801,-0.686004638671875,1.4274444580078125,-0.46573734283447266,283.525390625,30490.5390625,0.007157571613788605,-3.267554028387667,-2.316440806285443,1.553849928016323,3.986845863289526,12.8427734375,11.931111111111111,0,0,0,0,0,1,0,0,0
Hudson,2009,2009-10-20 21:00:00,7.17467,-68.426,daylight,16.919268788947207,2.885876602526057,2.616143605476452,13.61111111,1,-2.159027099609375,-3.94317626953125,0.11971187591552734,296.32421875,7213.62890625,0.015245970338582993,-3.1717071533203125,-3.118896484375,-0.022062301635742188,291.506103515625,14405.84375,0.012941284105181694,-1.4402618408203125,-0.0754241943359375,-0.3713531494140625,282.93408203125,30512.40234375,0.007663012947887182,-4.037614104986367,-3.260416655991801,-0.14108555064620665,4.448285236658052,13.39013671875,11.927222222222222,0,0,0,0,0,1,0,0,0
Hudson,2009,2009-10-21 17:00:00,7.34283,-68.27317,daylight,17.36096138661145,2.910226746926644,83.24786698450919,5.833333333,1,-4.230743408203125,-2.253448486328125,-0.08287620544433594,296.479736328125,7493.1640625,0.016182372346520424,-6.235137939453125,-0.4422760009765625,-0.14178943634033203,291.83642578125,14685.8828125,0.011982261203229427,-1.43597412109375,-0.5121002197265625,0.10703277587890625,283.119873046875,30792.9765625,0.007228061556816101,-4.466347093194027,-6.243891846118233,-1.4862241796991758,6.250804203064401,13.35986328125,11.916944444444445,0,0,0,0,0,1,0,0,0
Hudson,2009,2009-10-21 18:00:00,7.42067,-68.21933,daylight,10.495977111234867,2.4419971577548103,34.44443613975284,4.166666667,1,-2.8561248779296875,-2.7205963134765625,0.048905372619628906,296.8466796875,7408.1640625,0.016478847712278366,-5.4852447509765625,-1.4371185302734375,0.143035888671875,291.859375,14605.5625,0.012208916246891022,-1.7057647705078125,-0.67327880859375,0.1325368881225586,283.27490234375,30719.20703125,0.0074116443283855915,-3.8590515258411138,-4.2876473368927615,-1.5200283377086636,5.670380908560836,13.57177734375,11.915,0,0,0,0,0,1,0,0,0
Hudson,2009,2009-10-21 22:00:00,7.291,-68.24367,daylight,10.341143232552948,2.4284371073763085,179.90222369381502,0.0,0,-3.7906494140625,-3.6839141845703125,0.21946144104003906,297.19921875,7296.30078125,0.015964623540639877,-5.2114105224609375,-1.7792205810546875,-0.006899833679199219,292.619140625,14510.81640625,0.012403592467308044,-1.0787506103515625,-2.1454315185546875,-0.18558883666992188,283.650390625,30659.0859375,0.006659465376287699,3.677440010303007,1.7703246263151908,2.143587487635723,5.506761798885544,13.548828125,11.918333333333333,0,0,0,0,0,1,0,0,0
Hudson,2009,2009-10-22 15:00:00,7.41267,-68.092,daylight,13.850506173889187,2.698033950451585,347.2742542483381,20.55555556,1,-6.303009033203125,-2.1502685546875,-0.025504112243652344,295.4599609375,7638.51953125,0.015627983957529068,-5.5839996337890625,0.0826873779296875,-0.04345130920410156,291.556640625,14822.40234375,0.013146357610821724,-1.158172607421875,-0.45220947265625,-0.10190105438232422,283.70458984375,30946.68359375,0.00575169175863266,-0.7089931973338135,1.3107249895559236,-0.18597372817867025,5.584611813960328,11.75537109375,11.908888888888889,0,0,0,0,0,1,0,0,0
Hudson,2009,2009-10-22 16:00:00,7.5015,-68.16,daylight,12.400543936121412,2.5952952983808895,322.80471771584314,0.0,0,-5.41766357421875,-1.96148681640625,0.01892852783203125,296.056396484375,7598.93359375,0.01545979455113411,-4.7170867919921875,-0.2245941162109375,0.06989479064941406,291.55517578125,14789.9453125,0.01345821749418974,-1.2104949951171875,-0.40887451171875,-0.019265174865722656,283.6103515625,30915.14453125,0.0060530975461006165,1.7126786920432762,2.672730001355149,0.40608367357971764,4.7224305521864185,12.446044921875,11.906666666666666,0,0,0,0,0,1,0,0,0
Hudson,2009,2009-10-22 21:00:00,7.21567,-68.15267,daylight,24.950452291305798,3.2561890387974186,181.26672557824827,17.5,1,-3.77850341796875,-2.9453887939453125,0.09607315063476562,297.263427734375,7196.28125,0.016544455662369728,-4.6840667724609375,-1.0618743896484375,-0.04163360595703125,292.64111328125,14415.70703125,0.0133085111156106,-2.8316650390625,-0.7621917724609375,-0.1439676284790039,283.3876953125,30571.0546875,0.00682828389108181,3.0281993479136133,1.1651642892432312,0.8246043626818352,4.802921896956462,13.875732421875,11.914166666666667,0,0,0,0,0,1,0,0,0
Hudson,2009,2009-10-22 22:00:00,7.11067,-68.144,daylight,11.71458478459365,2.54274974278395,175.31584968712673,0.0,0,-2.900909423828125,-3.4847564697265625,-0.12142181396484375,297.739013671875,7259.83984375,0.01622302085161209,-4.580902099609375,-0.902252197265625,-0.10589790344238281,293.07421875,14488.40625,0.012888257391750813,-2.6540679931640625,0.2148895263671875,-0.02936077117919922,283.7529296875,30660.1171875,0.006543715484440327,3.2362210314681708,0.52514936708757,-0.43091043951394803,4.668910266183773,13.986083984375,11.916944444444445,0,0,0,0,0,1,0,0,0
Hudson,2009,2009-10-23 15:00:00,7.46383,-68.22383,daylight,10.970925814020028,2.4824808611086078,333.54489926771026,0.0,0,-5.3765716552734375,0.63067626953125,-0.03099822998046875,295.053955078125,7673.05078125,0.01627783291041851,-6.327667236328125,3.52001953125,-0.012454032897949219,292.085205078125,14854.6796875,0.012454671785235405,-2.0535888671875,1.381103515625,-0.25844860076904297,283.2431640625,30997.39453125,0.007336786016821861,2.9598773668511846,5.970369052201713,2.151345913385459,7.240850098854546,11.810791015625,11.901388888888889,0,0,0,0,0,1,0,0,0
Hudson,2009,2009-10-25 20:00:00,7.32833,-68.0875,daylight,19.717397722531,3.0309738169619385,175.08105037885298,18.05555556,1,-2.5992431640625,-3.323883056640625,0.036658287048339844,297.568115234375,7426.46484375,0.015713874250650406,-5.6328277587890625,-2.8448944091796875,0.19804859161376953,292.48583984375,14635.0859375,0.01098682265728712,-5.653076171875,-0.3037872314453125,0.08681678771972656,282.9677734375,30763.1953125,0.006765325553715229,3.0887653111902407,2.3514216944356225,-0.1820627933111285,6.310481182886647,14.600341796875,11.893333333333333,0,0,0,0,0,1,0,0,0
Hudson,2009,2009-10-25 21:00:00,7.11067,-68.144,daylight,24.992332074776527,3.2578015743230644,194.44466462852023,0.0,0,-3.270416259765625,-3.889404296875,0.050873756408691406,297.306396484375,7431.19921875,0.016239382326602936,-6.2780303955078125,-3.0967864990234375,0.057839393615722656,292.879150390625,14644.703125,0.01100241020321846,-5.6446533203125,-1.019317626953125,-0.04169750213623047,282.9853515625,30781.1796875,0.007044417783617973,4.582244889273278,4.564916434716386,2.395125767799024,7.000268013973024,14.321044921875,11.899722222222222,0,0,0,0,0,1,0,0,0
Hudson,2009,2009-10-26 16:00:00,7.15933,-67.94883,daylight,15.297038100132529,2.7909833796528436,43.06251700202023,6.944444444,1,-4.9853363037109375,-1.847137451171875,0.013140678405761719,295.90673828125,7703.3515625,0.01596805267035961,-7.684661865234375,-2.420135498046875,0.044158935546875,291.60205078125,14884.7265625,0.011661576107144356,-7.782257080078125,1.827362060546875,-0.08890914916992188,282.5810546875,30974.3359375,0.007018525619059801,-4.75350292417977,-7.015229094672014,-3.9786062623097265,8.05674151328526,13.32568359375,11.8925,0,0,0,0,0,1,0,0,0
Hudson,2009,2009-10-26 17:00:00,7.2465,-67.86467,daylight,13.421997874648186,2.6687546711258276,43.76143543899218,7.777777778,1,-4.1832122802734375,-2.084686279296875,0.07796287536621094,296.852783203125,7624.3828125,0.015628132969141006,-7.49920654296875,-2.2081298828125,0.14275455474853516,291.808837890625,14815.4140625,0.011461257934570312,-7.14324951171875,2.19122314453125,-0.059029579162597656,282.6044921875,30913.6171875,0.007055705413222313,-4.398963448363628,-6.781648979176709,-3.358121892687077,7.81754030072598,14.248291015625,11.889722222222222,0,0,0,0,0,1,0,0,0
Hudson,2009,2009-10-26 18:00:00,7.40283,-67.848,daylight,17.48005494936922,2.9166920396598326,6.036282213400057,8.888888889,1,-3.5304718017578125,-1.853118896484375,-0.030112266540527344,297.73779296875,7550.3203125,0.014735866338014603,-5.531341552734375,-2.2205047607421875,0.07528495788574219,291.18505859375,14753.3515625,0.012770206667482853,-6.6044158935546875,2.5122222900390625,-0.06800651550292969,282.638427734375,30852.87890625,0.007123527582734823,-2.2141024072284887,-2.789859198220279,1.8037846812894012,5.960401057436038,15.099365234375,11.885,0,0,0,0,0,1,0,0,0
Hudson,2009,2009-10-26 19:00:00,7.53133,-67.85883,daylight,14.338351021588634,2.7303562948278675,355.2238545884329,8.333333333,1,-2.9733734130859375,-2.1720428466796875,-0.01885986328125,298.2841796875,7441.6328125,0.014628687873482704,-4.5184326171875,-2.601776123046875,0.09258365631103516,291.3310546875,14656.36328125,0.01359707023948431,-6.4445953369140625,2.552703857421875,0.059752464294433594,282.74072265625,30761.046875,0.007060097064822912,-1.9169288127441162,-2.2165236929715393,3.080435930160961,5.213968959489566,15.54345703125,11.88111111111111,0,0,0,0,0,1,0,0,0
Hudson,2009,2009-10-26 20:00:00,7.4815,-68.009,daylight,17.45767378229612,2.9154802071741566,251.50482934186297,13.88888889,1,-2.56402587890625,-2.445465087890625,0.015277862548828125,298.18310546875,7401.5234375,0.014663183130323887,-4.694915771484375,-2.523468017578125,0.10946178436279297,291.611572265625,14617.50390625,0.013110721483826637,-6.29327392578125,2.487030029296875,0.0710296630859375,282.964111328125,30736.19140625,0.007133049424737692,3.207356944872312,5.2529316777730894,5.179281412327549,5.330114908430436,15.218994140625,11.882777777777777,0,0,0,0,0,1,0,0,0
Hudson,2009,2009-10-27 19:00:00,7.10683,-68.14117,daylight,39.00636083002594,3.6890384622221255,187.85949882279246,0.0,0,-3.64898681640625,-3.6295623779296875,0.1220846176147461,297.620849609375,7312.91015625,0.017562260851264,-7.9515228271484375,-2.9938812255859375,0.10293102264404297,292.716064453125,14532.92578125,0.012357888743281364,-6.3060302734375,1.4201812744140625,-0.015616416931152344,282.91748046875,30665.2421875,0.0066226632334291935,4.09444592007745,4.053083573413728,-0.5445266630456573,8.496472212840965,14.703369140625,11.888333333333334,0,0,0,0,0,1,0,0,0
Hudson,2009,2009-10-28 16:00:00,7.35,-68.07817,daylight,17.360425418265436,2.9101975558533923,14.720164612339431,6.111111111,1,-4.2254638671875,-1.60052490234375,-0.09031963348388672,296.208740234375,7606.78125,0.016228200867772102,-4.086395263671875,-1.0428314208984375,-0.13265419006347656,292.041259765625,14803.6640625,0.012637102045118809,-5.71441650390625,2.3573150634765625,-0.08284759521484375,282.669921875,30924.03125,0.007682269439101219,-2.621676479285295,-2.0469502958374273,0.8279203840477105,4.2173597929715445,13.538818359375,11.875,0,0,0,0,0,1,0,0,0
Hudson,2009,2009-10-28 17:00:00,7.46783,-68.1455,daylight,15.059363202803937,2.7762920565994835,330.4664586376122,15.0,1,-2.7432708740234375,-2.086395263671875,-0.09491443634033203,296.77490234375,7559.10546875,0.0163975078612566,-3.648468017578125,-1.3538818359375,-0.10329818725585938,291.614990234375,14757.17578125,0.013508752919733524,-6.164276123046875,2.9524078369140625,0.020017623901367188,282.6435546875,30865.56640625,0.007698003202676773,-0.4630555396120335,0.6204819578139011,5.607368501139572,3.8915697219723495,14.13134765625,11.87138888888889,0,0,0,0,0,1,0,0,0
Hudson,2009,2009-10-28 18:00:00,7.48383,-68.03467,daylight,12.34782300826754,2.5913533010070546,81.70857642168494,0.0,0,-2.08319091796875,-1.94354248046875,-0.024036407470703125,297.282958984375,7416.7265625,0.016957689076662064,-3.1410675048828125,-2.0536956787109375,0.0014209747314453125,291.9384765625,14624.375,0.013399079442024231,-5.3979644775390625,2.8630828857421875,0.13556575775146484,282.86279296875,30738.0546875,0.007876715622842312,-2.3416906581923866,-3.4043946509685523,-4.928661952461153,3.7528617095473575,14.420166015625,11.870833333333334,0,0,0,0,0,1,0,0,0
Hudson,2009,2009-10-29 15:00:00,7.47933,-68.0575,daylight,13.59565079585771,2.6807235936413667,332.20722349647195,7.777777778,1,-7.3795623779296875,-3.0179290771484375,-0.02514934539794922,295.037109375,7646.90234375,0.015530706383287907,-6.7115631103515625,-3.101959228515625,-0.03762340545654297,291.740966796875,14823.8359375,0.013178065419197083,-5.0999908447265625,-1.231964111328125,-0.0151519775390625,283.24853515625,30947.6796875,0.007821939885616302,0.7711262135614101,0.38531836526506247,1.2881543685048238,7.393729129445113,11.78857421875,11.865,0,0,0,0,0,1,0,0,0
Hudson,2009,2009-10-29 20:00:00,7.21183,-68.0925,daylight,32.58053344300469,3.5139465372589145,179.70899866511877,10.27777778,1,-3.2363128662109375,-3.1716766357421875,-0.011091232299804688,297.728271484375,7190.71875,0.016432739794254303,-7.33319091796875,-2.785552978515625,0.008732795715332031,292.392822265625,14404.609375,0.01268172450363636,-4.9310302734375,-1.71044921875,-0.03889274597167969,283.4501953125,30551.7890625,0.007966653443872929,3.155198787828658,2.748272437517551,1.6853829008895658,7.844424417093751,14.278076171875,11.873888888888889,0,0,0,0,0,1,0,0,0
Hudson,2009,2009-10-29 21:00:00,6.96,-68.1255,daylight,28.237989538662173,3.3754688752899953,187.41120344050708,0.0,0,-2.2837371826171875,-3.355560302734375,-0.031520843505859375,297.610595703125,7181.98828125,0.017028378322720528,-7.1624755859375,-2.4827423095703125,0.06560993194580078,292.6259765625,14397.8046875,0.012502915225923061,-5.0944671630859375,-1.3894805908203125,0.20254039764404297,283.554931640625,30546.66796875,0.007678404450416565,3.622105937721431,3.385885540938916,2.03500559775665,7.58057160739751,14.0556640625,11.881944444444445,0,0,0,0,0,1,0,0,0
Hudson,2009,2009-10-30 15:00:00,7.2155,-67.96733,daylight,24.709962407308332,3.246878559095023,14.303527154927451,7.5,1,-4.569122314453125,-2.47412109375,0.1647195816040039,294.155517578125,7577.72265625,0.015598200261592865,-3.7052764892578125,-1.510589599609375,0.18523502349853516,290.856201171875,14737.890625,0.013589927926659584,-2.6251220703125,1.286407470703125,0.08785438537597656,283.454833984375,30845.484375,0.008203196339309216,-3.5262658974401364,-2.3791827779272845,0.5979703584599989,4.001369115727105,10.70068359375,11.868055555555555,0,0,0,0,0,1,0,0,0
Hudson,2009,2009-10-30 16:00:00,7.37767,-68.01333,daylight,18.732624698110193,2.9822733420083103,344.28865273989993,16.11111111,1,-2.8237152099609375,-2.4339447021484375,0.05973625183105469,294.2685546875,7530.89453125,0.016479047015309334,-3.0653076171875,-1.7646484375,0.1435556411743164,290.934814453125,14694.20703125,0.013972313143312931,-2.116119384765625,1.1765899658203125,0.043196678161621094,283.597412109375,30811.4609375,0.008158133365213871,-1.5783710462607856,-0.8686598642310404,1.7056566651115272,3.5369612516903404,10.671142578125,11.862777777777778,0,0,0,0,0,1,0,0,0
Hudson,2009,2009-10-30 17:00:00,7.50533,-68.03717,daylight,14.43646247268244,2.7367324038823293,349.51072862707974,0.0,0,-1.8429412841796875,-2.39056396484375,0.034508705139160156,294.779541015625,7431.7890625,0.01687004044651985,-2.658905029296875,-1.6639404296875,0.078857421875,291.178466796875,14601.38671875,0.01387010794132948,-1.374542236328125,0.8393402099609375,-0.057976722717285156,283.669677734375,30727.05078125,0.008201787248253822,-2.01510522811512,-1.1520769401188586,1.0755513567898976,3.1366341368366246,11.10986328125,11.858333333333333,0,0,0,0,0,1,0,0,0
Hudson,2009,2009-10-31 21:00:00,7.14883,-68.05583,daylight,33.8739572601399,3.551740340343708,178.28845489319338,17.5,1,-2.9140167236328125,-3.423370361328125,0.08897209167480469,296.93798828125,7120.76953125,0.01598493941128254,-4.44622802734375,-6.1296844482421875,-0.034763336181640625,292.157958984375,14323.171875,0.012779612094163895,-2.0404205322265625,-6.6065673828125,-0.07644176483154297,283.125,30464.3515625,0.009244571439921856,3.334808220048408,5.994151359129074,6.542677366203571,7.572448422152457,13.81298828125,11.864722222222222,0,0,0,0,0,1,0,0,0
Hudson,2009,2009-10-31 22:00:00,6.91067,-68.08467,daylight,26.672757045119763,3.3204484290634744,186.85497864062663,0.0,0,-1.969635009765625,-3.2469940185546875,-0.0043697357177734375,296.917236328125,7181.12890625,0.015892010182142258,-3.9764556884765625,-5.5460662841796875,-0.07148933410644531,292.142333984375,14384.35546875,0.012608508579432964,-1.862640380859375,-6.01751708984375,-0.01861572265625,283.159423828125,30523.0,0.009374628774821758,3.4588718504927822,5.981036587418702,6.196819130670526,6.824298577211602,13.7578125,11.873055555555556,0,0,0,0,0,1,0,0,0
Hudson,2009,2009-11-01 17:00:00,6.57417,-68.07883,daylight,38.40644286149159,3.6739293273385702,191.47367154705856,19.16666667,1,-3.320831298828125,-4.2158355712890625,0.08529376983642578,296.29931640625,7417.5390625,0.016034122556447983,-4.06414794921875,-5.668121337890625,0.18896865844726562,291.79150390625,14608.1328125,0.012195900082588196,-2.5025634765625,-1.7092742919921875,0.026038169860839844,282.76220703125,30714.84375,0.008108185604214668,4.792159075806495,6.363281454065999,2.1729204919748644,6.9745894541678926,13.537109375,11.879444444444445,0,0,0,0,0,1,0,0,0
Hudson,2009,2009-11-01 18:00:00,6.19333,-68.2635,daylight,47.00802640322321,3.871368213662548,205.73951921486295,7.5,1,-2.533203125,-4.44342041015625,0.14834308624267578,296.790283203125,7285.36328125,0.016154829412698746,-3.94488525390625,-5.6370086669921875,0.2477703094482422,292.13134765625,14480.59765625,0.012131850235164165,-1.9043731689453125,-2.1566925048828125,0.19029521942138672,282.955810546875,30597.97265625,0.007995902560651302,5.102654690098017,6.790878376186944,2.7697326170984686,6.880260633016166,13.83447265625,11.892777777777777,0,0,0,0,0,1,0,0,0
Bea,2009,2009-09-14 14:00:00,40.926,-70.30083,daylight,49.15054408709491,3.9150293635434075,164.72048264166915,14.16666667,1,4.2496337890625,-4.52978515625,0.04372692108154297,285.8662109375,7568.54296875,0.00616062805056572,5.1571502685546875,-8.430419921875,0.2074127197265625,283.534423828125,14492.66015625,0.0038404350634664297,10.510482788085938,-13.52642822265625,0.2924957275390625,277.861083984375,30203.25390625,0.0034691744949668646,5.489563302588566,9.491473413104913,15.818100583386434,9.882721232110141,8.005126953125,12.504166666666666,0,1,0,0,0,0,0,0,0
Bea,2009,2009-09-14 15:00:00,40.52917,-70.45083,daylight,45.90013439697583,3.8480205410552886,196.03347986976078,16.38888889,1,3.721893310546875,-4.562896728515625,0.0837717056274414,286.493408203125,7635.3515625,0.005935318768024445,4.960479736328125,-7.3968505859375,0.13793563842773438,284.6572265625,14585.4609375,0.0038997912779450417,9.077728271484375,-12.01275634765625,0.1585226058959961,277.971923828125,30329.5625,0.003477475605905056,3.3574189442763815,5.739036981351021,9.038206211940569,8.906164034263341,8.521484375,12.498055555555556,0,1,0,0,0,0,0,0,0
Bea,2009,2009-09-14 16:00:00,40.08717,-70.674,daylight,52.6653451716448,3.9827674518823324,201.13055485870163,14.72222222,1,4.203277587890625,-4.7073822021484375,0.08079242706298828,287.325927734375,7674.84765625,0.00577029213309288,4.35235595703125,-5.5868072509765625,0.10647773742675781,285.4208984375,14643.24609375,0.0038241359870880842,7.8897552490234375,-10.326416015625,0.08799076080322266,278.24072265625,30417.91796875,0.0034050552640110254,2.875606967983108,3.6421588270006082,6.787870809466044,7.0820489716091135,9.085205078125,12.491666666666667,0,1,0,0,0,0,0,0,0
Bea,2009,2009-09-14 17:00:00,39.758,-70.71383,daylight,36.75929137823582,3.6312315746349952,185.31450289610152,12.5,1,4.9092254638671875,-4.316925048828125,0.07223320007324219,287.498291015625,7681.8046875,0.006289321929216385,4.1564178466796875,-4.49542236328125,0.09170246124267578,285.76025390625,14655.67578125,0.003796653589233756,7.4716796875,-8.761444091796875,0.027823448181152344,278.324462890625,30444.44140625,0.0033931839279830456,3.843662466870311,4.0911194903364985,8.031734551622211,6.122469398901606,9.173828125,12.486666666666666,0,1,0,0,0,0,0,0,0
Bea,2009,2009-09-14 18:00:00,39.50767,-70.70617,daylight,27.84315431237298,3.3618726792644433,178.64756071994725,16.38888889,1,5.4200286865234375,-3.7425537109375,0.12355327606201172,287.609619140625,7680.63671875,0.0072037093341350555,3.980804443359375,-3.453033447265625,0.14381694793701172,286.197509765625,14660.11328125,0.0037621548399329185,7.1629638671875,-7.0975799560546875,0.014811515808105469,278.40576171875,30463.12109375,0.003380541456863284,3.8694364203700085,3.5460277689905353,7.264665368521283,5.269748001964123,9.203857421875,12.483055555555556,0,1,0,0,0,0,0,0,0
Bea,2009,2009-09-14 19:00:00,39.19917,-70.77217,daylight,34.7698457491792,3.5771052409658273,189.4141789539378,16.11111111,1,5.4008331298828125,-3.2512664794921875,0.11845588684082031,287.765380859375,7668.37890625,0.008005831390619278,3.779510498046875,-2.647216796875,0.1339426040649414,286.760498046875,14655.80859375,0.0037507126107811928,7.11212158203125,-5.7452392578125,0.018796920776367188,278.50927734375,30474.42578125,0.003338895970955491,2.3240626550693566,1.9933483978130047,4.504530263217492,4.6143749711638815,9.256103515625,12.47861111111111,0,1,0,0,0,0,0,0,0
Bea,2009,2009-09-14 20:00:00,38.90283,-70.774,daylight,32.951883475315185,3.5249443303838355,180.27534681407317,18.05555556,1,4.5982513427734375,-2.5650787353515625,0.12001800537109375,287.8837890625,7673.3125,0.00862763449549675,3.5394744873046875,-1.6497650146484375,0.09004688262939453,287.240966796875,14670.03515625,0.0037688238080590963,6.9774169921875,-4.6150360107421875,0.025671005249023438,278.700927734375,30502.67578125,0.0032489560544490814,2.5429513449130656,1.6327363470376206,4.58145141608545,3.905074167008706,9.182861328125,12.474444444444444,0,1,0,0,0,0,0,0,0
Bea,2009,2009-09-14 21:00:00,38.494,-70.7945,daylight,45.49461839382858,3.8393365724296245,182.24748624520313,14.72222222,1,2.8683929443359375,-1.975860595703125,0.011959075927734375,288.207763671875,7708.65625,0.009706024080514908,3.507537841796875,-0.482635498046875,0.04078388214111328,287.343994140625,14710.1484375,0.003584468737244606,6.2030487060546875,-3.8993988037109375,0.027204513549804688,279.0888671875,30561.75390625,0.003087308956310153,1.8618538506507019,0.344712713730306,3.6531406106261115,3.5405873433107162,9.118896484375,12.46861111111111,0,1,0,0,0,0,0,0,0
Bea,2009,2009-09-14 22:00:00,38.17783,-70.73433,daylight,35.54604109609506,3.598572865585001,171.4911328822824,20.83333333,1,3.2856597900390625,-1.5602264404296875,-0.01998615264892578,288.604736328125,7723.74609375,0.009844191372394562,4.9697265625,-0.575408935546875,0.050637245178222656,287.564208984375,14729.8125,0.0035833215806633234,6.252410888671875,-3.2267303466796875,0.02122783660888672,279.246337890625,30593.41796875,0.002823761198669672,2.02920732891238,1.3044084125177362,4.11633580744183,5.0029268982391955,9.3583984375,12.464444444444444,0,1,0,0,0,0,0,0,0
Bea,2009,2009-09-15 14:00:00,32.19633,-72.89433,daylight,35.59567076461931,3.599929948291393,214.97268065473583,14.72222222,1,-5.6961517333984375,-2.71697998046875,0.08532047271728516,291.715087890625,7967.72265625,0.012714043259620667,-3.3380889892578125,-2.554534912109375,0.06148052215576172,287.04931640625,15030.37109375,0.007359074894338846,-0.713653564453125,2.7072601318359375,0.18080425262451172,283.70068359375,31034.7890625,0.0004968740395270288,5.491315741623097,4.006596065065537,-1.8093417420501634,4.2033899078469865,8.014404296875,12.355555555555556,0,1,0,0,0,0,0,0,0
Bea,2009,2009-09-15 15:00:00,31.91133,-73.11183,daylight,37.741930603952966,3.6569224916352474,212.95314285694934,17.5,1,-6.2927703857421875,-2.87774658203125,0.03897380828857422,292.0810546875,7992.41796875,0.012448602356016636,-4.10125732421875,-1.9941558837890625,-0.0950775146484375,287.178955078125,15059.24609375,0.008224496617913246,-0.4862060546875,2.468231201171875,-0.013300895690917969,284.031982421875,31067.08984375,0.000869526993483305,5.8377335309543605,3.9042186467292694,-1.8066583191523358,4.5603694289288095,8.049072265625,12.352777777777778,0,1,0,0,0,0,0,0,0
Bea,2009,2009-09-15 16:00:00,31.6175,-73.33767,daylight,39.030071917158644,3.6896309695843983,213.22354060294043,19.16666667,1,-6.7418670654296875,-3.47174072265625,0.11267280578613281,292.70166015625,7959.93359375,0.01247428823262453,-3.8999481201171875,-0.2262725830078125,0.13285160064697266,287.624755859375,15042.16796875,0.010291224345564842,-0.2116851806640625,1.4661865234375,-0.05559539794921875,283.568603515625,31046.4140625,0.0016885754885151982,6.598163414793293,2.3260946635062547,-1.110538818492692,3.906506703107856,9.133056640625,12.349722222222223,0,1,0,0,0,0,0,0,0
Bea,2009,2009-09-15 17:00:00,31.2505,-73.4955,daylight,43.46912388545474,3.794795103079483,200.1913228876132,15.55555556,1,-6.847320556640625,-4.2364654541015625,0.0811014175415039,292.863525390625,7904.61328125,0.01281739305704832,-3.7215118408203125,0.786865234375,0.1589336395263672,287.931884765625,14994.5546875,0.01089975330978632,-0.6873931884765625,1.08563232421875,0.009799957275390625,283.3203125,31006.72265625,0.0019009072566404939,6.339508987574266,0.5459937138489519,-0.7816571927400633,3.8037885428127858,9.543212890625,12.345833333333333,0,1,0,0,0,0,0,0,0
Bea,2009,2009-09-15 18:00:00,30.92083,-73.69817,daylight,41.427717940814055,3.74780187367199,207.81844627121967,22.5,1,-6.2985076904296875,-4.748382568359375,0.14026260375976562,293.10009765625,7852.5625,0.013032831251621246,-3.4267120361328125,0.867034912109375,0.11565780639648438,288.388916015625,14952.33984375,0.011891653761267662,-1.0795440673828125,0.993194580078125,0.02586650848388672,283.066162109375,30968.90625,0.0020613926462829113,7.138949120405686,0.832316160716959,-0.3746195071159827,3.5347001170387844,10.033935546875,12.3425,0,1,0,0,0,0,0,0,0
Bea,2009,2009-09-15 19:00:00,30.47133,-73.84967,daylight,52.03888110773308,3.971025250401198,196.20122439768733,1.666666667,1,-6.5766754150390625,-7.36285400390625,0.02664947509765625,293.2109375,7757.23828125,0.014009005390107632,-4.152374267578125,-1.6420135498046875,0.12510967254638672,289.819580078125,14884.6953125,0.012450754642486572,-2.1045074462890625,1.448760986328125,0.18355274200439453,283.22802734375,30941.90625,0.002714405534788966,8.905427219063357,2.7353661549398534,-0.804045342319741,4.465245856141312,9.98291015625,12.338055555555556,0,1,0,0,0,0,0,0,0
Bea,2009,2009-09-15 20:00:00,30.07933,-74.0485,daylight,47.58685719654491,3.8833530662795566,203.70557811432926,4.166666667,1,-7.0214080810546875,-8.592758178710938,-0.061835289001464844,293.19384765625,7714.62890625,0.014888455159962177,-4.5177764892578125,-4.2672271728515625,-0.11462974548339844,290.29345703125,14852.5,0.013159532099962234,-1.2052154541015625,1.187164306640625,-0.04684638977050781,283.109619140625,30929.41015625,0.004394068382680416,10.69059622885023,5.72348624179185,-0.6024543766102526,6.214461533521097,10.084228515625,12.33388888888889,0,1,0,0,0,0,0,0,0
Bea,2009,2009-09-15 21:00:00,29.57767,-74.12833,daylight,56.31107027386661,4.048493803557067,187.87986107683676,21.94444444,1,-6.6067657470703125,-9.405685424804688,0.017717361450195312,293.5791015625,7660.73046875,0.015030806884169579,-4.606109619140625,-6.15264892578125,-0.09349441528320312,290.423583984375,14806.37890625,0.013560865074396133,-0.3234100341796875,-0.1219482421875,-0.06455326080322266,282.900634765625,30879.796875,0.005230666603893042,10.222637925336267,6.726034813660115,0.1651351176954041,7.6857878338825465,10.678466796875,12.329166666666667,0,1,0,0,0,0,0,0,0
Bea,2009,2009-09-15 22:00:00,29.1065,-74.192,daylight,52.75394586787409,3.984417075808612,186.7338502065953,10.83333333,1,-5.133056640625,-9.520721435546875,-0.0834665298461914,294.232421875,7643.07421875,0.015625813975930214,-4.6005859375,-7.363250732421875,-0.0905141830444336,290.628662109375,14804.0,0.014005998149514198,-0.6744384765625,-1.5290679931640625,-0.11431407928466797,282.59423828125,30879.859375,0.00681672478094697,10.056932474061426,7.851908807704822,1.5976027459702804,8.682329889887509,11.63818359375,12.324444444444444,0,1,0,0,0,0,0,0,0
Bea,2009,2009-09-16 16:00:00,24.3605,-75.50133,daylight,29.953992551522422,3.432501990860004,150.41411283032477,12.77777778,1,0.3642120361328125,-1.2054595947265625,-0.2909965515136719,294.73876953125,7890.7734375,0.01532548014074564,1.28118896484375,-0.3594818115234375,-0.3952178955078125,291.0263671875,15060.1171875,0.012398176826536655,1.422454833984375,-3.0798187255859375,-0.20680999755859375,283.305419921875,31160.140625,0.006445368751883507,1.228109200573452,0.9451697967759487,3.380566719469539,1.3306661250868197,11.433349609375,12.2575,0,1,0,0,0,0,0,0,0
Bea,2009,2009-09-16 17:00:00,24.17467,-75.3425,daylight,26.195407576636363,3.3030481199527757,142.0422994192711,11.94444444,1,-0.1107177734375,-0.1531829833984375,0.03557777404785156,294.45263671875,7904.8046875,0.016018260270357132,0.524871826171875,-0.7216339111328125,-0.029296875,290.8623046875,15070.828125,0.012615258805453777,1.404144287109375,-2.447845458984375,-0.04607200622558594,283.111083984375,31152.94921875,0.006330667994916439,0.05267919214767815,0.8918210501042323,2.793701048496928,0.8923261374664753,11.341552734375,12.25611111111111,0,1,0,0,0,0,0,0,0
Bea,2009,2009-09-16 18:00:00,23.91217,-75.15067,daylight,35.09188927052635,3.5860681661492246,146.24267153846404,12.22222222,1,0.3797149658203125,-0.26654052734375,0.04288673400878906,294.6279296875,7838.375,0.015793045982718468,0.1417388916015625,-0.7276611328125,-0.021643638610839844,290.943115234375,15007.21875,0.012831908650696278,0.2061614990234375,-2.4274749755859375,-0.06297969818115234,283.09326171875,31091.875,0.0064551252871751785,0.43260011949469734,0.6837373892580065,2.1327582787194057,0.741337060720972,11.53466796875,12.25388888888889,0,1,0,0,0,0,0,0,0
Bea,2009,2009-09-16 19:00:00,23.65183,-74.9145,daylight,37.62315856137072,3.653852059294912,140.25524552496302,10.27777778,1,0.83856201171875,0.52783203125,0.07001686096191406,294.498291015625,7768.359375,0.016140665858983994,-0.061676025390625,0.021087646484375,0.13401508331298828,291.08642578125,14938.2109375,0.012797760777175426,-0.0493316650390625,-2.1021270751953125,0.09897232055664062,283.134765625,31026.58984375,0.0067724501714110374,0.13029998385744357,-0.055648013853753064,1.5847851689654238,0.06518144630364528,11.363525390625,12.251944444444444,0,1,0,0,0,0,0,0,0
Bea,2009,2009-09-16 20:00:00,23.66,-74.801,daylight,11.595774096269366,2.53336136851693,85.48382991484476,0.0,0,0.1669464111328125,1.0991973876953125,0.09440422058105469,294.364990234375,7752.80078125,0.01619667559862137,-0.275360107421875,1.0294189453125,0.11142444610595703,291.154052734375,14923.17578125,0.012955613434314728,-0.5412445068359375,-1.6724700927734375,0.0041351318359375,283.13623046875,31018.84765625,0.007062607444822788,0.25297935793619486,-0.193448251282483,-0.6712550618842121,1.0656108828872228,11.228759765625,12.252222222222223,0,1,0,0,0,0,0,0,0
Bea,2009,2009-09-17 14:00:00,23.49767,-74.57717,daylight,30.227412406063053,3.4412963118283924,126.96882646252305,9.444444444,1,-1.2167510986328125,6.25531005859375,0.09731483459472656,295.5048828125,7990.4375,0.013547666370868683,-1.6624908447265625,5.6428680419921875,0.17903900146484375,291.181396484375,15164.12109375,0.011459373869001865,-3.224212646484375,1.410125732421875,0.19648456573486328,282.850341796875,31247.359375,0.007360390387475491,-4.733959837517464,-4.721778693403021,-3.424048047317545,5.882672483500707,12.654541015625,12.228333333333333,0,1,0,0,0,0,0,0,0
Bea,2009,2009-09-17 15:00:00,23.303,-74.3725,daylight,30.079995133008627,3.4365643689038303,135.98281717144351,9.166666667,1,-2.396087646484375,5.0254364013671875,0.016564369201660156,295.54296875,8008.01171875,0.013886500149965286,-2.614532470703125,4.918853759765625,0.06642627716064453,291.62890625,15184.5859375,0.0102050406858325,-4.1503448486328125,0.3624420166015625,0.10136222839355469,283.357177734375,31276.37109375,0.004719881806522608,-5.278928494234,-5.354073208902323,-3.1446104545636895,5.5705387845630705,12.185791015625,12.227222222222222,0,1,0,0,0,0,0,0,0
Bea,2009,2009-09-17 16:00:00,23.07817,-74.17233,daylight,32.30458268568125,3.5056950057065097,140.66434795810852,9.722222222,1,-3.294403076171875,4.454010009765625,-0.007794380187988281,295.49072265625,8017.6875,0.014220264740288258,-3.260009765625,4.263336181640625,-0.03433513641357422,291.73974609375,15194.015625,0.009337363764643669,-4.152191162109375,-0.521820068359375,-0.04491996765136719,283.484375,31276.13671875,0.0030740872025489807,-5.533133773071187,-5.363857252704275,-2.2283176955010524,5.366907775400694,12.00634765625,12.225833333333334,0,1,0,0,0,0,0,0,0
Bea,2009,2009-09-17 17:00:00,22.81933,-74.26433,daylight,30.284109677565365,3.443110290600927,198.14127245795987,6.666666667,1,-3.6722412109375,4.2084808349609375,0.0019044876098632812,295.709228515625,7989.7421875,0.014018573798239231,-3.7933807373046875,4.2372894287109375,-0.08122920989990234,291.562255859375,15168.77734375,0.009078584611415863,-4.107818603515625,-0.85894775390625,-0.12682342529296875,283.168212890625,31232.33203125,0.0022112568840384483,-2.8558915183452243,-2.845549956284896,2.0952656025285146,5.687210135103126,12.541015625,12.224166666666667,0,1,0,0,0,0,0,0,0
Bea,2009,2009-09-17 18:00:00,22.68883,-74.15867,daylight,18.10947969452018,2.9501845310118315,143.23297132758955,12.22222222,1,-3.7346649169921875,3.932342529296875,0.006221771240234375,295.790283203125,7958.69140625,0.013891272246837616,-3.939300537109375,4.311126708984375,-0.052947998046875,291.674560546875,15139.2890625,0.008826592937111855,-4.240234375,-0.6312103271484375,-0.01611328125,283.107421875,31193.0703125,0.0017050995957106352,-5.385536193670793,-5.811458342520357,-2.0323987732494198,5.839854640535898,12.682861328125,12.223333333333333,0,1,0,0,0,0,0,0,0
Bea,2009,2009-09-17 19:00:00,22.57667,-74.357,daylight,23.87186878914786,3.2137373972981766,238.54212320652294,0.0,0,-4.3366546630859375,3.4742279052734375,-0.06270790100097656,295.7509765625,7897.78515625,0.014154035598039627,-4.071929931640625,3.840240478515625,-0.09286308288574219,291.71337890625,15078.734375,0.009264330379664898,-4.13018798828125,-0.417266845703125,0.046146392822265625,283.083984375,31127.6171875,0.0013019377365708351,1.8861700270357464,1.469341902436049,3.7409094678977324,5.597147514673947,12.6669921875,12.2225,0,1,0,0,0,0,0,0,0
Bea,2009,2009-09-18 14:00:00,22.4675,-74.23867,daylight,16.687746754109465,2.872872126068518,148.0252422586234,10.27777778,1,-5.747283935546875,2.90264892578125,0.03984546661376953,295.738037109375,8017.24609375,0.012547124177217484,-5.7875213623046875,2.5439453125,0.12613487243652344,291.588623046875,15191.09375,0.009263147599995136,-4.148712158203125,0.15020751953125,0.14243507385253906,282.750732421875,31261.13671875,0.00437391921877861,-5.505712211988808,-5.222738133844928,-2.32435050999131,6.321950748947972,12.9873046875,12.200555555555555,0,1,0,0,0,0,0,0,0
Bea,2009,2009-09-18 15:00:00,22.3335,-74.09417,daylight,21.04023988786263,3.0928698684297746,135.0588565732868,5.833333333,1,-6.038238525390625,2.8433380126953125,0.09380626678466797,295.552734375,8020.625,0.013001114130020142,-5.8826904296875,2.323822021484375,0.08511924743652344,291.390380859375,15192.37109375,0.009583625942468643,-4.4512481689453125,-0.6020660400390625,0.009857177734375,283.19970703125,31268.2578125,0.0035299835726618767,-6.277899007680527,-5.800292490964325,-2.718110778828863,6.325045096999122,12.35302734375,12.199722222222222,0,1,0,0,0,0,0,0,0
Bea,2009,2009-09-18 16:00:00,22.47017,-73.91,daylight,24.277958291546067,3.2299328022333076,51.21232616066533,12.5,1,-5.8692474365234375,2.8156280517578125,0.05644035339355469,295.6767578125,8059.453125,0.012959711253643036,-5.68023681640625,2.3966064453125,0.049854278564453125,291.44775390625,15233.25390625,0.009660953655838966,-4.6880950927734375,-1.013031005859375,0.10286140441894531,283.259033203125,31311.7265625,0.003185482695698738,-2.811107278842524,-2.926268927250436,-4.288841601021327,6.165128769471926,12.417724609375,12.200555555555555,0,1,0,0,0,0,0,0,0
Bea,2009,2009-09-18 17:00:00,22.47,-73.7965,daylight,11.662471475648827,2.538642616908796,90.07117806039628,11.38888889,1,-6.119415283203125,2.3166656494140625,0.044223785400390625,295.669677734375,8019.6796875,0.01335073634982109,-6.1183013916015625,2.185394287109375,0.020847320556640625,291.421630859375,15193.0625,0.009851709008216858,-4.658172607421875,-1.2721710205078125,0.09178733825683594,283.567138671875,31272.25390625,0.002317178761586547,-6.122288534518483,-6.1210115665196145,-4.656588606120549,6.496888494395137,12.1025390625,12.200555555555555,0,1,0,0,0,0,0,0,0
Bea,2009,2009-09-18 18:00:00,22.1005,-73.93517,daylight,43.493313598070394,3.79533892165946,199.17637452549297,13.05555556,1,-6.4571075439453125,2.0805816650390625,-0.024971961975097656,295.761962890625,7966.9453125,0.013564560562372208,-6.1952362060546875,2.425628662109375,-0.07720279693603516,291.467041015625,15143.56640625,0.009753204882144928,-4.3695526123046875,-1.2765045166015625,-0.10439395904541016,283.643798828125,31222.671875,0.002450840314850211,0.15587855416412943,-0.25604120619551685,2.6409721624434725,6.653166618630364,12.1181640625,12.198611111111111,0,1,0,0,0,0,0,0,0
Bea,2009,2009-09-18 19:00:00,21.73517,-74.07217,daylight,43.010988213249746,3.7844393348596985,199.20830267683993,13.33333333,1,-6.789337158203125,1.702789306640625,0.0060405731201171875,295.750244140625,7902.453125,0.01369074359536171,-6.2222747802734375,2.20501708984375,0.008435249328613281,291.484375,15080.08984375,0.009909369051456451,-4.12420654296875,-1.840362548828125,0.0766286849975586,283.708740234375,31152.7890625,0.002224176423624158,0.6257228130854362,-0.03511080132690925,3.094785535897709,6.60142437718784,12.04150390625,12.196666666666667,0,1,0,0,0,0,0,0,0
Bea,2009,2009-09-18 20:00:00,21.35,-74.15517,daylight,43.68079360879712,3.7995437361022786,191.34922526934582,11.94444444,1,-7.17498779296875,0.966278076171875,-0.001735687255859375,295.825927734375,7831.26953125,0.013713933527469635,-5.9663848876953125,1.2536468505859375,-0.017983436584472656,291.771728515625,15013.29296875,0.009775161743164062,-3.9144287109375,-1.89410400390625,-0.1497478485107422,283.85693359375,31095.26953125,0.002848341828212142,0.4645720890528944,-0.05501668765628853,2.627381390713479,6.096669505074312,11.968994140625,12.194722222222222,0,1,0,0,0,0,0,0,0
Bea,2009,2009-09-18 21:00:00,20.949,-74.2125,daylight,44.98379045032481,3.8282889528734616,187.6052417139891,9.722222222,1,-6.9779052734375,0.823272705078125,0.105316162109375,295.843994140625,7834.8125,0.013895396143198013,-5.468963623046875,1.240875244140625,0.10268688201904297,291.78857421875,15018.99609375,0.010074160993099213,-3.7451019287109375,-1.3131103515625,-0.045668601989746094,283.663330078125,31094.65234375,0.0029465940315276384,0.10747459167624063,-0.5061584882537846,1.7972127648087401,5.607970620619464,12.1806640625,12.192777777777778,0,1,0,0,0,0,0,0,0
Bea,2009,2009-09-18 22:00:00,20.59517,-74.27183,daylight,39.82470168901935,3.7092873317635577,188.92083501698121,11.11111111,1,-5.030120849609375,0.1653594970703125,0.0023822784423828125,296.1181640625,7790.48046875,0.01374765858054161,-4.6623992919921875,-0.1036376953125,0.07047462463378906,291.7607421875,14976.55859375,0.010393356904387474,-4.028472900390625,-1.88934326171875,-0.013665199279785156,283.665283203125,31067.6328125,0.005101218353956938,0.6166597836243588,0.825380614047086,2.4911827316814685,4.663551000027654,12.452880859375,12.190833333333334,0,1,0,0,0,0,0,0,0
Bea,2009,2009-09-19 14:00:00,20.08017,-74.237,daylight,21.239364831609805,3.10186390924477,163.87011787701715,14.72222222,1,-6.561859130859375,-0.2889556884765625,-0.17905616760253906,295.766845703125,7942.4609375,0.013489877805113792,-6.146514892578125,0.1065826416015625,0.07085227966308594,291.452880859375,15120.1796875,0.010289998725056648,-2.733612060546875,-1.8809967041015625,0.12598037719726562,283.44580078125,31197.94140625,0.003853006288409233,-1.5454067266718035,-1.8099852990569745,1.047509773196383,6.147438912602178,12.321044921875,12.169444444444444,0,1,0,0,0,0,0,0,0
Bea,2009,2009-09-19 15:00:00,20.02833,-74.11333,daylight,14.145482494002527,2.7177023022749727,114.0269408553063,10.83333333,1,-6.38897705078125,-0.3597259521484375,-0.01082611083984375,296.1962890625,7964.8046875,0.012299031019210815,-6.0221405029296875,0.0333099365234375,0.042491912841796875,291.7216796875,15147.09375,0.009664654731750488,-2.34478759765625,-2.1974334716796875,0.039872169494628906,283.525634765625,31229.8046875,0.003049698891118169,-5.688930192837731,-5.513909436352285,-1.246900847307881,6.022232624940473,12.670654296875,12.169166666666667,0,1,0,0,0,0,0,0,0
Bea,2009,2009-09-19 16:00:00,19.74983,-73.9045,daylight,37.892002880140865,3.6607886480022485,144.77626799993175,11.11111111,1,-5.3865814208984375,-0.64306640625,-0.0228271484375,296.01611328125,7969.3203125,0.012907149270176888,-6.004119873046875,-0.2639007568359375,-0.042845726013183594,291.95556640625,15154.28125,0.009463864378631115,-2.118865966796875,-2.55859375,-0.08139514923095703,283.40380859375,31238.0546875,0.0033823710400611162,-2.581497644941626,-3.247418468610277,0.8680308935754992,6.009916726492556,12.6123046875,12.168055555555556,0,1,0,0,0,0,0,0,0
Bea,2009,2009-09-19 17:00:00,19.61167,-73.66017,daylight,29.839720857642117,3.428803497345544,120.94558373951122,5.833333333,1,-3.7686767578125,-0.4687042236328125,0.07470512390136719,295.66064453125,7965.65234375,0.014104635454714298,-5.0632476806640625,-0.0707550048828125,0.098480224609375,291.90576171875,15149.484375,0.009904935956001282,-2.184814453125,-2.8492889404296875,-0.005417823791503906,283.220947265625,31231.1640625,0.0032534857746213675,-2.99120964344746,-4.306141191869742,-0.4086473170565963,5.063742030007648,12.439697265625,12.1675,0,1,0,0,0,0,0,0,0
Bea,2009,2009-09-19 18:00:00,19.6345,-73.3475,daylight,32.846350142159665,3.5218311690886694,85.51489751677605,7.222222222,1,-3.429931640625,-1.6893157958984375,-0.19531917572021484,296.43603515625,7889.63671875,0.013792600482702255,-4.6826324462890625,0.0610809326171875,0.006890296936035156,291.7685546875,15073.90234375,0.011065049096941948,-3.3357391357421875,-1.461578369140625,0.15271759033203125,282.736572265625,31153.8125,0.003819973673671484,-3.551532460872939,-4.663516300234904,-3.4398193613460735,4.6830308035895385,13.699462890625,12.1675,0,1,0,0,0,0,0,0,0
Bea,2009,2009-09-19 19:00:00,19.6505,-72.95367,daylight,41.281921549322526,3.7443596081557358,87.46378710270722,19.72222222,1,-2.9037628173828125,-2.151611328125,-0.387969970703125,296.751708984375,7809.65234375,0.014576835557818413,-4.457763671875,-0.35626220703125,-0.08519649505615234,291.646484375,14998.66015625,0.011991902254521847,-3.2944488525390625,-0.85797119140625,0.24718093872070312,282.865478515625,31088.26953125,0.004507985431700945,-2.9961289924586354,-4.469161974964271,-3.3291877066801847,4.471977159428172,13.88623046875,12.167777777777777,0,1,0,0,0,0,0,0,0
Bea,2009,2009-09-19 20:00:00,19.4745,-72.67833,daylight,34.86069949946957,3.5796419743857792,124.10552422135709,8.333333333,1,-1.2043914794921875,-2.199462890625,-0.37061023712158203,296.24560546875,7760.44140625,0.015961764380335808,-3.37347412109375,-2.00482177734375,-0.3859539031982422,291.293701171875,14949.70703125,0.012525341473519802,-2.484771728515625,-1.19879150390625,-0.3118934631347656,282.768310546875,31037.09375,0.0059545403346419334,0.236036554751071,-1.669116423610283,-1.3852216167501243,3.9242372513140693,13.477294921875,12.166944444444445,0,1,0,0,0,0,0,0,0
Bea,2009,2009-09-19 21:00:00,19.203,-72.39667,daylight,42.245974519954935,3.7669041543630484,135.5645374146764,9.166666667,1,-2.3733367919921875,-2.483612060546875,0.16696739196777344,295.818115234375,7769.03125,0.014192037284374237,-3.2416534423828125,-2.2386932373046875,0.30064964294433594,290.982666015625,14944.77734375,0.012917612679302692,-2.5839691162109375,-1.623382568359375,0.42058277130126953,282.416015625,31020.73046875,0.006655137520283461,0.11181114407483661,-0.670983762954702,-0.6498915193274002,3.939551300753181,13.402099609375,12.165833333333333,0,1,0,0,0,0,0,0,0
Bea,2009,2009-09-19 22:00:00,18.96333,-72.197,daylight,33.91868953536034,3.553022202642948,141.75322268475588,8.333333333,1,-1.4775390625,-1.4587249755859375,0.16275978088378906,295.728271484375,7732.53515625,0.014999491162598133,-3.201568603515625,-2.241180419921875,0.07985782623291016,290.9306640625,14914.73046875,0.013762575574219227,-1.1183013916015625,-1.1109619140625,0.1046152114868164,282.898681640625,30996.87890625,0.00739578902721405,0.23094198730726945,-0.22181536199210106,0.18021165791099047,3.9080597740641303,12.82958984375,12.165,0,1,0,0,0,0,0,0,0
Bea,2009,2009-09-20 14:00:00,18.64867,-71.89117,daylight,20.925991475053177,3.0876727584468897,132.89899547686832,12.5,1,-1.03057861328125,0.2695770263671875,0.1341724395751953,296.25830078125,7925.359375,0.014013213105499744,-1.753753662109375,1.4020538330078125,0.1629343032836914,290.89208984375,15099.09375,0.012202762067317963,-3.973480224609375,0.9154815673828125,0.16176700592041016,282.487548828125,31160.96875,0.006696388591080904,-0.9384585895895976,-2.239110018126557,-3.533967793630212,2.2453077423849814,13.770751953125,12.14638888888889,0,1,0,0,0,0,0,0,0
Bea,2009,2009-09-20 15:00:00,18.43383,-71.76133,daylight,27.532809458046138,3.3510546341958323,150.16715832203022,17.5,1,-2.220001220703125,0.609832763671875,-0.1941547393798828,297.650390625,7930.5625,0.012867985293269157,-3.4864501953125,1.2625732421875,-0.038718223571777344,290.790283203125,15120.83203125,0.012375842779874802,-3.696563720703125,1.194793701171875,-0.10289859771728516,282.287109375,31168.98828125,0.006873208098113537,-1.6334048444284521,-2.8296664375213556,-2.8753944550543347,3.7080218656694064,15.36328125,12.145833333333334,0,1,0,0,0,0,0,0,0
Bea,2009,2009-09-20 16:00:00,18.2445,-71.52467,daylight,32.66728187910366,3.5165265016429315,130.08738955708287,15.27777778,1,-3.9148712158203125,0.184539794921875,-0.08238410949707031,298.58740234375,7925.921875,0.012205720879137516,-4.6503448486328125,0.3132171630859375,-0.09302520751953125,290.88525390625,15132.546875,0.01211596466600895,-3.5603179931640625,1.350616455078125,0.03531837463378906,282.05029296875,31174.953125,0.007141305133700371,-3.113959075693468,-3.7595053179756137,-3.5936046689052707,4.660881054313373,16.537109375,12.145277777777778,0,1,0,0,0,0,0,0,0
Bea,2009,2009-09-20 17:00:00,18.092,-71.253,daylight,33.33718843782346,3.5362289778548823,120.53205740069507,5.833333333,1,-5.179901123046875,-0.8360595703125,-0.22949600219726562,297.056396484375,7865.7734375,0.013065911829471588,-5.7278289794921875,-0.0579986572265625,-0.2583189010620117,291.581298828125,15056.45703125,0.011055003851652145,-3.704254150390625,2.275177001953125,-0.1356496810913086,282.27001953125,31121.34765625,0.006612675730139017,-4.036946920458204,-4.904172663566611,-4.346477257126902,5.728122612387989,14.786376953125,12.144722222222223,0,1,0,0,0,0,0,0,0
Bea,2009,2009-09-20 18:00:00,18.24083,-70.98983,daylight,32.356855494260564,3.5072633132834437,59.198107432898496,14.72222222,1,-3.93194580078125,0.8358306884765625,-0.08816719055175781,295.919189453125,7829.52734375,0.012759498320519924,-5.272979736328125,0.7438201904296875,-0.11939525604248047,291.478759765625,15005.59765625,0.010092740878462791,-2.0003509521484375,1.3961334228515625,-0.1898021697998047,282.071044921875,31063.94921875,0.0067044938914477825,-2.949312399878813,-4.148300018237159,-1.0032676443505655,5.325183919398266,13.84814453125,12.145277777777778,0,1,0,0,0,0,0,0,0
Bea,2009,2009-09-20 19:00:00,18.43667,-70.846,daylight,26.54566332666822,3.315845112198282,34.85878241642348,15.27777778,1,-2.564544677734375,1.8556060791015625,-0.30614757537841797,296.091064453125,7802.640625,0.014446372166275978,-4.04522705078125,1.047149658203125,-0.1325836181640625,291.12744140625,14961.79296875,0.012674826197326183,-1.5957794189453125,0.740997314453125,0.16730308532714844,281.4912109375,31002.171875,0.007542293984442949,0.056861978770111676,-1.4528201373214076,-0.3040416901888626,4.178562468008261,14.599853515625,12.145833333333334,0,1,0,0,0,0,0,0,0
Bea,2009,2009-09-20 20:00:00,18.441,-70.56717,daylight,29.41670617561891,3.414992002718105,89.01808306162286,18.88888889,1,-2.668212890625,-1.0238800048828125,0.16898059844970703,296.05078125,7743.50390625,0.01411740854382515,-4.2938232421875,-0.939178466796875,0.4912405014038086,291.175048828125,14892.44921875,0.011913305148482323,-3.064910888671875,1.8870849609375,0.3535175323486328,282.062744140625,30951.87890625,0.00730268144980073,-2.685367145500714,-4.309287264762913,-3.032122135351,4.395335507972572,13.988037109375,12.145833333333334,0,1,0,0,0,0,0,0,0
Bea,2009,2009-09-20 21:00:00,18.33733,-70.29967,daylight,30.488977676346437,3.449637569560415,112.17318514301837,13.05555556,1,-6.9328460693359375,-1.26141357421875,-0.39927005767822266,294.75537109375,7720.484375,0.014995897188782692,-6.66064453125,-0.1486968994140625,-0.751704216003418,290.6171875,14883.51953125,0.011479026637971401,-1.00799560546875,1.5410919189453125,-0.7018880844116211,282.044189453125,30927.609375,0.006739642005413771,-5.9440766364568365,-6.111952674481471,-1.5150711668484587,6.662304131422243,12.711181640625,12.145555555555555,0,1,0,0,0,0,0,0,0
Bea,2009,2009-09-20 22:00:00,18.265,-70.18267,daylight,14.739450433340037,2.756170327089999,123.05139638200592,0.0,0,-8.775558471679688,-1.7429962158203125,-0.034516334533691406,294.281982421875,7764.4296875,0.015285205096006393,-8.835052490234375,-0.9081878662109375,-0.38237857818603516,290.239013671875,14919.50390625,0.012113559059798717,-2.620208740234375,0.453460693359375,-0.5382976531982422,281.597900390625,30951.390625,0.00821068324148655,-6.404897570529491,-6.9100614384321455,-2.443524378458119,8.881607833355929,12.68408203125,12.145277777777778,0,1,0,0,0,0,0,0,0
Bea,2009,2009-09-21 15:00:00,18.43933,-70.0295,daylight,20.152760803652857,3.0517704314250786,31.5029979406101,15.55555556,1,-4.9201812744140625,1.3355560302734375,-0.22822952270507812,293.71337890625,7999.9375,0.016379056498408318,-5.3672943115234375,4.8258514404296875,-0.3536415100097656,290.504150390625,15154.78515625,0.011934642679989338,-1.0482025146484375,4.4018707275390625,-0.483001708984375,281.783447265625,31196.68359375,0.0071990471333265305,-1.4322949583628068,1.3099398007989373,3.2053603592616327,7.217803706918687,11.929931640625,12.12861111111111,0,1,0,0,0,0,0,0,0
Bea,2009,2009-09-21 16:00:00,18.4935,-69.6945,daylight,35.842015146361454,3.606638909846641,80.27222291052294,6.666666667,1,-5.2913360595703125,1.7167510986328125,0.1825723648071289,294.14697265625,7969.6953125,0.01597915031015873,-6.1503753662109375,4.6631317138671875,0.0533905029296875,290.8876953125,15132.90234375,0.011917561292648315,-1.3867950439453125,4.50238037109375,-0.05216407775878906,281.815673828125,31184.78515625,0.007219799794256687,-4.925180801508518,-5.2740267845795294,-0.6061005045679214,7.718284428949755,12.331298828125,12.12861111111111,0,1,0,0,0,0,0,0,0
Bea,2009,2009-09-21 17:00:00,18.54733,-69.48233,daylight,23.15733827670123,3.1845881963310405,74.98665143507344,17.77777778,1,-4.86956787109375,0.758392333984375,-0.0856790542602539,295.060791015625,7883.1875,0.015801234170794487,-5.9164276123046875,3.2792816162109375,-0.04169750213623047,291.01416015625,15057.5390625,0.011921202763915062,-1.2960662841796875,4.928192138671875,-0.045395851135253906,282.106201171875,31117.73046875,0.006946076173335314,-4.506890571734481,-4.8649948456875896,0.024793267599112045,6.764451464092293,12.95458984375,12.12888888888889,0,1,0,0,0,0,0,0,0
Bea,2009,2009-09-21 18:00:00,18.524,-69.3475,daylight,14.449473941278725,2.7375749536558973,100.32120515839063,0.0,0,-2.871551513671875,1.191314697265625,-0.4355049133300781,295.377685546875,7807.30078125,0.016498710960149765,-5.4710845947265625,1.8711700439453125,-0.17386150360107422,290.937744140625,14984.39453125,0.012565890327095985,-0.462554931640625,5.1972198486328125,0.22783470153808594,282.247314453125,31041.8984375,0.00666665518656373,-3.0385298448634943,-5.717806543730219,-1.3862370867947786,5.782217911494915,13.13037109375,12.12888888888889,0,1,0,0,0,0,0,0,0
Bea,2009,2009-09-21 20:00:00,18.432,-69.19017,daylight,19.41849674329771,3.0164411931460426,121.57275888497054,9.166666667,1,-4.29107666015625,0.432891845703125,-0.07920265197753906,294.290283203125,7757.9140625,0.01665872521698475,-5.7093353271484375,1.7032318115234375,-0.0073394775390625,290.8408203125,14924.38671875,0.012553444132208824,-0.0829010009765625,4.64129638671875,-0.40528297424316406,282.1865234375,30991.9140625,0.006527941208332777,-3.8825480807323007,-5.755996114877571,-2.5007237793376036,5.957978556659176,12.103759765625,12.12861111111111,0,1,0,0,0,0,0,0,0
Bea,2009,2009-09-22 14:00:00,18.425,-68.95167,daylight,20.905117324203243,3.086720277298231,89.71573549988568,9.166666667,1,-5.465728759765625,-0.864471435546875,-0.014370918273925781,295.185302734375,7869.6875,0.014665413647890091,-5.575408935546875,-0.6841278076171875,-0.04738807678222656,291.28564453125,15045.4140625,0.010923195630311966,-1.9284210205078125,1.4520416259765625,-0.03962993621826172,282.99755859375,31135.81640625,0.004682169295847416,-5.469950419459013,-5.578734500900335,-1.9211932272007268,5.617224906991978,12.187744140625,12.11138888888889,0,1,0,0,0,0,0,0,0
Bea,2009,2009-09-22 15:00:00,18.33117,-68.75933,daylight,22.821052570648583,3.17056975147516,117.17519441267098,13.61111111,1,-6.0179290771484375,-1.3170013427734375,0.036891937255859375,295.406494140625,7879.87890625,0.013556956313550472,-5.9808349609375,-1.1341552734375,0.021539688110351562,291.3427734375,15052.05078125,0.010214327834546566,-2.500579833984375,1.5106353759765625,-0.09425067901611328,282.96533203125,31140.53125,0.004582268185913563,-4.7521436759591404,-4.802652368121526,-2.9144778364908897,6.087421047885415,12.441162109375,12.11138888888889,0,1,0,0,0,0,0,0,0
Bea,2009,2009-09-22 16:00:00,18.1235,-68.65483,daylight,25.59384195147783,3.280679683402559,154.43803157873947,9.444444444,1,-6.6340789794921875,-1.36932373046875,0.0948638916015625,295.851806640625,7853.98828125,0.012632186524569988,-6.5337371826171875,-1.0531463623046875,0.047234535217285156,291.42626953125,15029.12890625,0.009880359284579754,-2.417999267578125,1.8863525390625,-0.0681772232055664,283.1318359375,31123.36328125,0.004227989818900824,-1.6272259522840227,-1.8691594216834178,-2.7450500660596258,6.618069116589066,12.719970703125,12.11111111111111,0,1,0,0,0,0,0,0,0
Bea,2009,2009-09-22 17:00:00,17.8605,-68.55583,daylight,31.061994028821037,3.4676713420289587,160.28638271580303,11.38888889,1,-6.3592681884765625,-1.104522705078125,0.03262901306152344,295.83251953125,7770.4453125,0.013047823682427406,-6.517608642578125,-0.4875335693359375,0.01814556121826172,291.41259765625,14949.10546875,0.010160097852349281,-2.1536102294921875,1.8294525146484375,-0.15968894958496094,283.3388671875,31049.3203125,0.003970444202423096,-1.1053149436159233,-1.7395538385429534,-2.448682697652583,6.53581757694005,12.49365234375,12.110833333333334,0,1,0,0,0,0,0,0,0
Bea,2009,2009-09-22 18:00:00,17.54433,-68.68233,daylight,37.62368604184594,3.6538657163051873,200.88390423459464,15.55555556,1,-6.599578857421875,-0.6477203369140625,0.029356956481933594,295.769775390625,7717.7734375,0.013775857165455818,-6.7140350341796875,0.2354888916015625,-0.0042877197265625,291.376953125,14898.22265625,0.01088384073227644,-2.4280242919921875,1.677154541015625,-0.14587974548339844,283.29296875,30992.671875,0.0041193170472979546,2.957756593060248,2.1733709285686005,-0.7014420107267418,6.718163548043466,12.476806640625,12.110555555555555,0,1,0,0,0,0,0,0,0
Bea,2009,2009-09-22 19:00:00,17.227,-68.83317,daylight,38.7462136937796,3.6825145835768103,204.4228183432889,14.16666667,1,-6.7484588623046875,-0.3482666015625,-0.025023460388183594,295.8525390625,7675.796875,0.014061341062188148,-7.0878448486328125,0.780609130859375,-0.04285621643066406,291.415771484375,14857.5234375,0.01115025021135807,-2.7853240966796875,1.5060272216796875,-0.18750381469726562,283.13427734375,30940.59765625,0.004268581513315439,3.1073689722630107,2.2198310262433107,-0.21962667615750808,7.130700892161424,12.71826171875,12.110277777777778,0,1,0,0,0,0,0,0,0
Bea,2009,2009-09-22 20:00:00,16.89533,-68.89433,daylight,37.448684840726735,3.6493244909642435,190.00665890838658,13.33333333,1,-7.355560302734375,-0.7703094482421875,0.02909088134765625,295.966796875,7634.30859375,0.01374891959130764,-7.570098876953125,0.627655029296875,0.08666419982910156,291.563720703125,14818.2265625,0.011340342462062836,-2.8384857177734375,1.261932373046875,0.07716560363769531,283.140869140625,30905.75390625,0.00444090086966753,2.036712674512014,0.6972934277805399,-0.7495125632305148,7.59607450217865,12.825927734375,12.11,0,1,0,0,0,0,0,0,0
Bea,2009,2009-09-22 21:00:00,16.56833,-68.9715,daylight,37.277775278779,3.644869447831602,192.74617226052587,11.38888889,1,-8.019363403320312,-0.3959197998046875,0.0028867721557617188,295.71875,7622.484375,0.015416376292705536,-7.788238525390625,0.99456787109375,-0.021561622619628906,291.75537109375,14810.23046875,0.011737075634300709,-3.3877410888671875,1.75531005859375,0.13977718353271484,283.27490234375,30913.09375,0.00458482513204217,2.155493565964591,0.7482779883220445,-0.9646090382113868,7.851485501393395,12.44384765625,12.109722222222222,0,1,0,0,0,0,0,0,0
Bea,2009,2009-09-22 22:00:00,16.21883,-69.02867,daylight,39.33822846326379,3.69729961642205,188.92657035125646,11.38888889,1,-8.354446411132812,0.2408294677734375,-0.06638336181640625,295.966064453125,7616.640625,0.014444518834352493,-7.8043365478515625,0.7548675537109375,0.043951988220214844,291.8623046875,14803.8828125,0.01010317075997591,-4.777557373046875,1.8136444091796875,0.07313728332519531,283.4111328125,30895.4296875,0.005231599789112806,1.0584345927306393,0.46526279205778753,-1.050351036985321,7.840758507681332,12.554931640625,12.109444444444444,0,1,0,0,0,0,0,0,0
Bea,2009,2009-09-23 14:00:00,12.48717,-69.943,daylight,12.708782598943682,2.6180366930556205,109.75859551084068,11.38888889,1,-10.123260498046875,3.7657012939453125,0.28000640869140625,296.30029296875,7653.7890625,0.015020024962723255,-7.678680419921875,7.6030426025390625,0.1595144271850586,293.389404296875,14872.015625,0.00983680784702301,-6.7785186767578125,5.635040283203125,-0.07543373107910156,283.305908203125,31024.80078125,0.005483846180140972,-10.80028178542887,-9.796869180989406,-8.284405431278195,10.805942337774876,12.994384765625,12.095555555555556,0,1,0,0,0,0,0,0,0
Bea,2009,2009-09-23 15:00:00,12.41883,-69.8735,daylight,10.709403917422456,2.4603922725925917,135.19236007569282,6.111111111,1,-9.50372314453125,4.538116455078125,0.17704391479492188,296.597412109375,7685.65234375,0.014798132702708244,-7.355560302734375,7.3627166748046875,0.1635732650756836,293.0927734375,14902.25390625,0.010503701865673065,-6.55853271484375,5.250274658203125,-0.0030813217163085938,283.45458984375,31056.44140625,0.005481311120092869,-9.917235807387877,-10.407351793457838,-8.346934937492557,10.40739468842269,13.142822265625,12.095555555555556,0,1,0,0,0,0,0,0,0
Bea,2009,2009-09-23 16:00:00,12.36267,-69.74633,daylight,15.157433394985597,2.782380215911269,114.31623393418579,6.111111111,1,-9.678009033203125,4.3961181640625,0.2580833435058594,296.9384765625,7623.9140625,0.014707919210195541,-8.137222290039062,8.136627197265625,0.25641536712646484,293.4560546875,14845.3984375,0.00996379554271698,-7.0128631591796875,5.3475799560546875,0.09817218780517578,283.575927734375,31012.203125,0.0056690131314098835,-10.629641263289813,-10.765781920650802,-8.592715297797902,11.507349336176043,13.362548828125,12.095555555555556,0,1,0,0,0,0,0,0,0
Bea,2009,2009-09-23 17:00:00,12.13133,-69.7395,daylight,25.73453864955082,3.2859563118295387,178.34664929641303,8.888888889,1,-10.002243041992188,4.554473876953125,0.26533031463623047,297.35009765625,7554.05859375,0.014242473989725113,-8.671966552734375,7.9658203125,0.2227935791015625,293.666259765625,14781.87890625,0.010264623910188675,-7.3648529052734375,5.350189208984375,0.1103353500366211,283.72412109375,30961.21484375,0.005682824179530144,-4.841166576161465,-8.212711127605752,-5.560455579444315,11.775283314756436,13.6259765625,12.095555555555556,0,1,0,0,0,0,0,0,0
Bea,2009,2009-09-23 18:00:00,11.87133,-69.9745,daylight,38.58914898135702,3.678555065088997,221.5040921085183,18.33333333,1,-10.773147583007812,1.7641448974609375,-0.1005239486694336,297.84228515625,7412.84375,0.016199905425310135,-8.654281616210938,9.628280639648438,0.510345458984375,294.430908203125,14658.38671875,0.010285955853760242,-8.33843994140625,5.554351806640625,0.09756660461425781,284.104736328125,30871.7109375,0.005588683299720287,5.81789689700903,-1.4757367779817736,1.3659628018686734,12.946056479427066,13.737548828125,12.095833333333333,0,1,0,0,0,0,0,0,0
Bea,2009,2009-09-23 19:00:00,11.505,-70.19867,daylight,47.48782211838006,3.8813126760723002,210.9547598396427,10.55555556,1,-10.309616088867188,1.0865020751953125,-0.04543876647949219,300.2568359375,7314.37109375,0.01418287307024002,-8.362945556640625,7.4893035888671875,0.4011240005493164,294.746826171875,14594.45703125,0.011525274254381657,-8.90692138671875,6.2887115478515625,0.31757450103759766,284.358154296875,30808.11328125,0.005398638546466827,4.371109905266667,-2.121055897460919,-0.8116597275008406,11.226242765482764,15.898681640625,12.095833333333333,0,1,0,0,0,0,0,0,0
Bea,2009,2009-09-23 20:00:00,11.17933,-70.303,daylight,37.957176698524584,3.6624630094781847,197.4477108565341,0.0,0,-9.069488525390625,2.3605804443359375,-0.5943260192871094,302.489501953125,7241.390625,0.01144435629248619,-8.12078857421875,5.864410400390625,-0.46411991119384766,295.515869140625,14550.30078125,0.01057400181889534,-8.470535278320312,8.258270263671875,0.11000919342041016,284.218994140625,30746.140625,0.005217897240072489,0.4673803127550964,-3.159695601365992,-5.3385499191300365,10.01691152059214,18.2705078125,12.095833333333333,0,1,0,0,0,0,0,0,0
Bea,2009,2009-09-24 14:00:00,11.06333,-70.219,daylight,12.783996766497863,2.623508264641871,136.81486191673923,3.611111111,1,-8.254623413085938,4.1202850341796875,0.039298057556152344,298.83203125,7560.8671875,0.013976261019706726,-11.662200927734375,10.96917724609375,0.6094512939453125,294.2021484375,14802.984375,0.009007233195006847,-11.230361938476562,9.478973388671875,-0.03533363342285156,284.32373046875,31005.046875,0.0046236636117100716,-8.653407578428546,-15.979254003694775,-14.597145107428883,16.010302306173653,14.50830078125,12.085833333333333,0,1,0,0,0,0,0,0,0
Bea,2009,2009-09-24 15:00:00,10.93583,-70.0825,daylight,20.56660662620883,3.07114612888783,133.5647173411814,15.83333333,1,-7.8879852294921875,4.496063232421875,0.42026424407958984,300.136474609375,7587.8828125,0.013155154883861542,-9.683181762695312,7.50982666015625,0.4009580612182617,293.11376953125,14841.49609375,0.012583459727466106,-11.298187255859375,10.234954833984375,0.17493820190429688,284.043701171875,31015.52734375,0.0057313526049256325,-8.814173123017028,-12.191971848092543,-15.240285036680891,12.254040375116636,16.0927734375,12.08611111111111,0,1,0,0,0,0,0,0,0
Bea,2009,2009-09-24 16:00:00,10.8215,-69.84617,daylight,28.767872845095557,3.3934297195052183,116.20370199236044,8.055555556,1,-7.12591552734375,5.246246337890625,0.20093441009521484,301.68212890625,7542.8671875,0.012335866689682007,-8.387008666992188,6.95751953125,0.21480751037597656,294.259033203125,14823.84765625,0.012237508781254292,-11.885833740234375,10.791778564453125,0.20467472076416016,283.51318359375,30976.50390625,0.0061197360046207905,-8.710136659734893,-10.597263394931613,-15.429583746553671,10.897201127258654,18.1689453125,12.08611111111111,0,1,0,0,0,0,0,0,0
Bea,2009,2009-09-24 17:00:00,10.80167,-69.676,daylight,18.71650101381699,2.9814559000549052,96.74977651362747,17.22222222,1,-7.0704345703125,5.34539794921875,0.17798709869384766,302.667236328125,7473.0546875,0.011765025556087494,-8.166641235351562,6.9012908935546875,0.14595508575439453,294.966064453125,14772.68359375,0.011686399579048157,-11.15234375,10.45989990234375,0.17329883575439453,283.3583984375,30935.3828125,0.00637842295691371,-7.649692247952896,-8.92117059246055,-12.304434807480735,10.692139405395224,19.308837890625,12.086388888888889,0,1,0,0,0,0,0,0,0
Bea,2009,2009-09-24 18:00:00,10.656,-69.47467,daylight,27.316127771400424,3.3434315282410907,126.34958314604557,15.55555556,1,-6.4966278076171875,4.9790191650390625,-0.2864866256713867,302.2236328125,7444.94921875,0.011977337300777435,-7.37872314453125,6.5893096923828125,-0.3349876403808594,294.58837890625,14742.203125,0.011902570724487305,-9.7965087890625,10.076705932617188,-0.09539127349853516,283.09228515625,30888.8203125,0.0067331138998270035,-8.183602199406053,-9.848491536633144,-13.862829969957186,9.892651690308883,19.13134765625,12.086388888888889,0,1,0,0,0,0,0,0,0
Bea,2009,2009-09-24 19:00:00,10.605,-69.28833,daylight,21.1393084660967,3.0973546921990356,105.54386162632409,16.38888889,1,-4.51531982421875,5.5505218505859375,0.1635427474975586,301.255859375,7382.6484375,0.012822266668081284,-5.3634033203125,7.4008636474609375,0.1590747833251953,293.871337890625,14658.30078125,0.012638094834983349,-8.690628051757812,9.319046020507812,-0.036258697509765625,283.201416015625,30804.69921875,0.006852319929748774,-5.837581237474848,-7.150493748276665,-10.870054016479449,9.13996049798072,18.054443359375,12.086388888888889,0,1,0,0,0,0,0,0,0
Bea,2009,2009-09-24 20:00:00,10.42017,-69.011,daylight,36.6291844784723,3.6277799322597475,124.1056258327983,12.22222222,1,-3.2731170654296875,3.1218719482421875,0.1332244873046875,297.40869140625,7406.8671875,0.014696303755044937,-4.2054901123046875,8.050186157226562,0.6460161209106445,292.5126953125,14625.66015625,0.01326802372932434,-8.46490478515625,8.83807373046875,0.5024919509887695,283.241943359375,30776.484375,0.007514633238315582,-4.460655189168457,-7.9960708111708065,-11.964673213273965,9.082491081784482,14.166748046875,12.086666666666666,0,1,0,0,0,0,0,0,0
Bea,2009,2009-09-24 21:00:00,10.22333,-68.842,daylight,28.650778070067506,3.3894883669229485,139.79800650366406,16.66666667,1,-0.7910308837890625,0.9373321533203125,0.08738136291503906,297.961181640625,7391.87890625,0.013950039632618427,-2.7950592041015625,4.33526611328125,-0.18727970123291016,292.37744140625,14612.0546875,0.01336701214313507,-9.522903442382812,7.741943359375,0.2251739501953125,283.419921875,30745.9453125,0.007707513403147459,-1.2265075120441602,-5.115328407352273,-12.059976025851213,5.158186525068435,14.541259765625,12.086944444444445,0,1,0,0,0,0,0,0,0
Bea,2009,2009-09-25 14:00:00,10.04333,-68.703,daylight,18.559995285162923,2.973486423561802,120.86834075692502,13.33333333,1,-0.4455413818359375,1.746734619140625,0.11960029602050781,296.560302734375,7771.56640625,0.016633078455924988,-5.5456390380859375,4.386566162109375,0.14377498626708984,291.246826171875,14967.24609375,0.013654455542564392,-8.990432739257812,8.009140014648438,0.30382442474365234,283.1845703125,31075.984375,0.006835482083261013,-1.2786217588548192,-7.010693679708343,-11.826150564819372,7.070790269503522,13.375732421875,12.078055555555556,0,1,0,0,0,0,0,0,0
Bea,2009,2009-09-25 15:00:00,9.92683,-68.53783,daylight,22.24820417281884,3.1462278891714526,125.59521176020633,15.0,1,-2.075469970703125,2.95843505859375,-0.29891490936279297,298.736572265625,7766.2578125,0.015514444559812546,-3.92535400390625,4.248931884765625,-0.3542289733886719,291.33203125,14993.24609375,0.01426383201032877,-9.005020141601562,7.0775299072265625,0.0647134780883789,283.359130859375,31112.875,0.006816408596932888,-3.409639142848107,-5.665011398521353,-11.441938573448056,5.7846197988598,15.37744140625,12.078333333333333,0,1,0,0,0,0,0,0,0
Bea,2009,2009-09-25 16:00:00,9.88233,-68.28017,daylight,28.65394168363138,3.3895950570339552,99.92192917260536,6.666666667,1,-2.843841552734375,3.75396728515625,-0.5111789703369141,298.975341796875,7712.37109375,0.014485458843410015,-4.0037994384765625,3.97003173828125,-0.31169891357421875,291.907470703125,14942.69140625,0.014045292511582375,-8.764938354492188,6.445953369140625,-0.06373405456542969,283.21923828125,31070.375,0.0071334936656057835,-3.4481390510954464,-4.627977197916099,-9.74452236544265,5.638400655017847,15.756103515625,12.078611111111112,0,1,0,0,0,0,0,0,0
Bea,2009,2009-09-25 17:00:00,9.88567,-68.10717,daylight,18.95483595426823,2.993471517683555,88.86245766723135,7.777777778,1,-1.9127197265625,3.13909912109375,-0.40357398986816406,299.24951171875,7657.5390625,0.015121093019843102,-3.2946319580078125,3.117431640625,-0.4619102478027344,292.093505859375,14895.39453125,0.014635455794632435,-7.75921630859375,6.0128021240234375,-0.18777942657470703,282.84228515625,31026.88671875,0.0075667379423975945,-1.850023627797965,-3.232093664907984,-7.638317627846156,4.535744676753342,16.4072265625,12.078611111111112,0,1,0,0,0,0,0,0,0
Bea,2009,2009-09-25 18:00:00,9.81383,-67.8585,daylight,28.39026592015153,3.380663528370551,106.32084793218206,10.27777778,1,-1.7628936767578125,3.582183837890625,-0.4064006805419922,299.65673828125,7561.76953125,0.015041183680295944,-3.499603271484375,3.2244873046875,-0.3840179443359375,292.435791015625,14811.26171875,0.014682652428746223,-8.143936157226562,5.4731292724609375,-0.04568958282470703,282.854248046875,30940.06640625,0.007144721690565348,-2.698505255384663,-4.264712419634017,-9.353797318056671,4.758628104388386,16.802490234375,12.078611111111112,0,1,0,0,0,0,0,0,0
Bea,2009,2009-09-25 19:00:00,9.655,-67.7095,daylight,24.05340825160125,3.2210098762239845,137.23081009093073,13.05555556,1,-0.6948089599609375,3.4606170654296875,-0.4360809326171875,299.9853515625,7467.6015625,0.015226941555738449,-2.5110321044921875,3.1597442626953125,-0.6731710433959961,292.630615234375,14723.08203125,0.014845455065369606,-8.095840454101562,5.0989837646484375,-0.1583099365234375,282.761962890625,30855.171875,0.007287788204848766,-3.0122297961717144,-4.02466078560617,-9.240592451162666,4.035996287836054,17.223388671875,12.079166666666667,0,1,0,0,0,0,0,0,0
Bea,2009,2009-09-25 20:00:00,9.58833,-67.48117,daylight,26.10667016596667,3.2997798291857316,106.47785312753143,0.0,0,-1.6392364501953125,3.426025390625,-0.21225452423095703,298.727783203125,7419.640625,0.015283524058759212,-4.9879150390625,1.94512939453125,-0.4197959899902344,293.146484375,14662.83203125,0.013434489257633686,-7.7554168701171875,3.365966796875,-0.7072296142578125,283.4404296875,30815.7890625,0.007249641232192516,-2.5436860622561466,-5.33478425573329,-8.391636257853367,5.353767346306278,15.287353515625,12.079166666666667,0,1,0,0,0,0,0,0,0
Bea,2009,2009-09-25 22:00:00,9.5855,-67.3235,daylight,10.048693392349877,2.402312175936056,78.06966212235949,0.0,0,-0.94940185546875,1.7423248291015625,-0.6291122436523438,299.549072265625,7430.15625,0.014898662455379963,-3.919158935546875,0.0023193359375,-0.9717206954956055,293.14404296875,14686.6953125,0.013770606368780136,-7.9056854248046875,1.3718414306640625,-0.160888671875,283.534423828125,30830.84765625,0.007728110998868942,-0.5687171072542153,-3.834024326033673,-7.451329782127225,3.919159621831714,16.0146484375,12.079166666666667,0,1,0,0,0,0,0,0,0
Bea,2009,2009-09-26 14:00:00,9.556,-67.20333,daylight,10.235189083357769,2.419050735345051,104.5717166538044,15.0,1,-3.19635009765625,-0.75030517578125,-0.06271171569824219,295.2978515625,7864.29296875,0.015013969503343105,-5.0226593017578125,0.8165283203125,-0.24410438537597656,291.177490234375,15045.234375,0.013536726124584675,-7.280120849609375,1.9260101318359375,-0.165374755859375,282.151123046875,31131.1328125,0.007554624229669571,-2.9047641472113344,-5.066529539320979,-7.530512750381042,5.088597543469775,13.146728515625,12.070555555555556,0,1,0,0,0,0,0,0,0
Bea,2009,2009-09-26 15:00:00,9.64083,-66.94683,daylight,29.66199645589216,3.423023987301933,71.43632436496375,13.33333333,1,-1.9692840576171875,0.4349212646484375,-0.06809711456298828,296.61181640625,7857.8203125,0.01545772049576044,-4.4103546142578125,0.8722686767578125,0.07809925079345703,291.07470703125,15043.0,0.013576782308518887,-7.5102691650390625,3.7308197021484375,0.38899803161621094,282.562744140625,31136.0078125,0.00661343801766634,-1.7283622324318624,-3.9031917323834118,-5.931775400781472,4.495784744397579,14.049072265625,12.070277777777777,0,1,0,0,0,0,0,0,0
Bea,2009,2009-09-26 16:00:00,9.79667,-66.70267,daylight,31.880444256928556,3.492878081560464,57.05381298534394,10.83333333,1,-2.2889404296875,0.9741363525390625,-0.26839542388916016,297.46240234375,7789.2890625,0.01534772478044033,-4.3494110107421875,1.8505706787109375,-0.2915306091308594,291.047119140625,14989.44140625,0.01345852855592966,-7.8880615234375,3.766326904296875,-0.16608905792236328,282.392578125,31092.02734375,0.007123010233044624,-1.3910518599420447,-2.6435113518520943,-4.57119607434318,4.7267312148323,15.06982421875,12.069722222222222,0,1,0,0,0,0,0,0,0
Bea,2009,2009-09-26 17:00:00,9.84,-66.47417,daylight,25.495294290753932,3.276967143290245,79.08732435246156,16.11111111,1,-2.604339599609375,1.548675537109375,-0.36216068267822266,298.778564453125,7680.96484375,0.014930324628949165,-3.723388671875,1.226715087890625,-0.3646564483642578,291.666015625,14908.453125,0.014327291399240494,-7.52252197265625,4.293609619140625,-0.027019500732421875,282.362060546875,31017.35546875,0.0071237110532820225,-2.2640610337520757,-3.423825374217376,-6.573656376247679,3.920261867363656,16.41650390625,12.069722222222222,0,1,0,0,0,0,0,0,0
Bea,2009,2009-09-26 18:00:00,9.86917,-66.27783,daylight,21.753065762691225,3.1246998951174225,81.40796985831332,13.61111111,1,-2.3033599853515625,2.0172576904296875,-0.5723361968994141,299.595458984375,7579.08984375,0.015097524970769882,-3.0275115966796875,1.5194091796875,-0.738429069519043,291.9931640625,14824.828125,0.014772484079003334,-7.5293426513671875,4.7471923828125,-0.015476226806640625,282.68505859375,30932.0078125,0.006780409719794989,-1.9761358996343918,-2.7665379569868915,-6.735622007672139,3.387392909502621,16.910400390625,12.069722222222222,0,1,0,0,0,0,0,0,0
Bea,2009,2009-09-26 19:00:00,9.87367,-66.08167,daylight,21.494894008003165,3.1132883504795528,88.64928433054024,10.27777778,1,-2.343963623046875,0.9376678466796875,-0.6886634826660156,298.88037109375,7489.3359375,0.014991693198680878,-2.2645263671875,2.3696441650390625,-0.7835597991943359,292.378173828125,14727.171875,0.01468590460717678,-7.041839599609375,4.86181640625,-0.538330078125,282.969482421875,30853.1171875,0.007084875367581844,-2.3212093766926847,-2.2080392867444094,-6.925278962654456,3.277696315492192,15.910888671875,12.069722222222222,0,1,0,0,0,0,0,0,0
Bea,2009,2009-09-26 20:00:00,9.8885,-65.912,daylight,18.659586756711963,2.978565095002277,84.91537915294305,12.5,1,-1.390533447265625,-2.4210205078125,-0.2796630859375,296.72412109375,7442.109375,0.016321266070008278,-1.6322784423828125,2.0401153564453125,-0.025531768798828125,292.935546875,14661.44140625,0.0135072385892272,-7.8119659423828125,2.3260650634765625,0.1409921646118164,283.395263671875,30816.87890625,0.006659024860709906,-1.5996291835194383,-1.4450460673995666,-7.575072971536108,2.61273871274409,13.328857421875,12.069444444444445,0,1,0,0,0,0,0,0,0
Bea,2009,2009-09-26 21:00:00,9.826,-65.75267,daylight,18.78776303284411,2.9850637179978263,111.69609040996158,0.0,0,-3.0825653076171875,-2.9634246826171875,-0.20547008514404297,296.452880859375,7514.765625,0.01652475818991661,-1.8799591064453125,1.3128662109375,-0.4617805480957031,292.7568359375,14734.5078125,0.013572501949965954,-6.655792236328125,1.1730804443359375,0.18237781524658203,283.01708984375,30872.13671875,0.007491835858672857,-1.7686608124356868,-2.2321234537367007,-6.617949582234589,2.2930032554987894,13.435791015625,12.069722222222222,0,1,0,0,0,0,0,0,0
Bea,2009,2009-09-27 14:00:00,9.77667,-65.41433,daylight,26.921482955640247,3.3293963909406776,93.68770778407156,8.888888889,1,-4.4131317138671875,2.4963531494140625,-0.17235374450683594,295.699462890625,7834.21484375,0.015228822827339172,-7.2321014404296875,1.8551177978515625,-0.24599742889404297,291.89990234375,15019.828125,0.011635380797088146,-13.28204345703125,0.5924224853515625,-0.0451507568359375,283.322021484375,31120.765625,0.0062562646344304085,-4.564555036924231,-7.336444804889454,-13.292645746099328,7.466240907482881,12.37744140625,12.061111111111112,0,1,0,0,0,0,0,0,0
Bea,2009,2009-09-27 15:00:00,9.87533,-65.2155,daylight,24.390955147182712,3.234393014039443,63.25368393943717,18.05555556,1,-3.1371612548828125,1.7100982666015625,-0.20649337768554688,296.114990234375,7803.23046875,0.01533801481127739,-5.8769073486328125,1.8572998046875,-0.3410520553588867,291.85400390625,14993.3515625,0.012134148739278316,-11.97186279296875,1.6356353759765625,-0.1299457550048828,283.01123046875,31094.8671875,0.007069429382681847,-2.031895350460429,-4.412263474466917,-9.95486481013343,6.1634083548720495,13.103759765625,12.060555555555556,0,1,0,0,0,0,0,0,0
Bea,2009,2009-09-27 16:00:00,9.8155,-64.95383,daylight,29.429678672491864,3.4154184042899285,103.04266147625788,16.11111111,1,-4.1571502685546875,0.9930419921875,-0.34912872314453125,297.680908203125,7776.96875,0.014749322086572647,-6.2971649169921875,2.2421112060546875,-0.4806861877441406,291.55615234375,14986.03125,0.013675486668944359,-10.846572875976562,2.0358123779296875,-0.3057527542114258,282.784912109375,31094.93359375,0.00756421685218811,-4.274011585480453,-6.640704335711779,-11.02619123690055,6.6844108679907785,14.89599609375,12.060833333333333,0,1,0,0,0,0,0,0,0
Bea,2009,2009-09-27 17:00:00,9.83333,-64.80667,daylight,16.244916958690954,2.847517430992516,82.97732794370557,10.55555556,1,-2.5149993896484375,0.6947174072265625,-0.5140171051025391,299.127197265625,7671.640625,0.0146949402987957,-3.7047119140625,1.98162841796875,-0.6643199920654297,291.83447265625,14905.1796875,0.014282953925430775,-10.167388916015625,3.135498046875,0.057730674743652344,282.7353515625,31001.1484375,0.007557735778391361,-2.411193887297894,-3.434640584723906,-9.707759106096498,4.201397571415726,16.391845703125,12.060833333333333,0,1,0,0,0,0,0,0,0
Bea,2009,2009-09-27 18:00:00,9.79917,-64.59917,daylight,23.05027083497506,3.1801462578178863,99.46724719247788,4.166666667,1,-4.892242431640625,-0.41705322265625,-0.36920833587646484,299.114501953125,7580.44921875,0.014506552368402481,-4.6813507080078125,1.9083404541015625,-1.1258735656738281,293.10205078125,14829.51953125,0.013883329927921295,-8.140457153320312,3.5151214599609375,-0.6459465026855469,282.2216796875,30952.7734375,0.009050585329532623,-4.757010568861826,-4.931480763829103,-8.607762853582988,5.055374144425495,16.892822265625,12.060833333333333,0,1,0,0,0,0,0,0,0
Bea,2009,2009-09-27 19:00:00,9.70767,-64.391,daylight,24.978874442508197,3.257283686305027,114.01878174255444,15.83333333,1,-3.9266510009765625,-2.0843505859375,-0.5854072570800781,298.313232421875,7491.91015625,0.014961056411266327,-5.1118316650390625,0.912322998046875,-0.9463310241699219,292.521728515625,14728.1171875,0.014026932418346405,-7.32659912109375,3.589141845703125,-0.7402610778808594,282.7060546875,30852.11328125,0.008572723716497421,-2.7382445532078927,-5.040557169328513,-8.153114378156175,5.192605918463414,15.607177734375,12.061388888888889,0,1,0,0,0,0,0,0,0
Bea,2009,2009-09-27 20:00:00,9.516,-64.3125,daylight,22.984782275556142,3.1774195573875454,158.00415689635918,2.222222222,1,-10.2451171875,-2.186492919921875,0.4436674118041992,297.0166015625,7478.80859375,0.015220720320940018,-7.8981475830078125,0.9234619140625,0.7152595520019531,292.8759765625,14705.15625,0.01342066191136837,-8.450347900390625,4.0873565673828125,0.43156909942626953,282.74658203125,30851.41015625,0.008458786644041538,-1.8098589106504046,-3.814410928086081,-6.954829683179755,7.951950524852133,14.27001953125,12.062222222222223,0,1,0,0,0,0,0,0,0
Bea,2009,2009-09-27 21:00:00,9.4295,-64.3755,daylight,11.843039865466233,2.5528020198879426,215.6983638690348,17.77777778,1,-7.147186279296875,-3.3807830810546875,-0.30457305908203125,296.7841796875,7476.46484375,0.015909679234027863,-7.3907928466796875,-0.052978515625,-0.2440814971923828,292.941162109375,14697.68359375,0.013395795598626137,-9.424285888671875,3.752044677734375,0.03845691680908203,282.8486328125,30851.63671875,0.008030032739043236,6.916046578794409,4.355684680820456,2.452204458522239,7.39098272394473,13.935546875,12.0625,0,1,0,0,0,0,0,0,0
Bea,2009,2009-09-28 14:00:00,9.1545,-64.51417,daylight,15.697191193622212,2.815240513278179,208.70143210133133,20.83333333,1,-8.497039794921875,1.887054443359375,0.09936332702636719,296.51513671875,7963.140625,0.01288650929927826,-9.764755249023438,4.9681243896484375,0.05734443664550781,292.24365234375,15141.19140625,0.008093164302408695,-10.070816040039062,4.180877685546875,-0.12134933471679688,282.3291015625,31210.44140625,0.004882891662418842,2.425464542850046,0.33176738522787996,1.1692726555533945,10.955943821704748,14.18603515625,12.055277777777778,0,1,0,0,0,0,0,0,0
Bea,2009,2009-09-28 15:00:00,8.94417,-64.62483,daylight,26.356104233218865,3.3089396934793167,207.46407703958704,17.77777778,1,-7.626312255859375,2.22607421875,-0.02022075653076172,297.867919921875,8000.46875,0.011812668293714523,-8.508285522460938,3.0831451416015625,-0.13730907440185547,290.747314453125,15193.62109375,0.011204044334590435,-10.503631591796875,4.2867889404296875,-0.12401294708251953,282.485595703125,31245.7265625,0.0046219490468502045,1.5420011574482249,1.1882813463592328,1.0405264295460381,9.049679911239938,15.38232421875,12.05638888888889,0,1,0,0,0,0,0,0,0
Bea,2009,2009-09-28 16:00:00,8.727,-64.78483,daylight,29.869614931571235,3.4297723645642644,216.0672071364375,18.61111111,1,-6.179718017578125,2.5307464599609375,-0.10199832916259766,298.524169921875,7909.26171875,0.012188021093606949,-6.9966583251953125,2.74517822265625,-0.16058349609375,291.278564453125,15118.5546875,0.012011080048978329,-10.717514038085938,4.5951690673828125,-0.11614799499511719,282.46044921875,31165.2890625,0.004556220956146717,1.5925383243000657,1.90016772881771,2.595363799070281,7.51593182470883,16.063720703125,12.0575,0,1,0,0,0,0,0,0,0
Bea,2009,2009-09-28 17:00:00,8.50367,-64.89683,daylight,27.718284584551682,3.3575340134460285,206.3825220843775,19.44444444,1,-5.4890289306640625,2.288360595703125,-0.10635566711425781,298.4755859375,7828.28515625,0.012914713472127914,-6.8524627685546875,2.22802734375,-0.13539981842041016,291.389404296875,15041.84375,0.012548446655273438,-10.465850830078125,4.8619384765625,-0.11672210693359375,282.272216796875,31099.8046875,0.0049688913859426975,0.38909367442022846,1.0490011421670637,0.29507089685230437,7.205577828247076,16.203369140625,12.05861111111111,0,1,0,0,0,0,0,0,0
Bea,2009,2009-09-28 18:00:00,8.2715,-64.8515,daylight,26.293307941432353,3.3066415417910955,169.0642667163229,10.83333333,1,-6.0467529296875,1.95416259765625,-0.10515403747558594,299.1689453125,7738.80078125,0.012079223990440369,-7.12445068359375,1.8183135986328125,0.0861959457397461,292.4501953125,14966.74609375,0.011193720623850822,-10.699874877929688,4.6529388427734375,-0.07186603546142578,282.49951171875,31035.8125,0.004301080945879221,-3.065792461374646,-3.1368580893358966,-6.598294133060088,7.352826795589058,16.66943359375,12.059722222222222,0,1,0,0,0,0,0,0,0
Bea,2009,2009-09-28 19:00:00,8.15967,-64.7815,daylight,14.627898565220999,2.7490576865920953,148.21569059017685,0.0,0,-6.29144287109375,1.8185882568359375,-0.09488868713378906,299.83056640625,7644.09765625,0.011422790586948395,-7.236419677734375,1.336822509765625,0.08093070983886719,292.831298828125,14884.41796875,0.010986506007611752,-11.049163818359375,4.6589813232421875,-0.07487678527832031,282.55029296875,30963.12109375,0.004546175245195627,-4.85971510566879,-4.947937457516435,-9.780155415120117,7.358862967532236,17.2802734375,12.060277777777777,0,1,0,0,0,0,0,0,0
Bea,2009,2009-10-17 15:00:00,8.0935,-64.58667,daylight,22.14954985405327,3.1419753355938727,108.62738704158932,12.5,1,-7.1274566650390625,0.3181610107421875,0.058823585510253906,294.8681640625,7903.1953125,0.014222529716789722,-10.604827880859375,0.1021270751953125,-0.10527610778808594,291.804443359375,15060.6875,0.008580328896641731,-10.558212280273438,1.5446319580078125,0.0005407333374023438,283.3115234375,31170.15625,0.005022124387323856,-6.855715382856858,-10.081923535984917,-10.498503657532407,10.605319623761478,11.556640625,11.924722222222222,0,1,0,0,0,0,0,0,0
Bea,2009,2009-10-17 16:00:00,8.0155,-64.40317,daylight,21.986019053909587,3.1348861638816445,113.2211224381187,0.0,0,-6.6737060546875,0.4444580078125,0.1432819366455078,295.988525390625,7837.578125,0.013548575341701508,-10.173202514648438,0.1739654541015625,0.067962646484375,291.306640625,15002.03125,0.008033383637666702,-10.271621704101562,1.8224639892578125,-0.026495933532714844,283.339599609375,31106.35546875,0.004975384101271629,-6.308310672367935,-9.417663090184776,-10.158080547775942,10.174689842116567,12.64892578125,11.926666666666666,0,1,0,0,0,0,0,0,0
Bea,2009,2009-10-17 18:00:00,7.791,-64.38967,daylight,19.051240241534305,2.9982910092726187,158.57772215197087,5.555555556,1,-5.45599365234375,-0.4197235107421875,0.1623849868774414,297.578125,7668.03515625,0.013312233611941338,-7.3654937744140625,-0.016326904296875,0.27908802032470703,290.73974609375,14861.80859375,0.0126105435192585,-9.348602294921875,2.40960693359375,-0.07807731628417969,283.2177734375,30965.56640625,0.005173983983695507,-1.602013979973988,-2.6749649562597106,-5.65760854186542,7.365511870110335,14.3603515625,11.931666666666667,0,1,0,0,0,0,0,0,0
Bea,2009,2009-10-17 21:00:00,7.75783,-64.48733,daylight,17.36411769295876,2.9103986352620366,256.3649229120697,0.0,0,-5.8888702392578125,-1.1181793212890625,0.2955894470214844,298.89501953125,7483.4609375,0.012296358123421669,-9.592422485351562,-1.762237548828125,0.39516735076904297,292.31591796875,14707.7734375,0.011048879474401474,-10.030746459960938,0.2771148681640625,-0.039834022521972656,283.40234375,30834.37109375,0.005662245210260153,5.986499762247317,9.737502711780644,9.682722288284689,9.752950851715495,15.49267578125,11.932222222222222,0,1,0,0,0,0,0,0,0
Bea,2009,2009-10-18 14:00:00,7.56217,-64.28183,daylight,24.49855135783162,3.238621641053861,119.28977296216368,3.611111111,1,-6.36083984375,-1.6252899169921875,-0.08642101287841797,294.125732421875,7775.56640625,0.01439332403242588,-9.67669677734375,-0.232391357421875,0.10183334350585938,291.95947265625,14922.84765625,0.006569500081241131,-7.66436767578125,0.50494384765625,-0.06786346435546875,283.121337890625,30992.7890625,0.003770063165575266,-4.752513163461864,-8.325902991624414,-6.931560992757107,9.679486880184264,11.00439453125,11.930277777777778,0,1,0,0,0,0,0,0,0
Bea,2009,2009-10-19 15:00:00,7.54967,-64.1195,daylight,14.961139137754094,2.7701569640206167,112.57030179885714,0.0,0,-4.6933135986328125,-0.6993865966796875,-0.16329383850097656,294.836669921875,7667.74609375,0.01513899676501751,-5.9856414794921875,0.4398193359375,-0.18891525268554688,290.2626953125,14825.12109375,0.01348636019974947,-4.88006591796875,-1.9116668701171875,-0.0730276107788086,282.326416015625,30882.74609375,0.007275395095348358,-4.065413071253021,-5.696006946015131,-3.7725684317915915,6.001778483856425,12.51025390625,11.924166666666666,0,1,0,0,0,0,0,0,0
Bea,2009,2009-10-19 20:00:00,7.4895,-64.04667,daylight,10.338201744295207,2.428177709384238,73.32437450525993,0.0,0,-2.0985107421875,-2.0413665771484375,-0.5862979888916016,297.1484375,7246.21875,0.01523981150239706,-5.0735931396484375,-1.9926910400390625,-0.4380207061767578,291.24658203125,14446.9609375,0.013908314518630505,-3.9789276123046875,-1.9758453369140625,-0.41741275787353516,282.726318359375,30518.09765625,0.007649380713701248,-2.5960334577097464,-5.432030148332456,-4.3785672311684385,5.450886618499751,14.422119140625,11.925555555555556,0,1,0,0,0,0,0,0,0
Bea,2009,2009-10-20 14:00:00,7.45067,-63.903,daylight,12.136046040487797,2.575360057613172,96.65395565374934,9.722222222,1,-7.9902801513671875,-1.1109619140625,0.0944671630859375,293.540771484375,7684.08984375,0.014879646711051464,-8.195785522460938,1.301025390625,0.06212425231933594,290.16357421875,14827.609375,0.012597957625985146,-1.832305908203125,3.3234405517578125,0.14768409729003906,282.552734375,30884.890625,0.007687064353376627,-7.8077283269972195,-8.291332581324575,-2.2050592299886307,8.298407521761705,10.988037109375,11.920277777777779,0,1,0,0,0,0,0,0,0
Bea,2009,2009-10-20 15:00:00,7.426,-63.764,daylight,15.56959099202178,2.807569147489998,100.13881128531676,11.94444444,1,-7.1360626220703125,-0.237213134765625,-0.24286270141601562,293.70556640625,7690.31640625,0.015709897503256798,-7.9854888916015625,1.8820648193359375,-0.08585643768310547,290.2060546875,14832.6953125,0.012066765688359737,-0.495208740234375,3.7404632568359375,0.025274276733398438,282.684326171875,30893.58203125,0.007651712745428085,-6.9828695582847695,-8.192095396859635,-1.1459227540281705,8.204279421257784,11.021240234375,11.921111111111111,0,1,0,0,0,0,0,0,0
Bea,2009,2009-10-20 16:00:00,7.31683,-63.6075,daylight,21.099852345047477,3.0955709272818166,125.11192411969688,12.77777778,1,-6.262420654296875,1.003082275390625,-0.10953807830810547,294.37255859375,7605.54296875,0.015900399535894394,-6.6727447509765625,1.783355712890625,-0.011101722717285156,290.4189453125,14753.65625,0.01191793568432331,0.40802001953125,3.8243255615234375,-0.05556774139404297,282.757568359375,30820.07421875,0.007377621252089739,-5.69979652902054,-6.484248134650271,-1.8658857714035002,6.906944339603794,11.614990234375,11.92361111111111,0,1,0,0,0,0,0,0,0
Bea,2009,2009-10-20 17:00:00,7.10333,-63.7035,daylight,25.995144785604783,3.2956570270789003,204.04736583480863,16.66666667,1,-5.8330535888671875,0.0922698974609375,0.1069936752319336,295.197998046875,7528.57421875,0.01605946384370327,-5.0156402587890625,1.430999755859375,0.008299827575683594,290.825927734375,14691.4921875,0.012077629566192627,0.35675048828125,4.079315185546875,-0.017107009887695312,282.822509765625,30765.19140625,0.007074024993926287,2.2926593638571413,0.7370301757891855,-3.8706398063979086,5.21578445747667,12.37548828125,11.929166666666667,0,1,0,0,0,0,0,0,0
Bea,2009,2009-10-20 18:00:00,7.02333,-63.8095,daylight,14.695452527478539,2.753371022466895,232.75395788909367,18.05555556,1,-5.4213409423828125,-0.30853271484375,0.08480358123779297,295.652587890625,7384.5078125,0.01509597897529602,-4.6884765625,1.073760986328125,0.2000885009765625,291.126220703125,14556.83984375,0.012221920304000378,0.1346893310546875,3.72607421875,0.059380531311035156,282.783935546875,30636.875,0.007289810571819544,4.502360948580863,3.082350735319628,-2.36238404358526,4.809862277952682,12.86865234375,11.931111111111111,0,1,0,0,0,0,0,0,0
Caley,2009,2009-09-19 14:00:00,39.758,-69.82867,wind,59.40796408811947,4.1011209520121295,164.5054166596667,15.27777778,1,3.715484619140625,-9.328018188476562,0.08485984802246094,280.925048828125,8080.2109375,0.0057169548235833645,7.238250732421875,-10.366073608398438,0.09648704528808594,281.550537109375,14908.8046875,0.0009549574460834265,13.182403564453125,-13.099746704101562,0.18432998657226562,279.97509765625,30587.44140625,0.0001944732794072479,9.981579610490703,11.923005012984314,16.145288939016126,12.643091224860335,0.949951171875,12.271944444444445,0,0,0,1,0,0,0,0,0
Caley,2009,2009-09-19 15:00:00,39.19767,-69.62133,wind,64.79733652918587,4.186579359232153,163.9937804789671,18.33333333,1,2.81805419921875,-8.603866577148438,0.13834381103515625,281.8603515625,8153.9296875,0.006387680768966675,7.9544219970703125,-9.384658813476562,0.17213058471679688,282.1962890625,15000.59375,0.0008550877682864666,11.96966552734375,-12.168136596679688,0.0025186538696289062,280.310791015625,30713.3046875,0.00020846468396484852,9.047364950986257,11.214198043516252,14.996935396376468,12.302221358471785,1.549560546875,12.268055555555556,0,0,0,1,0,0,0,0,0
Caley,2009,2009-09-19 16:00:00,38.702,-69.503,wind,56.05781296911122,4.044065016433746,169.44513206980753,17.77777778,1,2.0509185791015625,-7.59814453125,0.1397705078125,282.93017578125,8205.0703125,0.007292868569493294,8.380645751953125,-8.715072631835938,0.1881113052368164,283.06103515625,15077.03125,0.0008803184609860182,10.234649658203125,-11.1015625,-0.014744758605957031,280.48583984375,30826.3046875,0.0002238017914351076,7.845264673454723,10.10275492592133,12.788476183506432,12.090811147226878,2.4443359375,12.264722222222222,0,0,0,1,0,0,0,0,0
Caley,2009,2009-09-19 17:00:00,38.25117,-69.50467,wind,50.13021956367255,3.9343757033066766,180.16667387503492,22.22222222,1,1.0535888671875,-6.5390167236328125,0.04760551452636719,284.13134765625,8225.40234375,0.008306295610964298,8.507064819335938,-8.123489379882812,0.158050537109375,283.39794921875,15120.484375,0.0013118531787768006,8.326904296875,-10.372726440429688,0.017531394958496094,280.750244140625,30892.1640625,0.00023153028450906277,6.535924161992097,8.098707924263774,10.348459555570967,11.76270511172715,3.381103515625,12.261666666666667,0,0,0,1,0,0,0,0,0
Caley,2009,2009-09-19 18:00:00,37.86933,-69.654,wind,44.42595183563789,3.8160835680668392,197.1608153311299,6.944444444,1,0.046630859375,-5.9666595458984375,-0.032477378845214844,285.59033203125,8260.01171875,0.009301748126745224,7.9560394287109375,-7.5834503173828125,0.17534732818603516,283.3974609375,15180.02734375,0.002533478196710348,5.9669952392578125,-9.215484619140625,0.08582305908203125,281.301025390625,30973.0625,0.0002494171494618058,5.687267441154966,4.898371398996243,7.044624910112266,10.991236605014768,4.289306640625,12.259166666666667,0,0,0,1,0,0,0,0,0
Caley,2009,2009-09-19 19:00:00,37.52217,-69.751,wind,39.53461307967708,3.7021562530549517,192.49656972463222,13.61111111,1,0.0200653076171875,-5.870361328125,-0.035430908203125,286.038818359375,8251.65234375,0.009550495073199272,6.960205078125,-7.49688720703125,0.14869022369384766,283.828125,15181.03515625,0.0023073393385857344,4.8813323974609375,-8.35992431640625,0.035022735595703125,281.420166015625,30989.51953125,0.00028821476735174656,5.726944629168286,5.8132209085321875,7.1056406628457704,10.229749387179817,4.61865234375,12.256944444444445,0,0,0,1,0,0,0,0,0
Caley,2009,2009-09-19 20:00:00,37.1595,-69.70867,wind,40.500318119839754,3.72570109274558,174.6855518359872,22.5,1,-0.2356414794921875,-5.623291015625,-0.03027820587158203,286.51513671875,8267.69140625,0.009594080969691277,5.93121337890625,-7.16107177734375,0.12088203430175781,284.147216796875,15205.08203125,0.0021264769602566957,4.066009521484375,-7.39410400390625,0.035274505615234375,281.504638671875,31021.59375,0.00030831151525489986,5.577293080106952,7.679647919919317,7.73892012354806,9.298399923986151,5.010498046875,12.254722222222222,0,0,0,1,0,0,0,0,0
Caley,2009,2009-09-19 21:00:00,36.72617,-69.69667,wind,48.195897767668015,3.89581024131613,178.72847911952476,9.444444444,1,-1.2581024169921875,-5.737518310546875,-0.011499404907226562,287.370849609375,8303.53125,0.010252408683300018,4.3325653076171875,-7.1683807373046875,0.16002464294433594,284.023681640625,15256.15234375,0.0030613888520747423,3.1406402587890625,-6.510101318359375,0.11369800567626953,282.001953125,31088.73046875,0.00022117396292742342,5.7081877179947,7.262756990247286,6.5781903655166065,8.375965886972613,5.368896484375,12.251944444444444,0,0,0,1,0,0,0,0,0
Caley,2009,2009-09-19 22:00:00,36.31733,-69.73633,wind,45.59886331236647,3.841576148395612,184.46941184667858,6.944444444,1,-1.5556640625,-5.8005218505859375,0.08732032775878906,288.577880859375,8327.78515625,0.009760004468262196,1.677337646484375,-6.442352294921875,0.22292423248291016,283.7490234375,15292.60546875,0.003830057568848133,2.3895111083984375,-5.8023681640625,-0.020140647888183594,282.166259765625,31135.62890625,0.00018291194282937795,5.9041109423740314,6.292051938534763,5.598516503246525,6.6571288610180055,6.41162109375,12.249444444444444,0,0,0,1,0,0,0,0,0
Caley,2009,2009-09-20 14:00:00,30.046,-73.88567,wind,39.22365716183107,3.694455309147346,182.7906462384534,14.72222222,1,-6.61651611328125,-3.8925323486328125,-0.10508537292480469,293.48486328125,8239.609375,0.01456491369754076,-5.624847412109375,-3.4221649169921875,-0.2057180404663086,290.02880859375,15377.21875,0.01133253425359726,-2.020355224609375,-2.2739715576171875,0.010888099670410156,282.657470703125,31424.96875,0.006849691737443209,4.210052592384752,3.691961883395041,2.369639301499391,6.584080887155449,10.827392578125,12.184166666666666,0,0,0,1,0,0,0,0,0
Caley,2009,2009-09-20 15:00:00,29.6675,-73.83567,wind,42.36258801454627,3.7695970420325517,173.45182749868036,12.77777778,1,-6.628204345703125,-3.997589111328125,0.1417827606201172,293.7109375,8233.5625,0.014114437624812126,-5.5723876953125,-4.2491455078125,0.08481693267822266,290.124267578125,15373.58203125,0.011112701147794724,-1.557891845703125,-2.533721923828125,0.15296077728271484,283.005859375,31432.73828125,0.006851988844573498,3.2156394142941007,3.585958526083079,2.3395330418032865,7.007620293183222,10.705078125,12.182777777777778,0,0,0,1,0,0,0,0,0
Caley,2009,2009-09-20 16:00:00,29.278,-73.74517,wind,44.18761185840649,3.8108229753440024,168.5421807574969,13.05555556,1,-4.8738555908203125,-4.120147705078125,0.04261589050292969,294.01318359375,8205.421875,0.013821245171129704,-4.5175323486328125,-4.0774078369140625,-0.02295684814453125,290.29736328125,15349.546875,0.01115179993212223,-1.7302398681640625,-3.237274169921875,-0.18855857849121094,283.12451171875,31412.703125,0.006841851398348808,3.0698639643184102,3.098758202956861,2.8290531841733126,6.0855035280141045,10.888671875,12.181111111111111,0,0,0,1,0,0,0,0,0
Caley,2009,2009-09-20 17:00:00,28.83683,-73.6925,wind,49.322275043720836,3.9184478228908595,174.02935940235375,14.44444444,1,-3.289276123046875,-4.0255126953125,0.09521102905273438,294.239990234375,8170.3984375,0.014025308191776276,-3.3098602294921875,-3.6615142822265625,0.18211078643798828,290.446533203125,15320.33203125,0.011254321783781052,-2.309722900390625,-3.535369873046875,0.0975046157836914,282.98876953125,31382.09765625,0.006704466883093119,3.661528924115453,3.2973639485181807,3.275936954721402,4.935773655438747,11.251220703125,12.179444444444444,0,0,0,1,0,0,0,0,0
Caley,2009,2009-09-20 18:00:00,28.39483,-73.6365,wind,49.451203968724755,3.92100661110802,173.64016814742058,13.05555556,1,-2.10382080078125,-3.5040130615234375,0.024869918823242188,294.368408203125,8108.40234375,0.014013580046594143,-2.239776611328125,-3.0999298095703125,0.10081958770751953,290.683837890625,15262.72265625,0.01113939844071865,-2.3694915771484375,-3.6741790771484375,0.07777595520019531,283.196044921875,31341.94921875,0.006546183954924345,3.2494038672714334,2.8327472902885376,3.3890937125790863,3.8244168304350836,11.17236328125,12.177777777777777,0,0,0,1,0,0,0,0,0
Caley,2009,2009-09-20 19:00:00,27.98033,-73.588,wind,46.33475947595545,3.8572448982529655,174.10032500185218,12.5,1,0.150299072265625,-2.0545501708984375,-0.08690929412841797,294.124267578125,8035.515625,0.014769190922379494,-0.04327392578125,-1.997772216796875,-0.0605621337890625,290.52783203125,15188.16796875,0.011674421839416027,-2.1192169189453125,-3.415252685546875,-0.0016422271728515625,283.1865234375,31261.171875,0.00617210241034627,2.0591168157077333,1.9827428243832808,3.1793357329466447,1.9982408420553368,10.937744140625,12.176388888888889,0,0,0,1,0,0,0,0,0
Caley,2009,2009-09-20 20:00:00,27.626,-73.54183,wind,39.66054119500591,3.705258118367545,173.41434892427537,9.444444444,1,1.234130859375,-1.4105987548828125,-0.05977916717529297,294.140625,8022.87890625,0.014855075627565384,1.1280517578125,-1.380584716796875,-0.039277076721191406,290.501220703125,15175.19921875,0.011707311496138573,-1.754364013671875,-3.2847900390625,-0.08813285827636719,283.010009765625,31236.87890625,0.006240049842745066,1.5428314029717731,1.5008493726358583,3.061910263698707,1.7828390080310053,11.130615234375,12.175,0,0,0,1,0,0,0,0,0
Caley,2009,2009-09-20 21:00:00,27.27033,-73.48533,wind,39.93974459280695,3.7121013416403312,171.9627119917419,10.55555556,1,1.3347320556640625,-0.38055419921875,-0.031350135803222656,294.22216796875,8018.734375,0.014561021700501442,1.14208984375,-0.4377593994140625,-0.03417491912841797,290.388671875,15169.26953125,0.011486656032502651,-1.22674560546875,-2.7362518310546875,-0.029524803161621094,282.548095703125,31209.859375,0.006275917869061232,0.5634350717456229,0.5931436021028483,2.537853861838276,1.2231118113125472,11.674072265625,12.17388888888889,0,0,0,1,0,0,0,0,0
Caley,2009,2009-09-20 22:00:00,26.934,-73.451,wind,37.552257510486285,3.6520146588780364,174.80028463217695,10.83333333,1,1.4510040283203125,-1.1062774658203125,-0.012787818908691406,294.682373046875,8092.6796875,0.01363677904009819,0.393463134765625,-0.9062347412109375,-0.07183170318603516,290.533935546875,15246.62890625,0.01063393335789442,-1.422943115234375,-3.282867431640625,-0.06710624694824219,282.107666015625,31276.390625,0.006304765120148659,1.2332260272059006,0.9381640807960244,3.1403999696916642,0.9879649004884977,12.57470703125,12.1725,0,0,0,1,0,0,0,0,0
Caley,2009,2009-09-22 15:00:00,24.27733,-75.44133,wind,10.901675593691044,2.476679196397747,145.8730122529862,13.33333333,1,-6.9534759521484375,0.1458892822265625,0.038478851318359375,295.004150390625,8066.37890625,0.013549803756177425,-6.5999755859375,0.6011962890625,0.11724281311035156,290.7861328125,15225.42578125,0.009506224654614925,-6.436126708984375,-1.8721771240234375,0.13768291473388672,282.26025390625,31257.28125,0.0037990633863955736,-4.021868036696312,-4.200445485935633,-2.06107248653368,6.627300710919459,12.743896484375,12.116666666666667,0,0,0,1,0,0,0,0,0
Caley,2009,2009-09-22 16:00:00,24.161,-75.36417,wind,15.11776980884087,2.7799223781798417,148.814209736574,10.27777778,1,-7.2024383544921875,0.43634033203125,0.0023345947265625,294.978759765625,8042.48828125,0.01377373468130827,-6.8481903076171875,0.8267364501953125,-0.0037908554077148438,290.86376953125,15202.62890625,0.0097959591075778,-6.605499267578125,-1.3128662109375,0.0665884017944336,282.3798828125,31235.98828125,0.0031107603572309017,-4.1028155616291455,-4.253361692084822,-2.2972781911451525,6.897912992161001,12.598876953125,12.116666666666667,0,0,0,1,0,0,0,0,0
Caley,2009,2009-09-22 18:00:00,23.95983,-75.35233,wind,24.91589637770712,3.254856540189037,185.61700626715162,10.55555556,1,-6.582000732421875,0.3347015380859375,0.1453237533569336,294.974853515625,7949.6484375,0.014088662341237068,-6.5480194091796875,0.3048248291015625,0.3150482177734375,291.052734375,15114.34765625,0.01026442926377058,-6.0178680419921875,0.276763916015625,0.13439369201660156,282.630859375,31162.921875,0.002727190963923931,0.3111405717977652,0.3375477905838103,0.31358365466176075,6.555110705352786,12.343994140625,12.116388888888888,0,0,0,1,0,0,0,0,0
Caley,2009,2009-09-22 19:00:00,23.67883,-75.34417,wind,31.256798041488647,3.473728813012417,178.4766066140878,8.055555556,1,-6.4281463623046875,-0.0972900390625,-0.1776113510131836,295.1318359375,7879.296875,0.013435253873467445,-6.6991729736328125,-0.011383056640625,-0.22571754455566406,291.351318359375,15047.1484375,0.009919056668877602,-5.8536834716796875,1.5919647216796875,-0.11328506469726562,282.34716796875,31104.22265625,0.004096920136362314,-0.07363724751289175,-0.16671913541188746,-1.7470227954855906,6.699182644519463,12.78466796875,12.116111111111111,0,0,0,1,0,0,0,0,0
Caley,2009,2009-09-22 22:00:00,23.46833,-75.21883,wind,10.382930432791655,2.4321149028240665,140.92217586710518,0.0,0,-7.8720245361328125,-0.4066314697265625,-0.00473785400390625,295.514892578125,7805.265625,0.013049770146608353,-7.7223052978515625,-1.0673980712890625,-0.14428043365478516,291.0068359375,14973.8828125,0.010486547835171223,-5.050994873046875,1.0284881591796875,-0.04356193542480469,282.5478515625,31034.6796875,0.005300025921314955,-4.6466664725369,-4.039340347738215,-3.9824284347355414,7.795725608037902,12.967041015625,12.115833333333333,0,0,0,1,0,0,0,0,0
Caley,2009,2009-09-23 15:00:00,23.3225,-75.11867,wind,13.85684519687328,2.6984607150595226,142.20808556558984,8.888888889,1,-7.42755126953125,1.499053955078125,-0.054889678955078125,295.392333984375,8048.65234375,0.012886015698313713,-7.441497802734375,2.0599822998046875,-0.0722665786743164,290.8095703125,15211.37890625,0.010119371116161346,-6.02923583984375,1.254180908203125,0.032563209533691406,281.95458984375,31236.56640625,0.004819461144506931,-5.736184941839701,-6.188000170491051,-4.685794638173236,7.7213610603059575,13.437744140625,12.093333333333334,0,0,0,1,0,0,0,0,0
Caley,2009,2009-09-23 16:00:00,23.17483,-75.11817,wind,16.420234276702704,2.857632420053941,179.82165512745553,4.444444444,1,-7.752227783203125,1.0797119140625,-0.3105201721191406,295.1083984375,8026.4140625,0.013729449361562729,-7.6704254150390625,1.726470947265625,-0.44426822662353516,290.5693359375,15186.7734375,0.01049165427684784,-6.1632537841796875,1.2870330810546875,-0.3837614059448242,281.654052734375,31197.953125,0.004989043343812227,-1.1038370444363246,-1.750338318191205,-1.3062112073786905,7.862323319441235,13.454345703125,12.093333333333334,0,0,0,1,0,0,0,0,0
Caley,2009,2009-09-23 17:00:00,23.088,-75.05733,wind,11.485806760122271,2.5245925399958646,147.1923681911564,7.5,1,-7.5764617919921875,0.152130126953125,-0.06914234161376953,294.68212890625,7979.80859375,0.014948192983865738,-7.435638427734375,0.9990234375,-0.1199798583984375,290.713134765625,15140.25390625,0.01068948581814766,-5.7437591552734375,1.484954833984375,-0.1211099624633789,281.65185546875,31167.83984375,0.005793450400233269,-4.2329443353141825,-4.868452515405147,-4.360180839048284,7.502450710046314,13.0302734375,12.093333333333334,0,0,0,1,0,0,0,0,0
Caley,2009,2009-09-23 18:00:00,23.037,-74.96517,wind,11.002730217941853,2.4851341420714896,121.00695105096713,16.66666667,1,-7.6051788330078125,-0.7612457275390625,-0.011168479919433594,294.68994140625,7942.09375,0.014716941863298416,-7.4160003662109375,0.3294525146484375,-0.085357666015625,290.616455078125,15102.38671875,0.010986429639160633,-5.59039306640625,1.855133056640625,-0.10116386413574219,281.569580078125,31124.3359375,0.005874308757483959,-6.126285670040506,-6.526004437106124,-5.7472098578104305,7.423314649875009,13.120361328125,12.093333333333334,0,0,0,1,0,0,0,0,0
Caley,2009,2009-09-23 19:00:00,22.9505,-74.8955,wind,11.973730868054064,2.5629266106304347,143.4316773844879,12.77777778,1,-8.024459838867188,-0.7533416748046875,0.10617256164550781,294.8994140625,7877.74609375,0.014296360313892365,-7.612945556640625,0.1982879638671875,0.0822763442993164,290.694091796875,15039.58203125,0.011030794121325016,-5.23504638671875,1.5055084228515625,0.13056278228759766,281.631591796875,31061.98828125,0.005814202129840851,-4.175776018242988,-4.694902137928538,-4.328085344551299,7.615527438397739,13.267822265625,12.093333333333334,0,0,0,1,0,0,0,0,0
Caley,2009,2009-09-23 20:00:00,22.858,-74.84783,wind,11.385661156285236,2.516539445148703,154.5961269798786,6.388888889,1,-8.305816650390625,-1.4304351806640625,0.06705093383789062,295.153564453125,7800.265625,0.014261510223150253,-7.71258544921875,-0.381683349609375,0.053946495056152344,290.924072265625,14966.67578125,0.011065620929002762,-4.8045196533203125,0.551239013671875,-0.016211509704589844,281.861572265625,30998.890625,0.005645143333822489,-2.2710426356749944,-2.963892839565046,-2.5590583224342573,7.722024118770274,13.2919921875,12.093333333333334,0,0,0,1,0,0,0,0,0
Caley,2009,2009-09-24 14:00:00,22.493,-74.927,wind,37.113582843478945,3.6405707236780067,189.88238058584597,11.11111111,1,-7.2936859130859375,-0.9920196533203125,-0.07593631744384766,295.0,7954.1171875,0.014633342623710632,-7.521575927734375,-0.68707275390625,0.0703887939453125,290.9130859375,15120.859375,0.011241692118346691,-4.1854400634765625,-0.896026611328125,0.11993980407714844,282.86669921875,31185.296875,0.004481804557144642,2.2290874805390954,1.9677772241379012,1.601062486439627,7.552891724752417,12.13330078125,12.071944444444444,0,0,0,1,0,0,0,0,0
Caley,2009,2009-09-24 15:00:00,22.12967,-74.9905,wind,40.92513674078826,3.735885569261217,189.19661484766576,12.22222222,1,-7.3391571044921875,-1.119171142578125,-0.08242130279541016,294.948974609375,7954.1328125,0.014808349311351776,-7.5874786376953125,-1.04486083984375,-0.04142475128173828,291.08642578125,15123.24609375,0.011320794932544231,-4.259124755859375,-0.567779541015625,-0.012073516845703125,282.920654296875,31193.52734375,0.0046882713213562965,2.2777501094220383,2.2440824718799814,1.241186660302335,7.659083904235656,12.0283203125,12.072222222222223,0,0,0,1,0,0,0,0,0
Caley,2009,2009-09-24 16:00:00,21.78883,-75.04817,wind,38.36348247767714,3.672838545853403,188.9291599573063,10.27777778,1,-7.33880615234375,-0.998870849609375,-0.016350746154785156,295.27392578125,7928.1171875,0.01447877287864685,-7.0159149169921875,-0.61865234375,-0.030797958374023438,291.235595703125,15101.22265625,0.011419733054935932,-3.840911865234375,0.217559814453125,-0.13419246673583984,282.76708984375,31178.00390625,0.005203731823712587,2.1258449434551814,1.700117331602486,0.3812369216491291,7.043137997008213,12.5068359375,12.072777777777778,0,0,0,1,0,0,0,0,0
Caley,2009,2009-09-24 17:00:00,21.45183,-75.127,wind,38.348471727269605,3.6724571361745015,192.2830670950552,11.38888889,1,-6.9688720703125,-0.80303955078125,-0.08959102630615234,295.259033203125,7908.8046875,0.014731906354427338,-6.5728912353515625,-0.2647247314453125,-0.09403514862060547,291.264892578125,15084.05859375,0.011398866772651672,-3.31640625,0.74603271484375,-0.13285350799560547,282.5947265625,31160.3828125,0.005281459074467421,2.267225937326959,1.6569923505861441,-0.023417241597122107,6.578220000516871,12.664306640625,12.073055555555555,0,0,0,1,0,0,0,0,0
Caley,2009,2009-09-24 18:00:00,21.10467,-75.1775,wind,38.95544912466174,3.6877650615256505,187.7285418380031,11.38888889,1,-6.8696746826171875,-0.8901214599609375,-0.09434795379638672,295.0712890625,7816.94921875,0.01600661128759384,-5.93927001953125,-0.0669403076171875,-0.11184310913085938,291.52978515625,14997.328125,0.01165318489074707,-1.1676025390625,0.1636199951171875,-0.23113346099853516,282.61181640625,31079.0703125,0.006042176857590675,1.805868548599665,0.8650442435154486,-0.005114738929851009,5.939647242866079,12.45947265625,12.073333333333334,0,0,0,1,0,0,0,0,0
Caley,2009,2009-09-25 14:00:00,20.52883,-75.16633,wind,11.026140713233524,2.48708267330009,109.7276062839423,12.77777778,1,-5.0431976318359375,-1.356781005859375,0.10641670227050781,295.454833984375,7961.44140625,0.015556380152702332,-4.3483734130859375,-0.894683837890625,0.07004451751708984,291.531982421875,15143.24609375,0.011891111731529236,-1.1173858642578125,-1.1998443603515625,-0.0008630752563476562,282.5517578125,31225.234375,0.005804321728646755,-4.2892225042111285,-3.791159259925456,-0.6467982001429814,4.439460610188511,12.903076171875,12.054722222222223,0,0,0,1,0,0,0,0,0
Caley,2009,2009-09-25 17:00:00,20.48433,-75.01217,wind,14.115063894992142,2.715691855479658,109.38024630181741,10.55555556,1,-4.3443603515625,-1.89019775390625,-0.19483375549316406,296.08740234375,7924.6640625,0.016138186678290367,-3.7360382080078125,-1.015380859375,-0.043453216552734375,291.337646484375,15110.64453125,0.012553107924759388,-0.76507568359375,-1.1805572509765625,0.12618541717529297,282.66845703125,31195.88671875,0.0058882711455225945,-3.4709608720429146,-3.187403682102089,-0.329972990495448,3.8715603806836514,13.4189453125,12.054722222222223,0,0,0,1,0,0,0,0,0
Caley,2009,2009-09-25 18:00:00,20.41733,-74.80983,wind,22.358813425338827,3.1509743615217425,109.4280276481851,8.611111111,1,-4.4757843017578125,-2.384613037109375,-0.2706584930419922,294.72705078125,7864.89453125,0.01638157293200493,-3.747650146484375,-2.0958251953125,0.0525054931640625,291.470947265625,15036.63671875,0.011722924187779427,-0.5208892822265625,-1.3100738525390625,0.13350963592529297,282.684326171875,31125.31640625,0.005958827678114176,-3.427757480524944,-2.8371405720074785,-0.05546984727257115,4.293875274126047,12.042724609375,12.055,0,0,0,1,0,0,0,0,0
Caley,2009,2009-09-25 19:00:00,20.36633,-74.62283,wind,20.298612239605916,3.058641917522681,106.19035999209876,9.166666667,1,-4.2397308349609375,-3.9925079345703125,-0.4858856201171875,294.8193359375,7833.3515625,0.01614580675959587,-4.1438446044921875,-2.7386932373046875,-0.3196554183959961,291.359130859375,15009.20703125,0.012591922655701637,1.0174407958984375,0.0657806396484375,-0.3467864990234375,282.621337890625,31100.171875,0.006288099102675915,-2.958356583971325,-3.215873708942612,0.9587481318962014,4.967080506115987,12.197998046875,12.055,0,0,0,1,0,0,0,0,0
Caley,2009,2009-09-26 15:00:00,20.17617,-74.3635,wind,21.70283736742377,3.1224899108358755,141.59653715471222,9.722222222,1,-6.0298309326171875,-2.9029693603515625,-0.09983539581298828,294.42626953125,7968.8203125,0.014839262701570988,-4.2189483642578125,-1.5320281982421875,0.13766956329345703,290.78759765625,15126.75,0.010520256124436855,2.0463714599609375,0.0042572021484375,0.09578514099121094,282.177978515625,31171.2578125,0.005379383452236652,-1.470772584673345,-1.4202072774764154,1.2678598322046697,4.488500384369247,12.248291015625,12.036388888888888,0,0,0,1,0,0,0,0,0
Caley,2009,2009-09-26 16:00:00,20.087,-74.3085,wind,11.457908852750986,2.5223556704422885,149.91472033383752,5.555555556,1,-6.0877685546875,-3.3950042724609375,-0.10628604888916016,294.63232421875,7940.2890625,0.015197521075606346,-4.3669891357421875,-1.5556793212890625,0.14352798461914062,291.240478515625,15107.19140625,0.010671415366232395,1.9732666015625,0.484100341796875,0.08366680145263672,282.419921875,31171.52734375,0.005579011514782906,-0.11409793752506214,-0.8430226282064504,0.5702932913791524,4.635809774179339,12.21240234375,12.036666666666667,0,0,0,1,0,0,0,0,0
Caley,2009,2009-09-26 17:00:00,20.15383,-74.19217,wind,14.238842184425291,2.7238475752218987,58.52066521748799,11.11111111,1,-6.125823974609375,-2.636871337890625,-0.22715091705322266,294.688720703125,7899.46484375,0.014604644849896431,-3.944091796875,-1.347503662109375,0.11678886413574219,291.126953125,15064.203125,0.010417226701974869,2.27825927734375,0.598297119140625,0.08528518676757812,282.492919921875,31128.35546875,0.005105259362608194,-6.601228139932856,-4.06728842402762,2.2553899557404096,4.16792828891943,12.19580078125,12.036388888888888,0,0,0,1,0,0,0,0,0
Caley,2009,2009-09-26 18:00:00,19.89917,-73.9955,wind,34.98571667026558,3.5831221005670804,144.00209044030453,9.166666667,1,-5.4127349853515625,-2.2190704345703125,-0.05622291564941406,295.310302734375,7814.08984375,0.014039900153875351,-3.0040740966796875,-0.6739501953125,0.10800647735595703,291.5537109375,14989.078125,0.010274956002831459,2.7343292236328125,1.1202392578125,0.016262054443359375,282.83740234375,31072.7578125,0.005342745687812567,-1.386052748027839,-1.2204101641482086,0.7008010614990103,3.078744881295564,12.472900390625,12.037222222222223,0,0,0,1,0,0,0,0,0
Caley,2009,2009-09-26 19:00:00,19.704,-73.76833,wind,32.18417796787474,3.502073195095499,132.3615593081837,9.722222222,1,-3.666229248046875,-1.7010040283203125,0.10308456420898438,295.73193359375,7736.8359375,0.01496928185224533,-1.5770263671875,0.2446441650390625,-0.008413314819335938,291.770751953125,14923.421875,0.011214053258299828,2.958160400390625,1.84423828125,-0.059814453125,283.069091796875,31021.1171875,0.0050368597730994225,-1.5628564926672845,-1.330119629308423,0.9431468447126126,1.5958893853560978,12.662841796875,12.038055555555555,0,0,0,1,0,0,0,0,0
Caley,2009,2009-09-26 20:00:00,19.635,-73.45317,wind,33.87954712180612,3.5519006150633143,103.03582243219148,12.22222222,1,-3.154205322265625,-2.1163330078125,0.1624755859375,295.99169921875,7706.359375,0.015160644426941872,-0.9135284423828125,0.3584747314453125,-0.10072708129882812,291.900390625,14898.44140625,0.011171690188348293,3.1763153076171875,2.0584869384765625,-0.1239004135131836,282.959716796875,30998.37890625,0.005144828464835882,-2.5955585163230643,-0.9708437456010128,2.630146481621145,0.9813451727741653,13.031982421875,12.038055555555555,0,0,0,1,0,0,0,0,0
Caley,2009,2009-09-26 21:00:00,19.62683,-73.27867,wind,18.298275468790077,2.9600157379698375,92.81644387654671,2.5,1,-3.4829559326171875,-1.7017059326171875,0.43686389923095703,296.284912109375,7681.265625,0.015277352184057236,-1.2393341064453125,1.2366943359375,0.16468429565429688,292.1396484375,14882.7578125,0.010882186703383923,3.357879638671875,2.1496429443359375,0.08350086212158203,282.83740234375,30975.88671875,0.005307683255523443,-3.395133041905049,-1.2986038238445234,3.248197807226146,1.7508174970391674,13.447509765625,12.038333333333334,0,0,0,1,0,0,0,0,0
Caley,2009,2009-09-26 22:00:00,19.57317,-72.949,wind,35.045262627324014,3.5847754439258237,99.74746942978749,15.55555556,1,-2.47576904296875,-0.7060699462890625,0.07942962646484375,297.408935546875,7711.859375,0.01473852340131998,-1.653656005859375,0.6086578369140625,-0.17360973358154297,292.409423828125,14920.7890625,0.009964060969650745,3.881561279296875,1.87042236328125,-0.3232870101928711,283.026611328125,31013.6328125,0.004360545892268419,-2.3204858360000067,-1.7328324717310255,3.508851584713159,1.762113091759915,14.38232421875,12.038333333333334,0,0,0,1,0,0,0,0,0
Caley,2009,2009-09-27 14:00:00,19.39583,-72.63667,wind,15.468245278431715,2.801433998042047,117.06402536420035,14.16666667,1,-1.0244598388671875,0.2385406494140625,0.0014743804931640625,296.002197265625,7940.96484375,0.013969972729682922,-1.9215545654296875,-0.0941009521484375,0.04697132110595703,292.14404296875,15132.828125,0.010413247160613537,2.13787841796875,3.3004302978515625,0.0239410400390625,282.804443359375,31238.265625,0.0047516049817204475,-1.0208127343124422,-1.6683271515735718,0.40212869040578525,1.9238573068496836,13.19775390625,12.020833333333334,0,0,0,1,0,0,0,0,0
Caley,2009,2009-09-27 15:00:00,19.22567,-72.4055,wind,30.765037438067225,3.458366233312709,127.91465052219581,7.5,1,-0.9164581298828125,0.3214263916015625,-0.08198165893554688,296.792724609375,7973.23046875,0.014549802988767624,-2.2636260986328125,0.4705810546875,0.03199481964111328,292.24658203125,15164.3515625,0.011047913692891598,0.60040283203125,2.7274322509765625,-0.025209426879882812,282.85302734375,31279.8671875,0.005059799179434776,-0.9205308731825792,-2.0750016327562624,-1.2022975247749053,2.3120228466523436,13.939697265625,12.02138888888889,0,0,0,1,0,0,0,0,0
Caley,2009,2009-09-27 16:00:00,19.11583,-72.1945,wind,25.303827148336463,3.2697144475450184,118.82590018231895,16.66666667,1,-0.5145721435546875,0.2156982421875,-0.03565216064453125,298.333251953125,7917.21875,0.013051304966211319,-1.2385711669921875,0.5858612060546875,-0.020236968994140625,291.58740234375,15129.03125,0.011966025456786156,-0.4657135009765625,2.7555389404296875,0.009676933288574219,282.948974609375,31251.18359375,0.0047363340854644775,-0.5548097547831066,-1.3675711844870813,-1.7365888111721361,1.370143017521982,15.38427734375,12.021944444444445,0,0,0,1,0,0,0,0,0
Caley,2009,2009-09-27 17:00:00,18.98883,-71.98433,wind,26.217868310763805,3.30387368081221,122.55614480533052,15.0,1,-0.6419525146484375,0.5833892822265625,0.011373519897460938,299.734619140625,7872.390625,0.011561643332242966,-1.0445556640625,0.98846435546875,-0.06348991394042969,292.39306640625,15108.6796875,0.011392843909561634,-0.505279541015625,3.494873046875,-0.015023231506347656,283.1591796875,31230.8984375,0.004334793426096439,-0.8550158314818388,-1.4123370953270205,-2.3065635574462124,1.4381092856098598,16.575439453125,12.0225,0,0,0,1,0,0,0,0,0
Caley,2009,2009-09-27 18:00:00,18.9795,-71.69733,wind,30.194975997139007,3.4402570561166774,91.92228833102149,14.44444444,1,-0.386383056640625,0.45208740234375,0.034356117248535156,300.921142578125,7752.44921875,0.011256907135248184,-0.9508819580078125,0.9395904541015625,-0.10170364379882812,293.63330078125,15016.76953125,0.011113382875919342,-0.7185821533203125,3.8481292724609375,-0.07856369018554688,283.1416015625,31137.2734375,0.004279352258890867,-0.40133042159119864,-0.9818644333015635,-0.8472592864527169,1.3367897065371022,17.779541015625,12.0225,0,0,0,1,0,0,0,0,0
Caley,2009,2009-09-27 19:00:00,18.9625,-71.54967,wind,15.641855171565526,2.811920917854475,96.9171391816435,0.0,0,-0.9774322509765625,-0.3724365234375,0.09159469604492188,300.244873046875,7737.66015625,0.012432865798473358,-0.8364410400390625,0.651580810546875,-0.4448661804199219,294.025634765625,14983.1171875,0.01178150624036789,-1.65863037109375,3.514923095703125,-0.2573509216308594,282.5224609375,31099.61328125,0.0052091144025325775,-0.9254639273026732,-0.9088252415014819,-2.0698733507368665,1.0602788152814104,17.722412109375,12.022777777777778,0,0,0,1,0,0,0,0,0
Caley,2009,2009-09-28 15:00:00,18.78033,-71.42733,wind,15.716469253785627,2.816394416325276,122.67083651109994,9.722222222,1,-1.925140380859375,1.84912109375,-0.17866802215576172,298.477294921875,8086.96875,0.013401489704847336,-4.3051605224609375,3.4112701416015625,0.15541553497314453,291.630126953125,15296.37109375,0.012201587669551373,-3.343475341796875,3.2028045654296875,0.10645580291748047,283.680908203125,31412.2265625,0.004042591899633408,-2.6187331682613997,-5.4654666619227195,-4.543401669108161,5.492829061889553,14.79638671875,12.005833333333333,0,0,0,1,0,0,0,0,0
Caley,2009,2009-09-28 16:00:00,18.66933,-71.2515,wind,22.253178875851408,3.1464418485303103,123.65808191589406,8.333333333,1,-1.634796142578125,2.9975433349609375,-0.6124963760375977,298.287841796875,8089.01171875,0.013904634863138199,-3.6490020751953125,3.57330322265625,-0.13958740234375,292.149658203125,15281.3046875,0.012471227906644344,-3.4089202880859375,3.0014190673828125,0.04986763000488281,283.66357421875,31400.0390625,0.004408163018524647,-3.022083908132676,-5.017734647552266,-4.50094164636579,5.10722156028356,14.624267578125,12.006388888888889,0,0,0,1,0,0,0,0,0
Caley,2009,2009-09-28 17:00:00,18.56733,-71.038,wind,25.19493953331828,3.2655662445283826,116.72016075075788,8.055555556,1,-3.2683258056640625,1.979766845703125,-0.1830158233642578,296.9423828125,8019.66015625,0.014702852815389633,-5.1669158935546875,2.23583984375,0.08359432220458984,291.709716796875,15229.09375,0.012547969818115234,-4.411163330078125,2.7056884765625,0.17575836181640625,283.614013671875,31356.0546875,0.00467015290632844,-3.809480996169531,-5.620465734906728,-5.156677148177732,5.629920040104305,13.328369140625,12.006944444444445,0,0,0,1,0,0,0,0,0
Caley,2009,2009-09-28 18:00:00,18.54483,-70.86817,wind,18.076466700496578,2.948455465459446,97.92857199354592,15.0,1,-2.9842529296875,1.98345947265625,-0.27214622497558594,297.0830078125,7973.05078125,0.015168651938438416,-4.47406005859375,1.6425323486328125,-0.2487649917602539,292.2998046875,15157.49609375,0.01320740394294262,-4.7604217529296875,2.8462982177734375,-0.2535066604614258,283.27294921875,31286.8125,0.00495100999251008,-3.2293212268276803,-4.657860024827712,-5.107529954562225,4.766038808508501,13.81005859375,12.006944444444445,0,0,0,1,0,0,0,0,0
Caley,2009,2009-09-28 19:00:00,18.50767,-70.729,wind,15.243752409795407,2.7877083677598127,105.70535928149127,3.055555556,1,-2.75628662109375,1.9260101318359375,-0.30851173400878906,296.80517578125,7950.34765625,0.015181221067905426,-4.257904052734375,1.748931884765625,-0.2991962432861328,292.317626953125,15130.16796875,0.012937723658978939,-5.269866943359375,2.9988250732421875,-0.2477283477783203,283.02685546875,31248.12109375,0.0050315954722464085,-3.1747372349860132,-4.572360530822885,-5.884877437455688,4.603097832964411,13.7783203125,12.007222222222222,0,0,0,1,0,0,0,0,0
Caley,2009,2009-09-28 20:00:00,18.44667,-70.5275,wind,22.307001314771394,3.148753801047401,107.67027314750044,16.11111111,1,-2.9269256591796875,1.5118255615234375,-0.49640369415283203,296.793212890625,7965.2578125,0.015380319207906723,-4.2058563232421875,1.8163909912109375,-0.2725334167480469,291.791748046875,15135.34765625,0.011930003762245178,-5.9651641845703125,4.1016387939453125,-0.5071449279785156,282.833251953125,31226.13671875,0.004307518247514963,-3.24772829761966,-4.558765265045437,-6.928728649048857,4.5813211680375066,13.9599609375,12.0075,0,0,0,1,0,0,0,0,0
Caley,2009,2009-09-28 21:00:00,18.40117,-70.2545,wind,29.241292896222898,3.40920830490211,99.92037555738136,8.611111111,1,-2.783050537109375,2.183380126953125,-0.3117847442626953,296.8486328125,7904.24609375,0.01458664983510971,-4.4052276611328125,2.78704833984375,-0.19997406005859375,292.250244140625,15104.32421875,0.009527215734124184,-6.3845977783203125,4.0557861328125,-0.1294097900390625,283.295166015625,31203.78125,0.004012832883745432,-3.117590155936512,-4.8195122923500975,-6.9878645138734985,5.212836962253421,13.553466796875,12.007777777777777,0,0,0,1,0,0,0,0,0
Caley,2009,2009-09-28 22:00:00,18.395,-70.1095,wind,15.31452380265062,2.792055741917851,92.54475932651695,11.66666667,1,-3.0462799072265625,2.929107666015625,0.17501544952392578,296.609375,7944.859375,0.012610533274710178,-5.030975341796875,2.6098785400390625,0.09881782531738281,292.13818359375,15135.9765625,0.008827244862914085,-5.736358642578125,2.9039459228515625,-0.07164382934570312,283.046630859375,31221.99609375,0.004370188340544701,-3.173327668798406,-5.1418921605489745,-5.859636382744533,5.667643150686589,13.562744140625,12.007777777777777,0,0,0,1,0,0,0,0,0
Caley,2009,2009-09-29 14:00:00,18.47817,-69.84333,wind,20.621505036496846,3.0736884229471446,57.09750914062056,8.611111111,1,-4.312042236328125,3.3010711669921875,0.00435638427734375,295.222412109375,8136.65234375,0.012518700212240219,-6.858123779296875,3.3004913330078125,-0.05150127410888672,292.6103515625,15310.09765625,0.005772075615823269,-4.7706756591796875,2.1930999755859375,-0.10593032836914062,283.513427734375,31422.03125,0.0036462736316025257,-1.8271964838638204,-3.965191971550111,-2.8141254701487677,7.610985797609724,11.708984375,11.990277777777777,0,0,0,1,0,0,0,0,0
Caley,2009,2009-09-29 15:00:00,18.4865,-69.62217,wind,23.341840327904112,3.1921966939001685,87.69073251697642,11.11111111,1,-5.5852203369140625,3.30621337890625,0.03900432586669922,295.646484375,8158.59375,0.011571049690246582,-6.9592437744140625,3.509735107421875,-0.048468589782714844,292.66455078125,15339.5,0.0047730980440974236,-4.43316650390625,2.11688232421875,-0.06049919128417969,283.357177734375,31442.4375,0.0036370542366057634,-5.44746591756815,-6.812172913588488,-4.344269881640871,7.794184654984159,12.289306640625,11.990277777777777,0,0,0,1,0,0,0,0,0
Caley,2009,2009-09-29 16:00:00,18.54683,-69.37233,wind,27.183509638736133,3.338737042318751,75.67320701103074,13.88888889,1,-5.4710540771484375,2.3647003173828125,-0.031042098999023438,295.865234375,8140.65625,0.012722169980406761,-7.7717742919921875,3.852569580078125,0.010843276977539062,292.941162109375,15315.07421875,0.004708731546998024,-4.32440185546875,2.0881805419921875,0.0069580078125,283.25537109375,31413.7109375,0.0036334507167339325,-4.7157548519576595,-6.576746542474235,-3.6731887794407045,8.674258931748234,12.60986328125,11.989722222222222,0,0,0,1,0,0,0,0,0
Caley,2009,2009-09-29 17:00:00,18.57417,-69.1435,wind,24.312122600398304,3.231283435141714,82.78033179022884,12.5,1,-5.473541259765625,2.6743011474609375,-0.07123661041259766,296.4560546875,8052.05859375,0.012207688763737679,-7.8424530029296875,4.0365142822265625,0.014476776123046875,292.62841796875,15229.75390625,0.005796405486762524,-4.1145172119140625,2.0986785888671875,-0.009305953979492188,283.243896484375,31327.88671875,0.0035981701221317053,-5.094055367270347,-7.272990982418902,-3.8181468507928353,8.820290054968709,13.212158203125,11.989722222222222,0,0,0,1,0,0,0,0,0
Caley,2009,2009-09-29 18:00:00,18.63817,-68.97933,wind,18.70723283550901,2.980985717371847,67.61455714942025,10.0,1,-3.8652801513671875,2.946990966796875,-0.53082275390625,297.709228515625,8015.546875,0.0129928570240736,-4.502716064453125,4.124603271484375,-0.2100515365600586,291.02978515625,15211.453125,0.010726401582360268,-3.8910980224609375,2.0519561767578125,-0.10360527038574219,283.08251953125,31299.328125,0.0038017763290554285,-2.4516848748701108,-2.5926088876193853,-2.8164181740474765,6.1062921731787325,14.626708984375,11.989166666666666,0,0,0,1,0,0,0,0,0
Caley,2009,2009-09-29 19:00:00,18.66167,-68.80483,wind,18.569413345866863,2.9739678037418407,81.88261571834062,0.0,0,-3.7414093017578125,3.7471923828125,-0.13239479064941406,296.7861328125,7972.85546875,0.013377059251070023,-4.097930908203125,5.1563873291015625,-0.06415367126464844,292.289794921875,15163.19140625,0.007163955830037594,-3.96405029296875,1.8033447265625,-0.053908348083496094,282.952880859375,31253.34375,0.003816078184172511,-3.1748139986257766,-3.32878296823795,-3.6696987402473864,6.586453371589723,13.833251953125,11.989166666666666,0,0,0,1,0,0,0,0,0
Caley,2009,2009-10-09 22:00:00,18.62933,-68.79683,wind,10.014516658174959,2.399214098962436,70.6432371367818,0.0,0,-5.437652587890625,-5.44488525390625,-0.32672691345214844,295.5068359375,7843.33203125,0.01596149429678917,-5.2010650634765625,-3.71026611328125,-0.33162689208984375,291.91845703125,15032.53515625,0.012205448932945728,-7.5239715576171875,-0.7462005615234375,-0.01139068603515625,283.487060546875,31154.49609375,0.008006831631064415,-6.93498181184189,-6.13682964080474,-7.34599199898028,6.388830286201036,12.019775390625,11.81638888888889,0,0,0,1,0,0,0,0,0
Caley,2009,2009-10-14 14:00:00,18.635,-68.79683,wind,10.359169262498703,2.43002528231783,67.25344561742173,0.0,0,-5.425689697265625,-1.2855987548828125,-0.07767486572265625,294.44921875,7867.26171875,0.015002137050032616,-6.36578369140625,-0.9702301025390625,-0.047928810119628906,290.910888671875,15030.34375,0.011706178076565266,-6.071044921875,-1.169952392578125,-0.027250289916992188,282.59130859375,31097.31640625,0.005511345807462931,-5.500786312591194,-6.245824743851006,-6.051233232667062,6.439297202152323,11.85791015625,11.731388888888889,0,0,0,1,0,0,0,0,0
Caley,2009,2009-10-16 15:00:00,18.60217,-68.88883,wind,10.34064511313377,2.4283931849649303,250.21549945724584,0.0,0,-3.608917236328125,4.3525543212890625,-0.34500598907470703,295.645751953125,7947.37109375,0.013817185536026955,-4.41741943359375,4.02252197265625,-0.35799503326416016,291.631103515625,15134.23828125,0.011863178573548794,-7.3678436279296875,3.4493865966796875,-0.10422992706298828,283.305908203125,31236.11328125,0.005954712629318237,1.922624084650563,2.795112778548935,5.765377223057202,5.9744688025626225,12.33984375,11.698333333333334,0,0,0,1,0,0,0,0,0
Caley,2009,2009-11-09 16:00:00,18.46717,-68.87233,wind,13.117823062690405,2.647438046148634,171.4459419042728,6.388888889,1,-6.6492919921875,-7.53546142578125,-0.10807609558105469,293.142578125,7868.97265625,0.01562999188899994,-8.431655883789062,-8.357177734375,0.19451427459716797,289.415771484375,14989.60546875,0.010356692597270012,-2.150115966796875,-4.550872802734375,-0.17566680908203125,280.799072265625,30967.0078125,0.007100723683834076,6.462604560284955,7.0100668549594465,4.180435172705079,11.871614912326292,12.343505859375,11.334444444444445,0,0,0,1,0,0,0,0,0
Caley,2009,2009-11-09 17:00:00,18.57733,-68.89533,wind,12.486967871135423,2.6017238763220085,348.8054827365793,3.888888889,1,-6.7773590087890625,-7.1946868896484375,0.013590812683105469,293.546142578125,7806.94921875,0.015217972919344902,-9.28955078125,-7.9630126953125,0.07845020294189453,290.091796875,14940.765625,0.010078216902911663,-2.1082000732421875,-4.517578125,-0.44780921936035156,280.77099609375,30926.28125,0.007070676423609257,-5.7420391506227215,-6.008028468845813,-4.0223385215193055,12.235412739386053,12.775146484375,11.329444444444444,0,0,0,1,0,0,0,0,0
Caley,2009,2009-11-10 16:00:00,18.49717,-68.51033,wind,22.762002417879778,3.1680877677901425,96.79198219265515,5.555555556,1,-6.5388336181640625,-3.261962890625,-0.25466346740722656,293.035400390625,7727.21484375,0.013794402591884136,-5.894927978515625,-1.8181610107421875,-0.10321712493896484,289.234375,14843.015625,0.008708441630005836,-0.33294677734375,-0.7435455322265625,0.1186513900756836,280.4697265625,30769.08203125,0.005521394778043032,-6.10716843695675,-5.638532933737236,-0.24267475625924118,6.168945236656699,12.565673828125,11.319722222222222,0,0,0,1,0,0,0,0,0
Caley,2009,2009-11-10 17:00:00,18.55383,-68.39583,wind,13.61723460331697,2.6822012848103025,62.42219989175277,8.611111111,1,-5.91375732421875,-3.672119140625,-0.15931415557861328,293.113525390625,7658.58203125,0.013868766836822033,-4.793060302734375,-2.105682373046875,-0.057412147521972656,289.337890625,14775.578125,0.008786196820437908,0.1260223388671875,0.0175018310546875,-0.06633567810058594,280.535400390625,30707.6796875,0.0054849181324243546,-6.941871305023861,-5.223318469831686,0.11980658028911195,5.23520059995875,12.578125,11.316944444444445,0,0,0,1,0,0,0,0,0
Caley,2009,2009-11-10 18:00:00,18.49367,-68.26367,wind,15.456729231542637,2.8007344653906125,115.62361730701258,10.83333333,1,-5.2674560546875,-4.0781402587890625,0.03573799133300781,293.30322265625,7587.4140625,0.01320275105535984,-3.8247222900390625,-2.36407470703125,0.019814491271972656,289.333251953125,14706.8515625,0.008411234244704247,0.6593170166015625,0.6314849853515625,-0.07722759246826172,280.5439453125,30644.3828125,0.005269960965961218,-2.985802508519164,-2.4262157550901255,0.32138566745425334,4.496370738311794,12.75927734375,11.319722222222222,0,0,0,1,0,0,0,0,0
Caley,2009,2009-11-10 19:00:00,18.213,-68.1875,wind,32.22778619112846,3.5033864593566424,165.5436392920867,13.61111111,1,-5.62188720703125,-3.84466552734375,0.14752864837646484,293.84814453125,7550.82421875,0.012086004950106144,-3.916534423828125,-2.3359527587890625,0.1187582015991211,289.537353515625,14676.4921875,0.008423743769526482,1.4342041015625,0.831451416015625,-0.08333396911621094,280.64697265625,30621.328125,0.005333187058568001,2.31947374710695,1.2842583543952086,-0.44708769387678954,4.56025407015058,13.201171875,11.332777777777778,0,0,0,1,0,0,0,0,0
Caley,2009,2009-11-10 20:00:00,18.00083,-68.014,wind,29.880355916551494,3.4301202508852153,142.1170596262944,6.111111111,1,-4.956817626953125,-3.8624420166015625,-0.0965423583984375,293.42041015625,7512.51953125,0.013353170827031136,-4.074676513671875,-1.4913787841796875,-0.022912979125976562,289.5185546875,14639.70703125,0.00903480127453804,2.1136627197265625,0.539276123046875,-0.10809326171875,280.5478515625,30580.9375,0.0052895923145115376,0.004762851940375956,-1.3249600469106821,0.8722622486698379,4.339032077430457,12.87255859375,11.342222222222222,0,0,0,1,0,0,0,0,0
Caley,2009,2009-11-10 21:00:00,17.77217,-67.802,wind,33.908024393638144,3.552716728098751,138.54449656642265,10.27777778,1,-5.2705841064453125,-0.63189697265625,-0.3912954330444336,292.574462890625,7563.39453125,0.014441478066146374,-5.6278228759765625,-0.4969329833984375,-0.827484130859375,288.569091796875,14673.28515625,0.010687451809644699,2.3274078369140625,-0.720611572265625,-1.1980657577514648,280.000244140625,30587.171875,0.005974062718451023,-3.015740135737203,-3.353397321578982,2.0809097190755708,5.649719702193586,12.57421875,11.352777777777778,0,0,0,1,0,0,0,0,0
Caley,2009,2009-11-10 22:00:00,17.51333,-67.55783,wind,38.70166857450791,3.681393216394509,138.00882717979925,8.888888889,1,-6.0124664306640625,1.1893463134765625,0.31668567657470703,294.086669921875,7534.484375,0.013064507395029068,-6.12689208984375,0.623291015625,0.6409149169921875,289.4453125,14667.55078125,0.009811697527766228,1.5659027099609375,1.912445068359375,0.5563163757324219,280.437255859375,30620.5,0.006250152830034494,-4.906416041130156,-4.562249235846062,-0.3738066557785722,6.15851429898062,13.6494140625,11.364444444444445,0,0,0,1,0,0,0,0,0
Caley,2009,2009-11-11 14:00:00,15.54633,-66.48133,wind,33.65724734359674,3.5455068623106736,217.51584828021248,9.444444444,1,-8.334732055664062,4.8842010498046875,-0.06156730651855469,294.738525390625,7671.50390625,0.015972236171364784,-5.00152587890625,7.665130615234375,0.004909515380859375,291.271240234375,14843.6953125,0.011235777288675308,-1.1176910400390625,6.6881256103515625,0.15222930908203125,281.85791015625,30908.1484375,0.005952821113169193,1.2016175827850883,-3.0340325562921064,-4.624267961199956,9.152567315566285,12.880615234375,11.44138888888889,0,0,0,1,0,0,0,0,0
Caley,2009,2009-11-11 15:00:00,15.28317,-66.64417,wind,34.07295049438883,3.5574301921897518,210.83891652823937,8.333333333,1,-8.256973266601562,5.9355926513671875,-0.27828407287597656,294.461181640625,7689.2421875,0.016538482159376144,-5.9777069091796875,8.044631958007812,-0.2607898712158203,291.189453125,14860.015625,0.011649273335933685,-1.581329345703125,6.548828125,0.14140796661376953,281.7685546875,30921.21484375,0.006005456205457449,-0.8636299451719891,-3.8428877938723334,-4.812271006108072,10.022429008571484,12.692626953125,11.453333333333333,0,0,0,1,0,0,0,0,0
Caley,2009,2009-11-11 16:00:00,15.04567,-66.687,wind,26.805849474162983,3.3252464113026114,189.87944180894166,7.5,1,-8.978240966796875,6.621856689453125,0.04474830627441406,295.187255859375,7601.28125,0.015459612011909485,-5.3358917236328125,7.6709747314453125,0.09568405151367188,291.708984375,14784.2421875,0.01153181865811348,-0.6850128173828125,6.8894195556640625,0.5032243728637695,281.75537109375,30878.328125,0.00537406001240015,-4.983213564499355,-6.641712529194948,-6.669724522848825,9.344281342982221,13.431884765625,11.463888888888889,0,0,0,1,0,0,0,0,0
Caley,2009,2009-11-11 17:00:00,14.84117,-66.73483,wind,23.312736046459513,3.1910003301833396,192.73986384260266,5.555555556,1,-9.149215698242188,7.8316802978515625,-0.04322338104248047,295.618896484375,7494.83203125,0.015173738822340965,-5.3628692626953125,7.8072662353515625,-0.15495872497558594,291.9912109375,14685.06640625,0.011454223655164242,-0.4989013671875,6.9176177978515625,0.17173194885253906,282.179443359375,30791.89453125,0.0055366745218634605,-5.621245156932971,-6.432415745805832,-6.637295210976477,9.471735469195849,13.439453125,11.473055555555556,0,0,0,1,0,0,0,0,0
Caley,2009,2009-11-11 18:00:00,14.671,-66.73417,wind,18.922173751720415,2.9918333702852027,179.78502572667946,6.388888889,1,-8.14007568359375,7.715972900390625,0.0025033950805664062,295.4208984375,7430.42578125,0.015895066782832146,-5.091705322265625,8.041091918945312,-0.052071571350097656,291.942138671875,14618.71484375,0.011416892521083355,0.020751953125,7.1350250244140625,0.0918741226196289,282.424072265625,30724.64453125,0.005817047785967588,-7.746460153939485,-8.060139398234627,-7.134896941234041,9.517595407334548,12.996826171875,11.480833333333333,0,0,0,1,0,0,0,0,0
Caley,2009,2009-11-11 19:00:00,14.4815,-66.77133,wind,21.447554183420955,3.111181663194119,190.75066935030327,5.833333333,1,-7.435150146484375,7.141326904296875,-0.13604736328125,295.68505859375,7367.00390625,0.01552095077931881,-5.1797943115234375,7.5496826171875,0.0012693405151367188,292.09912109375,14557.44140625,0.011040362529456615,0.5428619384765625,7.2018890380859375,0.03874778747558594,282.737548828125,30676.55859375,0.006228789687156677,-5.6290643463355465,-6.450956647469498,-7.176746086507161,9.155761941529152,12.947509765625,11.489166666666666,0,0,0,1,0,0,0,0,0
Caley,2009,2009-11-11 20:00:00,14.29483,-66.8025,wind,21.02650643171553,3.092246565928967,189.19143282811555,7.222222222,1,-7.4912872314453125,6.5356903076171875,-0.13063430786132812,296.005615234375,7325.625,0.014689846895635128,-5.664520263671875,7.0484619140625,-0.10938835144042969,292.10009765625,14517.23828125,0.01073025818914175,0.6072845458984375,6.86236572265625,-0.0701761245727539,283.02490234375,30644.1640625,0.006464344449341297,-5.255162933658759,-6.053146669789853,-6.871257784042443,9.042544175813513,12.980712890625,11.4975,0,0,0,1,0,0,0,0,0
Caley,2009,2009-11-11 21:00:00,14.09933,-66.85183,wind,22.37956969569353,3.1518625510710243,193.7518562059111,6.666666667,1,-8.42156982421875,6.4167327880859375,-0.09088897705078125,296.08203125,7319.953125,0.014334190636873245,-6.177276611328125,6.63433837890625,-0.15622329711914062,292.31982421875,14513.5,0.009913557209074497,0.2134246826171875,6.5924530029296875,-0.06532478332519531,283.22412109375,30645.64453125,0.006676304154098034,-4.230839742483418,-4.975714990893071,-6.454210930125669,9.064943025672576,12.85791015625,11.506388888888889,0,0,0,1,0,0,0,0,0
Caley,2009,2009-11-11 22:00:00,13.886,-66.97,wind,26.93061925734319,3.3297235514743884,208.27205302401157,4.722222222,1,-8.341506958007812,6.8183135986328125,-0.026037216186523438,296.57568359375,7333.203125,0.013170117512345314,-6.54779052734375,5.9820556640625,-0.08456611633300781,292.4873046875,14528.7890625,0.008820625022053719,0.3409576416015625,7.4748382568359375,-0.12176132202148438,282.886474609375,30654.0625,0.006981370970606804,-2.0539194783534263,-2.167029378829792,-6.744651086460739,8.868965596839057,13.689208984375,11.515833333333333,0,0,0,1,0,0,0,0,0
Caley,2009,2009-11-12 16:00:00,10.75733,-68.37233,wind,13.797802919581326,2.6944787183704326,191.72164107704918,5.833333333,1,-0.23974609375,2.2569122314453125,0.24106121063232422,297.451904296875,7428.296875,0.015241269022226334,-3.9261016845703125,4.6733856201171875,0.2590513229370117,292.64990234375,14655.84765625,0.012900036759674549,-5.574493408203125,4.912811279296875,-0.1527881622314453,282.642333984375,30784.16796875,0.007198486011475325,-2.1611407831138814,-3.7783119261147577,-3.6778620874626835,6.103671648434568,14.8095703125,11.645833333333334,0,0,0,1,0,0,0,0,0
Caley,2009,2009-11-12 17:00:00,10.53017,-68.38533,wind,25.29895964076146,3.269529381015809,183.22034049898744,13.05555556,1,-1.3125762939453125,0.7542877197265625,0.13277435302734375,299.04541015625,7317.69921875,0.016435544937849045,-2.7829742431640625,4.70220947265625,0.04351520538330078,292.98974609375,14565.453125,0.013720642775297165,-5.9448394775390625,5.545166015625,0.13839435577392578,282.53466796875,30700.12890625,0.007311600260436535,-0.6793613831011197,-4.538447898814811,-5.202452511546526,5.464038759274384,16.5107421875,11.655833333333334,0,0,0,1,0,0,0,0,0
Caley,2009,2009-11-12 18:00:00,10.392,-68.34617,wind,15.949360464757577,2.8302301024218703,164.42285558392575,0.0,0,-1.8711700439453125,-0.609771728515625,-0.13881874084472656,298.538330078125,7212.80859375,0.01787687838077545,-2.4824066162109375,4.9901580810546875,-0.011218070983886719,293.450927734375,14469.234375,0.013929018750786781,-4.8718719482421875,6.34490966796875,0.1458110809326172,282.472900390625,30611.64453125,0.007505785673856735,0.084898919550503,-5.47348291747137,-7.420130638006881,5.573510588679565,16.0654296875,11.661944444444444,0,0,0,1,0,0,0,0,0
Caley,2009,2009-11-14 15:00:00,10.36683,-68.17583,wind,21.300404147724418,3.104604801518191,73.97414750266842,11.94444444,1,-0.6900787353515625,3.4253692626953125,0.11224842071533203,297.314208984375,7656.38671875,0.014891781844198704,-2.0563507080078125,4.7581939697265625,0.0203094482421875,291.4609375,14856.33984375,0.013885261490941048,-5.17108154296875,2.23236083984375,-0.04076671600341797,282.781494140625,30959.58203125,0.007657542824745178,0.28238496010497727,-0.6628355662290786,-4.353828754137133,5.183530465606087,14.53271484375,11.649444444444445,0,0,0,1,0,0,0,0,0
Caley,2009,2009-11-22 17:00:00,10.3,-67.98883,wind,13.167404303982659,2.6509438544231663,112.9378602933682,11.38888889,1,-2.3809967041015625,-0.7703094482421875,-0.4628562927246094,297.4853515625,7592.1171875,0.015894388779997826,-2.698699951171875,2.5552825927734375,-0.8101139068603516,292.279052734375,14807.828125,0.014758815057575703,-10.551651000976562,4.97222900390625,-0.7111015319824219,282.9248046875,30918.63671875,0.008189922198653221,-1.8925120321766717,-3.48118541288787,-11.65515125998743,3.7165105348143466,14.560546875,11.60361111111111,0,0,0,1,0,0,0,0,0
Caley,2009,2009-11-22 18:00:00,10.39767,-68.11533,wind,17.590344767438374,2.9226423474160534,308.1383967589117,11.94444444,1,-3.5167236328125,-1.3357696533203125,-0.1818227767944336,296.347900390625,7557.21484375,0.014830445870757103,-4.343963623046875,3.0293121337890625,0.3462800979614258,292.40234375,14761.89453125,0.012906113639473915,-10.881805419921875,4.6811065673828125,0.28059864044189453,282.858154296875,30881.41015625,0.008394325152039528,1.9410561305372016,5.287411479469704,11.44965085479436,5.295918424813224,13.48974609375,11.598611111111111,0,0,0,1,0,0,0,0,0
Caley,2009,2009-11-24 15:00:00,10.26417,-67.9315,wind,19.569969787408308,3.0238322348941375,111.4245479220022,16.11111111,1,-1.747833251953125,-2.42132568359375,-0.32951927185058594,295.914306640625,7683.953125,0.01814083382487297,-5.57525634765625,-0.8477020263671875,-0.03092670440673828,290.91259765625,14857.515625,0.012723192572593689,-8.786117553710938,-0.914825439453125,-0.051741600036621094,282.402099609375,30939.921875,0.007185948081314564,-0.7426056054032273,-4.880357886859011,-7.844828114368622,5.639333477246078,13.51220703125,11.594444444444445,0,0,0,1,0,0,0,0,0
Caley,2009,2009-11-24 16:00:00,10.08483,-67.87967,wind,20.73281729470532,3.078823435873951,164.11651752202965,9.444444444,1,-2.4794158935546875,-1.3070068359375,-0.05932426452636719,298.07373046875,7598.4140625,0.014307763427495956,-4.2483367919921875,-0.3780517578125,-0.3215360641479492,291.346923828125,14805.703125,0.013475930318236351,-7.9663238525390625,-0.675933837890625,-0.19162654876708984,282.49658203125,30898.5546875,0.00719427177682519,0.5785342584944434,-0.7990752687641134,-1.5301122073231408,4.265124691000205,15.5771484375,11.60388888888889,0,0,0,1,0,0,0,0,0
Caley,2009,2009-11-24 17:00:00,9.98633,-67.6405,wind,28.385756610824767,3.3805100879320378,112.67576794444642,13.88888889,1,-2.359954833984375,-0.7563934326171875,-0.0894021987915039,299.13623046875,7481.90234375,0.012893468141555786,-4.16851806640625,-0.10638427734375,-0.45118045806884766,292.3603515625,14715.11328125,0.012570382095873356,-7.49029541015625,-0.118438720703125,-0.22396373748779297,282.8564453125,30812.89453125,0.007464152295142412,-1.8859315501935099,-3.8052838725498312,-6.865644694237466,4.169875355981429,16.27978515625,11.608888888888888,0,0,0,1,0,0,0,0,0
Caley,2009,2009-11-24 18:00:00,9.95667,-67.378,wind,28.93630633050586,3.399072002326314,96.52182126448918,18.88888889,1,-2.4047393798828125,-0.0022430419921875,-0.17578125,301.004638671875,7382.2265625,0.012378241866827011,-4.6738739013671875,0.05413818359375,-0.6902532577514648,293.093505859375,14638.44921875,0.012146398425102234,-7.136993408203125,0.0239715576171875,-0.056878089904785156,282.350830078125,30745.36328125,0.008021097630262375,-2.3889227490991725,-4.649776822322347,-7.0935302956648485,4.674187436207941,18.65380859375,11.610555555555555,0,0,0,1,0,0,0,0,0
Caley,2009,2009-11-24 19:00:00,9.85383,-67.11617,wind,30.87585095836485,3.4618486998552536,111.71547276900685,6.666666667,1,-5.496612548828125,0.0373077392578125,-0.03994178771972656,299.794677734375,7307.83203125,0.01304926723241806,-5.8229522705078125,0.2276153564453125,-0.056632041931152344,292.495361328125,14551.34765625,0.012951292097568512,-6.733856201171875,0.0217742919921875,0.05465888977050781,282.7431640625,30669.38671875,0.008255470544099808,-5.120336503177186,-5.493930144190274,-6.264028959221847,5.827399239377873,17.051513671875,11.615833333333333,0,0,0,1,0,0,0,0,0
Caley,2009,2009-11-25 14:00:00,9.667,-66.871,wind,22.011948158736114,3.1360135662058846,128.0324459350636,13.05555556,1,-5.6348419189453125,0.0850067138671875,-0.024886131286621094,296.390380859375,7696.5,0.013792898505926132,-9.538772583007812,1.32037353515625,-0.04767131805419922,290.601806640625,14867.98828125,0.01144411601126194,-6.8812408447265625,1.18194580078125,-0.13882732391357422,282.466796875,30932.46875,0.007628836669027805,-4.490724056860842,-8.326820743825346,-6.148297637103726,9.629723187230386,13.923583984375,11.620555555555555,0,0,0,1,0,0,0,0,0
Caley,2009,2009-11-25 15:00:00,9.60183,-66.66683,wind,23.526312661140622,3.199746527409137,107.92283824239803,8.888888889,1,-7.1470794677734375,1.0205841064453125,-0.051636695861816406,297.369140625,7702.5859375,0.013119921088218689,-8.716537475585938,1.1802215576171875,0.008309364318847656,290.4033203125,14890.10546875,0.012602737173438072,-7.055572509765625,1.193939208984375,-0.1474294662475586,282.431396484375,30951.2734375,0.007834098301827908,-7.114315044165052,-8.65673627859759,-7.080596341455091,8.796075743668787,14.937744140625,11.623888888888889,0,0,0,1,0,0,0,0,0
Caley,2009,2009-11-25 16:00:00,9.50667,-66.394,wind,31.732645305931015,3.4883729073043277,109.45574187163209,7.5,1,-6.6394805908203125,1.4552001953125,-0.05578136444091797,298.0791015625,7622.71875,0.01287519559264183,-7.3124847412109375,1.3917083740234375,0.07959270477294922,290.8994140625,14824.9765625,0.012622718699276447,-7.687347412109375,1.600616455078125,-0.06906414031982422,282.453125,30885.5390625,0.007717326283454895,-6.745056068529673,-7.358483280636964,-7.781523754828661,7.443741350206209,15.6259765625,11.62888888888889,0,0,0,1,0,0,0,0,0
Caley,2009,2009-11-25 17:00:00,9.426,-66.10733,wind,32.69667470871593,3.517399159157911,105.89923986550707,8.611111111,1,-5.9853668212890625,1.39447021484375,-0.02006816864013672,298.248291015625,7577.03125,0.012911414727568626,-6.4765472412109375,1.1038360595703125,0.04488372802734375,291.056396484375,14784.44140625,0.012714734300971031,-7.6356353759765625,1.9682464599609375,0.01728534698486328,282.448486328125,30849.21875,0.007691023871302605,-6.138406456684155,-6.531178544340389,-7.88272786629611,6.5699405030825595,15.7998046875,11.633055555555556,0,0,0,1,0,0,0,0,0
Caley,2009,2009-11-25 18:00:00,9.3445,-65.818,wind,33.00972203125612,3.52664642583828,105.91079182534361,9.166666667,1,-6.3898773193359375,0.5912628173828125,-0.07373523712158203,298.295654296875,7462.12109375,0.013445337302982807,-6.71405029296875,0.5212860107421875,-0.15851879119873047,291.126953125,14672.875,0.01334415003657341,-7.3960418701171875,2.07379150390625,0.01748180389404297,282.501708984375,30753.6796875,0.007962355390191078,-6.307168149787336,-6.599738489781838,-7.681207174903049,6.734256487653946,15.7939453125,11.637222222222222,0,0,0,1,0,0,0,0,0
Caley,2009,2009-11-25 19:00:00,9.22533,-65.70983,wind,17.79036843677733,2.9333444213639157,138.13719832117613,10.27777778,1,-6.30706787109375,-0.0680084228515625,0.05082988739013672,298.7373046875,7392.73046875,0.013475071638822556,-6.701263427734375,-0.1345367431640625,0.07338523864746094,291.38623046875,14612.90625,0.013420961797237396,-6.817779541015625,2.0494842529296875,0.037128448486328125,282.624755859375,30700.80078125,0.00813401397317648,-4.158367660207351,-4.37188711106768,-6.076182691771486,6.702613793375795,16.112548828125,11.643611111111111,0,0,0,1,0,0,0,0,0
Caley,2009,2009-11-25 20:00:00,9.13933,-65.5855,wind,16.664522555332976,2.8715582527262367,125.00847614638298,0.0,0,-6.4720306396484375,-1.1648712158203125,0.038771629333496094,298.976318359375,7351.921875,0.01368347741663456,-7.0194091796875,-1.0405120849609375,0.05097770690917969,291.703369140625,14579.796875,0.013609903864562511,-6.390411376953125,1.5181121826171875,0.1265697479248047,282.56005859375,30673.80859375,0.008190538734197617,-4.632744064436968,-5.152428399391944,-6.105113575496139,7.096109541913153,16.416259765625,11.648055555555555,0,0,0,1,0,0,0,0,0
Caley,2009,2009-11-26 14:00:00,9.07383,-65.28983,wind,24.13779292296569,3.22437240785895,94.43196565562965,12.22222222,1,-7.983917236328125,1.541229248046875,-0.026953697204589844,295.271240234375,7787.5078125,0.014294535852968693,-9.322418212890625,0.534027099609375,-0.13090038299560547,291.242919921875,14943.2265625,0.011501699686050415,-2.33123779296875,-2.093292236328125,0.030503273010253906,282.312255859375,30997.71484375,0.006600131280720234,-8.079142605853937,-9.335809364349208,-2.1625071750980704,9.337701338078448,12.958984375,11.646944444444445,0,0,0,1,0,0,0,0,0
Caley,2009,2009-11-26 15:00:00,9.01733,-65.06033,wind,25.97314067211328,3.2948415809507092,103.97976147131175,10.55555556,1,-7.79486083984375,1.4134063720703125,0.0107421875,296.3837890625,7767.4375,0.014153288677334785,-9.371429443359375,1.2847442626953125,-0.12120532989501953,290.630126953125,14935.84375,0.012226171791553497,-2.438018798828125,-1.9736480712890625,-0.053096771240234375,282.380615234375,30998.45703125,0.006357789039611816,-7.90543529003308,-9.404225614335449,-1.889015199973946,9.459083339964371,14.003173828125,11.65,0,0,0,1,0,0,0,0,0
Caley,2009,2009-11-26 16:00:00,8.9655,-64.78083,wind,31.233399322068255,3.4730031610093612,100.61137221575024,13.33333333,1,-8.013931274414062,1.09014892578125,0.059429168701171875,297.379150390625,7671.03515625,0.013822495937347412,-8.925445556640625,1.134490966796875,-0.10651016235351562,290.447998046875,14861.16015625,0.013112091459333897,-2.4392242431640625,-1.576416015625,-0.07772350311279297,282.410400390625,30931.27734375,0.006156154442578554,-8.07763062886209,-8.981722369148963,-2.1072192257433047,8.997257812150298,14.96875,11.652777777777779,0,0,0,1,0,0,0,0,0
Caley,2009,2009-11-26 17:00:00,8.87817,-64.55183,wind,26.964760271933955,3.3309451558046232,111.09001422295586,11.94444444,1,-7.9512176513671875,0.650848388671875,0.07304191589355469,298.002685546875,7604.92578125,0.013445613905787468,-8.3421630859375,0.6629486083984375,-0.031249046325683594,290.92431640625,14810.546875,0.013141214847564697,-2.48260498046875,-0.9765167236328125,-0.09527397155761719,282.465576171875,30887.46875,0.006252651568502188,-7.652812887397109,-8.021925408558522,-1.9649267032580628,8.36846376641231,15.537109375,11.657222222222222,0,0,0,1,0,0,0,0,0
Caley,2009,2009-11-26 18:00:00,8.84667,-64.23917,wind,34.52924792434858,3.5703562424671813,95.79798760412649,7.5,1,-7.574249267578125,-0.1167449951171875,-0.07673263549804688,298.374755859375,7501.02734375,0.013520287349820137,-7.9549560546875,0.156646728515625,-0.0645303726196289,291.207275390625,14713.30859375,0.013302274979650974,-2.7030029296875,-0.3031768798828125,-0.11172294616699219,282.479736328125,30798.99609375,0.006808693055063486,-7.5237076220398285,-7.9300852133911635,-2.6585477241118745,7.956498226579577,15.89501953125,11.658888888888889,0,0,0,1,0,0,0,0,0
Caley,2009,2009-11-26 19:00:00,8.6705,-64.04767,wind,28.751529861608127,3.3928805545890754,132.93284179030815,13.61111111,1,-7.457794189453125,-0.94512939453125,-0.0608062744140625,298.373779296875,7456.51953125,0.013506557792425156,-7.613983154296875,-0.633331298828125,-0.044098854064941406,291.2216796875,14670.3984375,0.013356730341911316,-2.5903167724609375,0.22918701171875,-0.006146430969238281,282.535888671875,30753.75,0.0069381543435156345,-4.816477290392361,-5.14320980289055,-2.0526157264617075,7.640278005936166,15.837890625,11.668055555555556,0,0,0,1,0,0,0,0,0
Caley,2009,2009-11-26 20:00:00,8.50433,-63.94633,wind,21.576768090427233,3.1169214169638146,148.9015849048775,10.83333333,1,-7.249114990234375,-1.7148895263671875,-0.0007925033569335938,298.947021484375,7389.66796875,0.013170129619538784,-7.3982696533203125,-1.2548675537109375,-0.0524139404296875,291.78564453125,14615.3828125,0.013093977235257626,-3.00970458984375,0.0238189697265625,-0.04821968078613281,282.64453125,30706.17578125,0.007321230135858059,-2.275809836670345,-2.7467579045536494,-1.5749371826417613,7.5039380621508815,16.302490234375,11.676944444444445,0,0,0,1,0,0,0,0,0
Caley,2009,2009-11-26 21:00:00,8.43233,-63.85517,wind,12.830337351467783,2.6268645381100284,128.6015582939968,0.0,0,-7.6544036865234375,-2.8257598876953125,0.07657146453857422,298.503173828125,7399.81640625,0.013174586929380894,-7.9531707763671875,-1.9836578369140625,0.0629720687866211,291.646484375,14617.53125,0.013006670400500298,-3.0009765625,-0.38629150390625,-0.10654830932617188,282.66552734375,30707.6953125,0.007531746756285429,-4.218949303132142,-4.977825017562198,-2.1042661014496504,8.196817907701234,15.837646484375,11.680555555555555,0,0,0,1,0,0,0,0,0
Caley,2009,2009-11-27 14:00:00,8.3195,-63.572,wind,20.848887300386313,3.0841499957774587,103.61215748811003,8.055555556,1,-6.703460693359375,-0.6421661376953125,0.09778785705566406,294.382568359375,7722.12109375,0.014924789778888226,-10.835250854492188,1.0228424072265625,0.021056175231933594,290.906494140625,14870.5703125,0.011006873100996017,-5.494903564453125,2.457763671875,0.015372276306152344,282.267333984375,30948.203125,0.006222859490662813,-6.364035012503116,-10.771624676069202,-5.918988297710075,10.883421689422619,12.115234375,11.6825,0,0,0,1,0,0,0,0,0
Caley,2009,2009-11-27 15:00:00,8.3505,-63.3285,wind,27.010825555092215,3.332591062421836,82.65044804991038,6.944444444,1,-5.5189208984375,-0.7205657958984375,-0.025350570678710938,295.529052734375,7705.0390625,0.014980817213654518,-10.460098266601562,0.7508087158203125,-0.005248069763183594,290.124267578125,14861.08984375,0.012120896950364113,-6.2911834716796875,2.8735504150390625,0.028057098388671875,282.0302734375,30930.83984375,0.007149097975343466,-5.565754943338642,-10.2781147377851,-5.871904790885313,10.48700955824456,13.498779296875,11.681111111111111,0,0,0,1,0,0,0,0,0
Caley,2009,2009-11-27 16:00:00,8.38767,-63.11383,wind,23.974967522665388,3.2178740241399932,80.05740973114149,11.94444444,1,-5.353515625,-1.66796875,-0.01613903045654297,296.41748046875,7635.546875,0.015317749232053757,-9.26739501953125,1.111968994140625,0.049567222595214844,290.204833984375,14808.09375,0.013046497479081154,-5.679656982421875,3.146026611328125,0.01938152313232422,282.2625732421875,30877.67578125,0.007345189340412617,-5.56110621698881,-8.936216311435727,-5.051158525374081,9.333867659869767,14.1549072265625,11.678888888888888,0,0,0,1,0,0,0,0,0
Caley,2009,2009-11-27 17:00:00,8.31667,-62.82883,wind,32.33310001987366,3.5065508978916955,104.11218137062349,6.111111111,1,-4.4564666748046875,-2.0361328125,-0.2411975860595703,297.501953125,7545.1484375,0.014927142299711704,-5.8293609619140625,0.631134033203125,-0.36397838592529297,290.474609375,14740.7734375,0.014227094128727913,-5.2873077392578125,2.88995361328125,0.06077766418457031,282.7080078125,30808.76953125,0.007090210914611816,-3.8255190422222944,-5.807315872652454,-5.832369822088782,5.863427273545302,14.7939453125,11.682777777777778,0,0,0,1,0,0,0,0,0
Caley,2009,2009-11-27 19:00:00,8.188,-62.60417,wind,24.410276963381754,3.2351536970515666,126.62380567573558,5.833333333,1,-5.8531036376953125,-2.09735107421875,0.15364360809326172,297.71923828125,7368.3828125,0.014801491051912308,-6.5754241943359375,1.460296630859375,0.22879791259765625,291.674560546875,14575.859375,0.013460423797369003,-5.025787353515625,2.43157958984375,0.2509889602661133,282.935302734375,30674.31640625,0.007288847118616104,-3.4463311573890385,-6.148388302792923,-5.484123748764874,6.7356268888320745,14.783935546875,11.689444444444444,0,0,0,1,0,0,0,0,0
Caley,2009,2009-11-27 20:00:00,8.01767,-62.34267,wind,34.45893936261828,3.5683753893870573,123.3234661774519,12.5,1,-7.0852203369140625,-1.35272216796875,-0.11633872985839844,297.82373046875,7336.23046875,0.014432737603783607,-6.6704559326171875,0.32110595703125,-0.5731182098388672,291.927734375,14551.46875,0.013883894309401512,-4.735809326171875,2.31829833984375,-0.46300411224365234,283.11669921875,30666.45703125,0.007254024036228657,-5.1771473115250055,-5.750120195116352,-5.2307512449393245,6.67818024499405,14.70703125,11.698611111111111,0,0,0,1,0,0,0,0,0
Caley,2009,2009-11-28 14:00:00,7.81567,-62.01883,wind,20.033343625494695,3.0461089702051516,114.35492650882867,5.277777778,1,-8.285980224609375,0.4709930419921875,0.09020042419433594,295.297607421875,7700.4765625,0.013343659229576588,-9.319686889648438,0.3152618408203125,0.09741687774658203,289.022216796875,14845.14453125,0.012652049772441387,-8.828536987304688,1.867218017578125,0.0517730712890625,282.5400390625,30896.63671875,0.006974949035793543,-7.742829082283913,-8.620322835611335,-8.812889093283317,9.325017627294995,12.757568359375,11.705555555555556,0,0,0,1,0,0,0,0,0
Caley,2009,2009-11-28 15:00:00,7.71483,-61.8255,wind,24.07128494221649,3.2217231650337155,117.75024231534132,4.444444444,1,-7.710968017578125,0.3113861083984375,-0.03598308563232422,296.2451171875,7665.4296875,0.013445168733596802,-9.34765625,0.6137237548828125,-0.14495563507080078,290.42138671875,14831.484375,0.012668849900364876,-9.196578979492188,2.268829345703125,0.055118560791015625,282.544189453125,30887.5859375,0.007071574684232473,-6.969083243055687,-8.55830280201738,-9.1952489732787,9.367781712629277,13.700927734375,11.71111111111111,0,0,0,1,0,0,0,0,0
Caley,2009,2009-11-28 16:00:00,7.579,-61.588,wind,30.219094761545428,3.4410299192007154,119.97114555402686,11.94444444,1,-6.905792236328125,0.71954345703125,-0.1770029067993164,297.00048828125,7609.48046875,0.013602989725768566,-8.09686279296875,1.0246734619140625,-0.1490001678466797,290.060302734375,14789.7265625,0.013292890042066574,-9.083450317382812,2.1671295166015625,-0.07026004791259766,282.4599609375,30848.09375,0.0067766387946903706,-6.341787512464012,-7.526016561281059,-8.951404427457904,8.161442445530854,14.54052734375,11.718333333333334,0,0,0,1,0,0,0,0,0
Caley,2009,2009-11-29 14:00:00,6.90117,-60.52183,wind,17.110838307934003,2.8965105606049883,136.51425842180095,11.94444444,1,-6.1351165771484375,0.2734222412109375,0.01981830596923828,293.30859375,7811.828125,0.015080764889717102,-10.239852905273438,1.26409912109375,0.014544486999511719,289.995361328125,14948.125,0.012441878207027912,-12.403045654296875,3.63818359375,0.15318584442138672,281.76513671875,30980.61328125,0.00797082856297493,-4.420408280462316,-7.9639625645927605,-11.175122320540307,10.317583734071988,11.54345703125,11.751111111111111,0,0,0,1,0,0,0,0,0
Caley,2009,2009-11-29 15:00:00,6.8615,-60.43883,wind,10.169209342294106,2.413160826537673,115.70210578448712,11.11111111,1,-5.7398529052734375,1.0053863525390625,0.10337066650390625,292.886962890625,7795.7890625,0.015103792771697044,-9.5845947265625,0.8605499267578125,0.01926898956298828,289.6904296875,14929.4453125,0.012588378973305225,-12.061370849609375,3.4171905517578125,-0.047252655029296875,282.035400390625,30965.61328125,0.0076816449873149395,-5.607986292750056,-9.009519091810821,-12.350040767352368,9.623149289546149,10.8515625,11.753333333333334,0,0,0,1,0,0,0,0,0
Caley,2009,2009-11-29 16:00:00,6.70567,-60.27717,wind,24.87694221555396,3.2533523102392463,134.13957943571353,10.83333333,1,-4.2456207275390625,0.3326263427734375,0.2147369384765625,292.89404296875,7705.01953125,0.015634257346391678,-9.237625122070312,0.3032379150390625,0.26225948333740234,289.899169921875,14838.64453125,0.01263495348393917,-11.326248168945312,2.7860565185546875,0.16969776153564453,282.223388671875,30888.93359375,0.007795192301273346,-3.278494048546137,-6.840516661342838,-10.068463865553062,9.242600885520362,10.670654296875,11.761666666666667,0,0,0,1,0,0,0,0,0
Caley,2009,2009-11-29 17:00:00,6.55333,-60.06083,wind,29.290236822139395,3.4108254435011336,125.32066246520344,13.61111111,1,-2.7881011962890625,-0.094635009765625,0.14238739013671875,294.24365234375,7626.33984375,0.015457035042345524,-8.135238647460938,-0.4233245849609375,-0.012368202209472656,290.085205078125,14778.90625,0.013204976916313171,-11.063766479492188,1.9961090087890625,-0.12464714050292969,282.058349609375,30811.5390625,0.008684724569320679,-2.220179614681784,-6.393032399928606,-10.181303761744417,8.146245242771323,12.185302734375,11.769722222222223,0,0,0,1,0,0,0,0,0
Caley,2009,2009-11-29 18:00:00,6.3055,-59.84983,wind,36.09682148828346,3.613531291772891,139.75573233636692,11.38888889,1,-2.958160400390625,-0.5554351806640625,-0.12083148956298828,294.086669921875,7541.5859375,0.015397042036056519,-7.943328857421875,-1.0218963623046875,-0.06331920623779297,290.231689453125,14697.14453125,0.013358555734157562,-11.080795288085938,1.0855865478515625,-0.340576171875,282.330322265625,30748.1875,0.008421264588832855,-1.4871504077564812,-4.351758135237537,-7.987346457932495,8.008791763583485,11.75634765625,11.782777777777778,0,0,0,1,0,0,0,0,0
Caley,2009,2009-11-29 19:00:00,6.16317,-59.66583,wind,25.770980700442376,3.2873184911698843,127.87769256765466,7.222222222,1,-2.7264404296875,-1.9517059326171875,-0.0005178451538085938,294.250732421875,7466.66796875,0.01545011531561613,-7.6504974365234375,-1.694854736328125,0.10915088653564453,290.40625,14627.3828125,0.013240848667919636,-10.35784912109375,1.2307586669921875,0.07403182983398438,283.043212890625,30704.17578125,0.007840470410883427,-0.9537382820700173,-4.998111631466577,-8.931349168897418,7.8359838950514416,11.20751953125,11.790555555555555,0,0,0,1,0,0,0,0,0
Caley,2009,2009-11-29 20:00:00,6.03683,-59.61233,wind,15.24292392674635,2.787657363277812,157.16300048684275,0.0,0,-1.888031005859375,-2.87139892578125,0.03792285919189453,294.468505859375,7435.90625,0.01594126783311367,-7.972503662109375,-1.95587158203125,0.17789173126220703,291.0546875,14607.13671875,0.013092944398522377,-9.638931274414062,0.977783203125,-0.020061492919921875,283.347900390625,30708.0390625,0.0077312784269452095,1.9135525178917456,-1.291658741277129,-4.642110867873777,8.20891273481116,11.12060546875,11.797222222222222,0,0,0,1,0,0,0,0,0
Caley,2009,2009-11-30 14:00:00,5.87033,-59.43267,wind,18.515176781291203,2.9711924593305286,128.13550503579035,8.611111111,1,-3.6618804931640625,-1.1522369384765625,-0.048584938049316406,293.43505859375,7814.109375,0.015230660326778889,-7.236968994140625,-1.5173797607421875,-0.047019004821777344,289.88818359375,14957.83984375,0.012777906842529774,-11.99896240234375,-0.7398834228515625,0.009898185729980469,282.210693359375,31005.6953125,0.008785269223153591,-2.168728002579036,-4.755238584372173,-8.9809186197431,7.394333070701021,11.224365234375,11.803611111111111,0,0,0,1,0,0,0,0,0
Caley,2009,2009-11-30 15:00:00,5.71517,-59.3295,wind,20.686511655639244,3.0766904845943683,146.50890399793764,8.611111111,1,-4.2167205810546875,-1.6051177978515625,0.06661128997802734,293.786376953125,7764.796875,0.015075495466589928,-8.023681640625,-1.6434478759765625,0.06824684143066406,290.2880859375,14914.09765625,0.012563810683786869,-11.668548583984375,-0.650146484375,0.00324249267578125,282.271728515625,30971.03125,0.00881793349981308,-0.9881949412129174,-3.0569379889804513,-5.896587637855525,8.190261777938149,11.5146484375,11.811944444444444,0,0,0,1,0,0,0,0,0
Caley,2009,2009-11-30 16:00:00,5.55283,-59.19383,wind,23.478516078625585,3.1977958381035947,140.24376248897897,8.888888889,1,-2.654144287109375,-1.8953704833984375,0.045990943908691406,293.977783203125,7678.32421875,0.015773596242070198,-7.8272247314453125,-1.8021240234375,0.15158462524414062,290.2685546875,14828.6640625,0.012342587113380432,-11.337570190429688,-0.2519683837890625,0.04651451110839844,282.51171875,30893.453125,0.008968142792582512,-0.24027735138053585,-3.62026500290029,-7.056927187145243,8.032004606099258,11.466064453125,11.820555555555556,0,0,0,1,0,0,0,0,0
Caley,2009,2009-11-30 17:00:00,5.34683,-59.04317,wind,28.333913684744534,3.378744310321582,143.93620139485063,3.611111111,1,-1.394287109375,-2.9792938232421875,-0.052115440368652344,294.906982421875,7567.01171875,0.016396699473261833,-6.9216156005859375,-2.0140380859375,-0.19779396057128906,290.626220703125,14730.75,0.012519964948296547,-10.614410400390625,0.6350555419921875,0.21646690368652344,282.9140625,30807.4453125,0.009024648927152157,1.5875509860540669,-2.4465844473630796,-6.76190664444487,7.2086830929013255,11.992919921875,11.831666666666667,0,0,0,1,0,0,0,0,0
Caley,2009,2009-11-30 18:00:00,5.22367,-58.84267,wind,26.084044884003596,3.2989448048367502,121.66063362955282,0.0,0,-1.501739501953125,-3.0889129638671875,-0.1463756561279297,295.34423828125,7488.3046875,0.016416817903518677,-5.69830322265625,-2.381317138671875,-0.13686084747314453,290.719970703125,14657.59765625,0.012823877856135368,-10.069732666015625,0.6923675537109375,0.299591064453125,282.947265625,30741.02734375,0.009046342223882675,0.3430915949062161,-3.6003135332309446,-8.934488646485867,6.175866816266929,12.39697265625,11.838333333333333,0,0,0,1,0,0,0,0,0
Isabel,2009,2009-09-04 17:00:00,41.42417,-70.6085,wind,15.446394065231994,2.800106247421313,51.2597631410128,15.55555556,1,-8.424911499023438,-4.7335662841796875,0.0029687881469726562,291.7900390625,7907.9765625,0.002796625252813101,-4.735870361328125,-3.1091766357421875,-0.009126663208007812,288.03369140625,14960.40625,0.0062850601971149445,3.0947418212890625,-0.6667022705078125,0.1166219711303711,279.8330078125,30852.86328125,0.005289087537676096,-9.533577378099878,-5.639630291523354,1.9966551705846436,5.665284408708118,11.95703125,12.962777777777777,0,0,0,0,0,0,1,0,0
Isabel,2009,2009-09-04 20:00:00,41.35967,-70.48833,wind,12.11659263907618,2.573878042398653,138.77753017968604,18.33333333,1,-6.7767791748046875,-5.9249725341796875,0.11879444122314453,292.007080078125,7826.859375,0.004415031056851149,-3.1974945068359375,-5.459442138671875,0.10662078857421875,288.22607421875,14887.484375,0.007140031084418297,3.389068603515625,-1.086212158203125,0.1617145538330078,280.953125,30806.63671875,0.004935512784868479,-0.009285550681504162,1.9992557882188735,3.0503452000729876,6.326885457059589,11.053955078125,12.960833333333333,0,0,0,0,0,0,1,0,0
Isabel,2009,2009-09-04 21:00:00,41.46817,-70.62433,wind,16.55828773781839,2.865526074216781,316.8155219980273,0.0,0,-5.6344146728515625,-5.8274078369140625,0.13985347747802734,292.3583984375,7845.640625,0.0023272004909813404,-2.055145263671875,-6.0812835693359375,0.15140438079833984,288.420654296875,14901.6640625,0.002693525282666087,4.972320556640625,-1.1884613037109375,0.09659481048583984,281.1982421875,30798.30078125,0.0028250315226614475,-0.393168628172619,-3.027754720930308,-4.269376938244611,6.41916130857203,11.16015625,12.964166666666667,0,0,0,0,0,0,1,0,0
Isabel,2009,2009-09-05 16:00:00,41.34433,-70.77283,wind,17.490928310878317,2.91728025024358,252.80697181313653,14.16666667,1,1.0943145751953125,-2.1116790771484375,-0.06159019470214844,290.614990234375,8294.17578125,0.008602714166045189,2.5370025634765625,-5.8460540771484375,-0.016889572143554688,285.3798828125,15317.8984375,0.007104296237230301,8.944473266601562,-0.0766448974609375,-0.005626678466796875,276.6318359375,31043.7421875,0.0066244699992239475,-0.42121936554547024,-0.6955892247421551,-8.522127945797964,6.372811803280442,13.983154296875,12.915833333333333,0,0,0,0,0,0,1,0,0
Isabel,2009,2009-09-05 17:00:00,41.05983,-70.79717,wind,31.700427621535574,3.4873881549288828,183.6910548036385,13.88888889,1,0.7583160400390625,-2.16497802734375,-0.0588531494140625,290.59033203125,8301.05859375,0.008361674845218658,1.7830810546875,-6.1274261474609375,-0.11653709411621094,285.36669921875,15324.59765625,0.007230645976960659,8.1710205078125,-0.494476318359375,0.02571868896484375,276.3583984375,31050.75390625,0.006569931283593178,2.111669432543651,5.999927376654173,-0.032571164673973085,6.3815930017648,14.23193359375,12.9075,0,0,0,0,0,0,1,0,0
Isabel,2009,2009-09-05 18:00:00,40.70933,-70.57967,wind,43.04971691651713,3.785318925948761,154.7952199890491,12.5,1,-0.10400390625,-2.4993438720703125,0.06874370574951172,290.7060546875,8311.69140625,0.007239028811454773,0.4113922119140625,-6.288604736328125,0.0050182342529296875,285.385498046875,15334.40234375,0.007098077796399593,7.42803955078125,-0.6816864013671875,0.08897876739501953,276.42529296875,31066.7578125,0.0065457760356366634,2.217094600347995,5.865069626154434,3.7800502072505315,6.30204673751251,14.28076171875,12.897222222222222,0,0,0,0,0,0,1,0,0
Isabel,2009,2009-09-05 19:00:00,40.298,-70.46733,wind,46.71361353451564,3.865216756222184,168.23183909598583,13.61111111,1,-1.155120849609375,-3.3416748046875,0.14083576202392578,291.03662109375,8293.79296875,0.0061635300517082214,-1.4750213623046875,-5.976287841796875,0.05147361755371094,285.84716796875,15321.94921875,0.006353728007525206,6.7642059326171875,1.2991790771484375,0.06842041015625,276.901123046875,31080.5390625,0.006112041883170605,3.0358464414235486,5.549837848364629,0.10770230831735494,6.1556238016357305,14.135498046875,12.885277777777778,0,0,0,0,0,0,1,0,0
Isabel,2009,2009-09-05 20:00:00,39.8575,-70.4125,wind,49.203018827529455,3.916075160896149,174.5417495041197,13.05555556,1,-2.03704833984375,-3.9932403564453125,0.11916160583496094,291.375732421875,8273.7109375,0.005540434271097183,-2.28973388671875,-5.1626739501953125,0.05183982849121094,286.619873046875,15308.98046875,0.005131580866873264,6.8921051025390625,2.133331298828125,0.11433982849121094,277.806640625,31095.08984375,0.004992067348212004,3.781369216493514,4.921464779458015,-1.4680783911025543,5.647661780596765,13.569091796875,12.872777777777777,0,0,0,0,0,0,1,0,0
Isabel,2009,2009-09-05 21:00:00,39.442,-70.4045,wind,46.20656858609658,3.8545330478686384,179.1481134365133,14.72222222,1,-2.475982666015625,-4.47076416015625,0.04716777801513672,291.52978515625,8265.421875,0.005334977060556412,-2.4656982421875,-4.5933685302734375,-0.016182899475097656,286.9990234375,15304.5703125,0.0046466439962387085,7.3480224609375,1.5544586181640625,0.043231964111328125,278.49951171875,31104.0234375,0.003719872096553445,4.433457894483747,4.556201618634259,-1.4450387749586016,5.213319698276031,13.0302734375,12.86111111111111,0,0,0,0,0,0,1,0,0
Isabel,2009,2009-09-05 22:00:00,39.14783,-70.40283,wind,32.710527253340715,3.5178101699821727,179.7477491423507,13.61111111,1,-2.895965576171875,-4.6890716552734375,0.037629127502441406,291.404296875,8272.8828125,0.0052614230662584305,-3.2095489501953125,-3.983154296875,-0.04822063446044922,287.127685546875,15309.765625,0.004362362436950207,7.9128875732421875,0.9954071044921875,0.010552406311035156,278.86328125,31125.03515625,0.003280715551227331,4.67627645126366,3.9689853540238063,-0.9605602278946348,5.115341886561797,12.541015625,12.852777777777778,0,0,0,0,0,0,1,0,0
Isabel,2009,2009-09-06 14:00:00,32.61367,-70.27567,wind,43.472642709695414,3.794874229554641,169.67857145015216,11.66666667,1,2.0481109619140625,-1.085906982421875,-0.0050811767578125,293.754150390625,8448.44140625,0.013008438982069492,1.519500732421875,-1.0348663330078125,0.03233623504638672,289.81689453125,15579.2578125,0.009397526271641254,0.5264129638671875,-0.0399017333984375,-0.04160785675048828,280.779296875,31547.00390625,0.0038526158314198256,1.435295339500013,1.2903694379124946,0.13357354996163878,1.8384316149978632,12.974853515625,12.655277777777778,0,0,0,0,0,0,1,0,0
Isabel,2009,2009-09-06 15:00:00,32.23783,-70.263,wind,41.80841686611875,3.756734739003982,178.3666801481744,10.55555556,1,0.921478271484375,-1.0049896240234375,-0.03681468963623047,293.775634765625,8463.15234375,0.013065100647509098,0.5800018310546875,-1.1418609619140625,-0.05085468292236328,289.82470703125,15593.2734375,0.009245849214494228,0.0738525390625,-0.46368408203125,-0.12473678588867188,280.5126953125,31554.91796875,0.00410887598991394,1.0308461527955495,1.1579287956692441,0.46560070620493327,1.2807218981379598,13.262939453125,12.646944444444445,0,0,0,0,0,0,1,0,0
Isabel,2009,2009-09-06 16:00:00,31.89667,-70.281,wind,37.97315995907418,3.6628732030294824,182.56483782212277,10.27777778,1,-0.2159271240234375,-0.6156158447265625,-0.046387672424316406,293.8095703125,8475.28125,0.012948829680681229,-0.435760498046875,-0.7586822509765625,-0.11813640594482422,289.685791015625,15604.0859375,0.009463047608733177,-0.4811859130859375,-0.9860687255859375,-0.15120697021484375,280.19873046875,31552.05078125,0.004313176032155752,0.6246618541218889,0.7774224643491107,1.0066139313949074,0.8749205504529679,13.61083984375,12.639722222222222,0,0,0,0,0,0,1,0,0
Isabel,2009,2009-09-06 17:00:00,31.543,-70.21717,wind,39.78704067577027,3.708364400459039,171.25526135677615,11.94444444,1,-1.6713714599609375,-0.4178924560546875,0.12238502502441406,293.921630859375,8452.140625,0.012578776106238365,-1.9602203369140625,-0.623199462890625,0.19292068481445312,289.66552734375,15581.91015625,0.009468764066696167,-1.607391357421875,-1.3565521240234375,0.19583797454833984,280.30078125,31526.15625,0.0038886209949851036,0.15893166239303674,0.3179376195314569,1.096406921061143,2.0569009066551174,13.620849609375,12.631944444444445,0,0,0,0,0,0,1,0,0
Isabel,2009,2009-09-06 18:00:00,31.16433,-70.14717,wind,42.62760942554639,3.775690193645989,171.0109120567074,11.38888889,1,-1.8678436279296875,-0.827728271484375,-0.0035648345947265625,293.977783203125,8418.8359375,0.012268745340406895,-2.3445587158203125,-0.8597564697265625,0.054352760314941406,289.9306640625,15553.45703125,0.009272302500903606,-2.2967681884765625,-0.587860107421875,0.03435230255126953,280.607666015625,31514.390625,0.0036864462308585644,0.5257184489280747,0.4828682853790972,0.2217784184342818,2.49722581261,13.3701171875,12.623888888888889,0,0,0,0,0,0,1,0,0
Isabel,2009,2009-09-06 19:00:00,30.7875,-70.13,wind,41.93354604260837,3.7596534793984504,177.75839238776734,11.11111111,1,-2.487701416015625,-0.788604736328125,-0.0993814468383789,293.889892578125,8390.44921875,0.012466483749449253,-2.98785400390625,-1.552764892578125,-0.06564998626708984,289.876953125,15520.5703125,0.00919446162879467,-2.7214202880859375,-0.4381866455078125,-0.07758140563964844,280.239501953125,31480.34765625,0.004548570141196251,0.6906986835584036,1.4347113912170697,0.33140718881090225,3.367246703210468,13.650390625,12.616111111111111,0,0,0,0,0,0,1,0,0
Isabel,2009,2009-09-06 20:00:00,30.3745,-70.1795,wind,46.1673286632007,3.853701463578895,185.9037765673966,12.22222222,1,-3.2494049072265625,-1.117095947265625,-0.08625602722167969,293.748779296875,8318.33984375,0.012695723213255405,-3.801605224609375,-1.718780517578125,-0.14226722717285156,289.5302734375,15444.33984375,0.009671416133642197,-2.8623046875,-1.1316070556640625,-0.03364849090576172,279.743896484375,31393.39453125,0.006249821744859219,1.4453985324811134,2.100690067607707,1.4200162810585033,4.172098842475262,14.0048828125,12.6075,0,0,0,0,0,0,1,0,0
Isabel,2009,2009-09-06 21:00:00,30.07917,-70.2725,wind,34.03306122462912,3.5562922220474986,195.2444297451936,5.555555556,1,-4.16302490234375,-1.99212646484375,0.044727325439453125,293.82470703125,8302.89453125,0.01251274161040783,-4.5901947021484375,-2.2921142578125,-0.01062774658203125,289.489501953125,15429.078125,0.009412966668605804,-2.8190765380859375,-2.0417327880859375,0.021299362182617188,279.6083984375,31373.9609375,0.006750283297151327,3.0166443096302373,3.418395323322618,2.7111308179128817,5.130660305896204,14.21630859375,12.60138888888889,0,0,0,0,0,0,1,0,0
Isabel,2009,2009-09-06 22:00:00,29.92933,-70.43317,wind,22.73697770402193,3.167034072906211,222.9193494596696,13.88888889,1,-4.47137451171875,-1.90264892578125,0.12369346618652344,293.947998046875,8344.58203125,0.01270603109151125,-5.2977294921875,-2.435943603515625,0.11060237884521484,289.5576171875,15472.9140625,0.009244670160114765,-1.9593963623046875,-1.5629730224609375,0.036785125732421875,279.53369140625,31416.1171875,0.006711346097290516,4.438198420376299,5.3914585083803175,2.4788720656034036,5.830931230249755,14.414306640625,12.598333333333333,0,0,0,0,0,0,1,0,0
Isabel,2009,2009-09-07 14:00:00,25.88167,-73.14,wind,29.22836589938612,3.4087807517360704,185.07215927478669,10.0,1,-4.0291290283203125,1.5169525146484375,-0.029351234436035156,293.870849609375,8066.1640625,0.01421954482793808,-4.6030120849609375,1.2952423095703125,-0.07074356079101562,290.04345703125,15206.9453125,0.010627532377839088,-0.5263671875,2.0811920166015625,-0.13248348236083984,281.205078125,31210.80078125,0.003356943605467677,-1.1547958478747344,-0.8832166564116911,-2.026506085776759,4.781775077813413,12.665771484375,12.493333333333334,0,0,0,0,0,0,1,0,0
Isabel,2009,2009-09-07 15:00:00,25.67533,-73.2575,wind,25.784571208094793,3.2878260205467584,207.1733294356869,9.444444444,1,-4.31005859375,0.6797332763671875,-0.05335426330566406,294.01806640625,8050.62109375,0.014488689601421356,-4.400787353515625,0.93585205078125,0.0049991607666015625,290.150390625,15195.84765625,0.011221598833799362,0.0656280517578125,1.504974365234375,0.06055927276611328,281.44970703125,31207.16796875,0.0030841927509754896,1.3636237424775453,1.1772074008122546,-1.3688401886599608,4.499194193610066,12.568359375,12.489722222222222,0,0,0,0,0,0,1,0,0
Isabel,2009,2009-09-07 16:00:00,25.39783,-73.25717,wind,30.85660990742865,3.4612448929016417,179.93844945477576,9.722222222,1,-4.305877685546875,0.503173828125,-0.024967193603515625,294.087158203125,8034.5546875,0.014599762856960297,-4.005126953125,0.89361572265625,0.009612083435058594,290.39794921875,15183.06640625,0.01124077569693327,0.4366912841796875,1.2912750244140625,-0.08052539825439453,281.6943359375,31206.56640625,0.002936291042715311,-0.507799167639477,-0.8979177525585784,-1.2908051595817471,4.103607068229949,12.392822265625,12.484722222222222,0,0,0,0,0,0,1,0,0
Isabel,2009,2009-09-07 17:00:00,25.06917,-73.21717,wind,36.76612918451951,3.631412647610198,173.70890991663214,11.11111111,1,-4.8877105712890625,0.8208160400390625,-0.10602760314941406,294.1875,7993.31640625,0.014733213931322098,-3.99847412109375,1.709014892578125,-0.11140632629394531,290.606689453125,15146.390625,0.011333193629980087,0.0980377197265625,1.3017578125,-0.0942068099975586,281.733154296875,31182.4375,0.003663471667096019,-1.351467153283235,-2.1368749790333257,-1.283175689294108,4.348393634448272,12.454345703125,12.479166666666666,0,0,0,0,0,0,1,0,0
Isabel,2009,2009-09-07 18:00:00,24.73883,-73.225,wind,36.74061984074055,3.63073696377852,181.23325298146736,10.27777778,1,-4.5292510986328125,1.679718017578125,-0.048462867736816406,294.407958984375,7941.59375,0.015041247010231018,-3.4190521240234375,2.3583831787109375,0.02456378936767578,290.55859375,15098.234375,0.01182577759027481,-0.0955657958984375,0.9078826904296875,0.10746479034423828,281.905517578125,31137.19921875,0.0038263897877186537,-1.5818473835353815,-2.2842497775675352,-0.9056155586574546,4.153539291305174,12.50244140625,12.473333333333333,0,0,0,0,0,0,1,0,0
Isabel,2009,2009-09-07 19:00:00,24.44367,-73.27217,wind,33.16501491271182,3.531202164723553,188.27798034532736,10.0,1,-3.9046783447265625,1.9838104248046875,-0.02917957305908203,294.26708984375,7876.3828125,0.015993885695934296,-2.458099365234375,2.685882568359375,0.15821075439453125,291.00439453125,15040.56640625,0.01177618745714426,-0.4019012451171875,0.513580322265625,0.26197338104248047,282.40673828125,31097.6171875,0.0035107284784317017,-1.4009619094966088,-2.3039918107039044,-0.45036533509551246,3.640908905806679,11.8603515625,12.468055555555555,0,0,0,0,0,0,1,0,0
Isabel,2009,2009-09-07 20:00:00,24.28717,-73.36667,wind,19.86084307173612,3.037873864467157,208.83259109855075,6.666666667,1,-3.690093994140625,2.60595703125,-0.06751060485839844,294.37255859375,7851.90625,0.016419140622019768,-2.3745880126953125,2.1119232177734375,-0.07909870147705078,291.077880859375,15019.46875,0.01271125953644514,-1.127777099609375,0.2732086181640625,-0.007038116455078125,282.67138671875,31092.8984375,0.003582249628379941,-0.503347643939517,-0.704963431864063,0.30453319747858987,3.177874747029339,11.701171875,12.465277777777779,0,0,0,0,0,0,1,0,0
Isabel,2009,2009-09-07 21:00:00,24.0475,-73.45633,wind,28.159596447970184,3.3727840678118475,198.86362670105214,9.444444444,1,-3.8145904541015625,2.723388671875,0.0976247787475586,294.562744140625,7814.91796875,0.015933595597743988,-3.26812744140625,2.1259765625,-0.07118606567382812,291.104248046875,14985.76171875,0.012750834226608276,-1.963470458984375,-0.2321319580078125,-0.055553436279296875,282.578857421875,31056.96484375,0.004070660099387169,-1.3437966773472279,-0.9551517363612052,0.8544872163144761,3.8987733093335755,11.98388671875,12.46111111111111,0,0,0,0,0,0,1,0,0
Isabel,2009,2009-09-07 22:00:00,23.86083,-73.6215,wind,26.69367202876104,3.3212039404802653,218.99305481318314,18.05555556,1,-3.3780517578125,2.29168701171875,-0.017828941345214844,295.5087890625,7820.31640625,0.01425078697502613,-4.624359130859375,2.308319091796875,-0.07456588745117188,291.13818359375,14998.2421875,0.012349845841526985,-2.808441162109375,0.426116943359375,-0.042983055114746094,282.37353515625,31065.25390625,0.0047112638130784035,0.34440850369553533,1.1156909131122552,1.4359571492380774,5.168465381592144,13.13525390625,12.458055555555555,0,0,0,0,0,0,1,0,0
Isabel,2009,2009-09-08 16:00:00,22.48617,-73.88,wind,19.09923480975293,3.00068174517386,162.14423114515182,7.5,1,-2.3428955078125,4.085052490234375,-0.0482635498046875,294.661865234375,7909.59765625,0.015314570628106594,-2.231231689453125,4.098785400390625,-0.1642742156982422,290.96875,15075.6953125,0.011505763977766037,-1.7888946533203125,4.0740814208984375,-0.0999898910522461,282.274169921875,31132.21875,0.005540394224226475,-4.606664310960027,-4.58549715211356,-4.426352899676733,4.6667372553503785,12.3876953125,12.413611111111111,0,0,0,0,0,0,1,0,0
Isabel,2009,2009-09-08 17:00:00,22.36217,-74.04633,wind,21.96373283968927,3.1339161383624887,231.14597642580648,7.777777778,1,-2.3551483154296875,3.7548370361328125,0.003931999206542969,294.64892578125,7876.1953125,0.015508217737078667,-1.8800201416015625,3.4968109130859375,-0.06013774871826172,290.9091796875,15041.53125,0.01169590000063181,-1.043426513671875,3.71514892578125,-0.06648445129394531,282.224609375,31095.453125,0.005384931806474924,-0.5214891006410005,-0.7296239604700825,-1.5180903828865515,3.970158975998879,12.42431640625,12.411666666666667,0,0,0,0,0,0,1,0,0
Isabel,2009,2009-09-08 18:00:00,22.21383,-74.26683,wind,28.049221413330958,3.3689916813322434,234.0223319700376,17.77777778,1,-2.5128936767578125,2.5731048583984375,-0.09508419036865234,294.71826171875,7826.79296875,0.015572707168757915,-1.62646484375,2.644317626953125,-0.14712142944335938,291.117431640625,14995.9765625,0.011754552833735943,-0.8250885009765625,3.16351318359375,0.03280162811279297,282.337158203125,31056.71484375,0.005280795972794294,0.5219276339991177,-0.23724673823843045,-1.1907691150158386,3.1044812127261645,12.381103515625,12.409166666666666,0,0,0,0,0,0,1,0,0
Isabel,2009,2009-09-08 19:00:00,22.10583,-74.51167,wind,27.927813210516913,3.3648035271409693,244.57845024967233,12.77777778,1,-2.0411224365234375,1.34466552734375,-0.15157318115234375,294.7861328125,7777.71484375,0.015774842351675034,-0.72607421875,1.4353485107421875,-0.10966873168945312,291.18896484375,14951.47265625,0.011351151391863823,-0.403350830078125,2.4364013671875,-0.04768848419189453,282.449462890625,31015.95703125,0.005323419813066721,1.2662574059791087,0.03961225286760983,-0.6815899138337803,1.6085425447973822,12.336669921875,12.4075,0,0,0,0,0,0,1,0,0
Isabel,2009,2009-09-08 20:00:00,21.85967,-74.611,wind,29.22516561903945,3.4086748760239565,200.5334994643643,11.38888889,1,-2.4874267578125,0.3029022216796875,0.01026153564453125,294.867431640625,7723.265625,0.01593169942498207,-0.4859161376953125,0.5038909912109375,0.03526020050048828,291.359375,14898.8828125,0.011121824383735657,-0.0660858154296875,1.4766387939453125,-0.026185035705566406,282.326416015625,30963.4140625,0.005610237363725901,0.5888192834663368,-0.3014399207648477,-1.3596439738231587,0.7000147311994734,12.541015625,12.403611111111111,0,0,0,0,0,0,1,0,0
Isabel,2009,2009-09-08 21:00:00,21.72517,-74.71917,wind,18.665637950353442,2.978872846260372,216.7711083854932,8.333333333,1,-2.637542724609375,0.0151824951171875,0.022253036499023438,295.19140625,7689.953125,0.015443040989339352,-0.1884307861328125,0.5224456787109375,0.06270027160644531,291.517822265625,14868.50390625,0.010756065137684345,-0.243133544921875,1.673553466796875,-0.14344501495361328,282.0849609375,30928.95703125,0.0059089818969368935,1.5667234832349883,-0.30569801108192224,-1.1950275628587785,0.5553878359906362,13.1064453125,12.401666666666667,0,0,0,0,0,0,1,0,0
Isabel,2009,2009-09-08 22:00:00,21.53933,-74.77367,wind,21.418547815291443,3.1098886437037407,195.258824427823,8.055555556,1,-2.9722137451171875,-0.854583740234375,0.00540924072265625,295.71240234375,7716.0,0.013681065291166306,-1.1845855712890625,-0.8639984130859375,0.023926734924316406,291.673828125,14895.58984375,0.009833245538175106,-1.6611480712890625,1.40093994140625,0.07238292694091797,282.42822265625,30964.625,0.00526892114430666,1.6066835590498216,1.1452987032909192,-0.9143717048705917,1.4661978834800071,13.2841796875,12.39861111111111,0,0,0,0,0,0,1,0,0
Isabel,2009,2009-09-09 15:00:00,20.43717,-74.74717,wind,19.23493565479353,3.007410598426234,148.90864724671962,14.16666667,1,-3.8717803955078125,0.2091064453125,-0.05780315399169922,296.1025390625,7913.66015625,0.014063876122236252,-4.6519012451171875,0.7016754150390625,0.07588768005371094,291.843017578125,15099.5859375,0.010710894130170345,-0.51043701171875,2.1775360107421875,0.19828414916992188,282.705810546875,31177.5625,0.00514627480879426,-2.1784705075953794,-3.003137097026134,-2.128313905754943,4.704522673172389,13.396728515625,12.362777777777778,0,0,0,0,0,0,1,0,0
Isabel,2009,2009-09-09 16:00:00,20.30533,-74.56933,wind,23.634200645294086,3.2041357475414958,128.3059546982854,14.44444444,1,-3.5678558349609375,0.0374298095703125,-0.14375782012939453,295.654296875,7888.44140625,0.015275483950972557,-4.66961669921875,1.4677581787109375,-0.04002189636230469,292.024169921875,15076.21484375,0.010410027578473091,-0.7599029541015625,2.3880767822265625,-0.013529777526855469,282.9267578125,31165.68359375,0.005165755748748779,-2.8229403848987524,-4.5741094908108,-2.0765796134774313,4.894857933464,12.7275390625,12.360833333333334,0,0,0,0,0,0,1,0,0
Isabel,2009,2009-09-09 17:00:00,20.10633,-74.35117,wind,31.74745313002682,3.4888251920351676,134.1485952808032,16.94444444,1,-2.7880859375,-0.13427734375,0.073455810546875,296.131591796875,7853.953125,0.013086327351629734,-3.777618408203125,1.7550201416015625,0.051558494567871094,292.15234375,15045.49609375,0.01028316281735897,-0.6518707275390625,1.99267578125,-0.03893280029296875,282.984375,31148.55078125,0.005459011998027563,-1.9070244078151166,-3.932985934999116,-1.8556823557274464,4.16539272283206,13.147216796875,12.358055555555556,0,0,0,0,0,0,1,0,0
Isabel,2009,2009-09-09 18:00:00,20.17233,-74.12033,wind,25.191516503777745,3.2654355607675654,73.02311378210737,9.722222222,1,-3.303924560546875,0.1788330078125,0.03243541717529297,296.27001953125,7831.765625,0.012958189472556114,-3.518890380859375,1.6812744140625,-0.03098583221435547,292.326171875,15023.58203125,0.00965084694325924,-0.7757568359375,1.767242431640625,-0.044022560119628906,282.962646484375,31130.73828125,0.005715792067348957,-3.1077314825167535,-2.874637955552238,-0.2259415230777715,3.8999068152823653,13.307373046875,12.358888888888888,0,0,0,0,0,0,1,0,0
Isabel,2009,2009-09-09 19:00:00,19.93517,-73.94283,wind,32.23627157413361,3.503641796852924,144.85989355611957,10.27777778,1,-2.4706573486328125,0.0949859619140625,0.08620262145996094,296.1943359375,7779.2421875,0.013531061820685863,-1.9382781982421875,2.0757598876953125,0.03280162811279297,292.204345703125,14971.80859375,0.01056445762515068,-0.1797332763671875,1.4867401123046875,-0.02443218231201172,282.926513671875,31080.484375,0.005868860054761171,-1.4997300266369222,-2.813076376458387,-1.3192277805463009,2.840017867046938,13.267822265625,12.355555555555556,0,0,0,0,0,0,1,0,0
Isabel,2009,2009-09-09 20:00:00,19.77267,-73.71817,wind,29.640626824257918,3.422326802373902,127.52298463877582,13.05555556,1,-1.1962432861328125,0.4937896728515625,0.053910255432128906,296.273681640625,7738.08203125,0.014558715745806694,-0.532989501953125,2.7790985107421875,-0.08468151092529297,292.117919921875,14932.71875,0.011069998145103455,0.389190673828125,1.032257080078125,-0.10198497772216797,282.919189453125,31039.16796875,0.006334017030894756,-1.2495086328335998,-2.115411126481913,-0.3200561181992828,2.829746692126644,13.3544921875,12.353333333333333,0,0,0,0,0,0,1,0,0
Isabel,2009,2009-09-09 21:00:00,19.61417,-73.5505,wind,24.87460764323897,3.2532620879242455,135.08711061228195,15.27777778,1,-1.0672454833984375,0.448974609375,0.053092002868652344,296.77783203125,7769.1640625,0.012768612243235111,-1.11944580078125,2.585357666015625,-0.16909313201904297,291.699951171875,14960.92578125,0.010885927826166153,-0.14892578125,1.361328125,-0.1954488754272461,282.464599609375,31044.78515625,0.006553122773766518,-1.0714635910981765,-2.6212645718686143,-1.069212951137591,2.8173095609308776,14.313232421875,12.351111111111111,0,0,0,0,0,0,1,0,0
Isabel,2009,2009-09-09 22:00:00,19.40433,-73.3665,wind,30.271348465557338,3.4427022938388907,140.39495977343677,14.16666667,1,1.1207427978515625,0.5511322021484375,0.10130786895751953,297.2548828125,7727.22265625,0.012999601662158966,0.67626953125,1.7416534423828125,0.17242908477783203,292.268798828125,14928.75,0.010390348732471466,-1.2220458984375,-0.5894012451171875,0.22776222229003906,283.234375,31055.62890625,0.006554547697305679,0.28984055306389506,-0.9107531170321155,-0.3249357873704034,1.8683407591392411,14.0205078125,12.348055555555556,0,0,0,0,0,0,1,0,0
Isabel,2009,2009-09-10 14:00:00,18.82717,-72.43817,wind,21.147803288581652,3.097738317242646,110.80937759793994,14.72222222,1,-0.74346923828125,1.5963897705078125,0.0208892822265625,295.65283203125,8002.09375,0.014320665039122105,-2.928985595703125,3.5325164794921875,-0.02396106719970703,291.7314453125,15186.52734375,0.010258140973746777,-2.0195770263671875,4.683319091796875,-0.2047872543334961,283.0947265625,31258.08984375,0.002984090009704232,-1.2621042804251323,-3.9928823354226495,-3.5516308116244124,4.5888592588703645,12.55810546875,12.322777777777778,0,0,0,0,0,0,1,0,0
Isabel,2009,2009-09-10 15:00:00,18.756,-72.221,wind,24.19201167497015,3.226526947238206,109.05919148263456,8.055555556,1,0.1988372802734375,1.06134033203125,0.0059604644775390625,297.1259765625,8000.20703125,0.01426220778375864,-1.474151611328125,2.999359130859375,0.14963531494140625,292.009765625,15197.796875,0.010580007918179035,-1.0321044921875,5.1398162841796875,0.30278491973876953,283.3857421875,31288.11328125,0.0030760865192860365,-0.15863778342106846,-2.37276624783942,-2.653906502759708,3.342047002818903,13.740234375,12.321666666666667,0,0,0,0,0,0,1,0,0
Isabel,2009,2009-09-10 16:00:00,18.71383,-71.94333,wind,29.613148258674606,3.42142959832764,99.06622806734129,6.111111111,1,0.4461822509765625,1.3149566650390625,0.1488494873046875,298.940185546875,7964.93359375,0.012579589150846004,-0.599700927734375,2.5000152587890625,-0.07792377471923828,292.1748046875,15184.6796875,0.012261520139873028,-0.8777923583984375,4.5260772705078125,0.18309307098388672,283.6455078125,31297.484375,0.004112988710403442,0.23340238592835588,-0.9861512513664121,-1.5800272488999973,2.5709370853647147,15.294677734375,12.321388888888889,0,0,0,0,0,0,1,0,0
Isabel,2009,2009-09-10 17:00:00,18.69067,-71.71967,wind,23.697019192049932,3.2066825558676477,96.20307633697075,16.38888889,1,-0.6965179443359375,1.3113555908203125,0.020966529846191406,299.95556640625,7950.51953125,0.012309027835726738,-1.61981201171875,2.110748291015625,-0.29030895233154297,292.99267578125,15194.3125,0.011766987852752209,-1.0423736572265625,4.2784271240234375,-0.18300437927246094,283.335693359375,31308.58984375,0.005282650236040354,-0.8341355023284298,-1.8384004007617278,-1.4985664769573124,2.6606482859133647,16.619873046875,12.321111111111112,0,0,0,0,0,0,1,0,0
Isabel,2009,2009-09-10 18:00:00,18.65767,-71.40767,wind,33.07060531422834,3.528434998296038,96.32054999466686,15.55555556,1,-1.371826171875,1.8255767822265625,-0.2639007568359375,300.6591796875,7914.17578125,0.011915473267436028,-2.2170867919921875,2.549346923828125,-0.3469514846801758,293.43115234375,15166.83984375,0.011575467884540558,-0.783782958984375,4.1432952880859375,-0.2184133529663086,283.291015625,31281.2890625,0.004535207990556955,-1.564466786739346,-2.4842699547766904,-1.2351574663925498,3.3785564345232024,17.3681640625,12.320555555555556,0,0,0,0,0,0,1,0,0
Isabel,2009,2009-09-10 19:00:00,18.621,-71.10983,wind,31.645009277805066,3.485691988841499,97.3556360875466,16.66666667,1,-2.3685302734375,2.45263671875,-0.17467308044433594,297.504638671875,7908.69921875,0.01319157239049673,-1.652984619140625,2.793975830078125,0.09845829010009766,292.266357421875,15122.90625,0.010044354014098644,-0.466094970703125,2.8145904541015625,-0.025709152221679688,283.071533203125,31241.33984375,0.004797945264726877,-2.6630441334969173,-1.9970878619965196,-0.8226048569612079,3.2463300956890113,14.43310546875,12.32,0,0,0,0,0,0,1,0,0
Isabel,2009,2009-09-10 20:00:00,18.6505,-70.913,wind,20.996783237332004,3.0908962261827346,80.98063461382833,5.555555556,1,-0.89495849609375,2.6611328125,-0.5827617645263672,298.9033203125,7907.29296875,0.013056399300694466,-0.764404296875,2.1836090087890625,-0.0855550765991211,292.926513671875,15086.58984375,0.012271002866327763,-0.3551025390625,2.233978271484375,-0.16090679168701172,282.935791015625,31208.7734375,0.00458437530323863,-0.46671147586191003,-0.41263211324661836,-0.0004949005619867552,2.3135388979538933,15.967529296875,12.320555555555556,0,0,0,0,0,0,1,0,0
Isabel,2009,2009-09-10 21:00:00,18.63083,-70.74017,wind,18.340570529764452,2.962204989577853,96.82148030888425,10.0,1,0.030181884765625,0.87249755859375,-0.229034423828125,297.42919921875,7967.17578125,0.014116363599896431,-0.7593536376953125,2.025665283203125,-0.2931404113769531,292.530517578125,15095.2265625,0.01307687908411026,1.421356201171875,2.1904754638671875,-0.010519027709960938,282.80859375,31199.9609375,0.005866060499101877,-0.07366373753152053,-0.9945790852072256,1.1511180832428254,2.1633163861662723,14.62060546875,12.320277777777777,0,0,0,0,0,0,1,0,0
Isabel,2009,2009-09-10 22:00:00,18.447,-70.53467,wind,29.785830829134877,3.427054546114475,133.30241743886273,16.66666667,1,-1.3149871826171875,1.9358062744140625,-0.6352262496948242,296.77294921875,7924.84375,0.016390906646847725,0.29254150390625,-0.0520477294921875,0.2424325942993164,293.02197265625,15106.12890625,0.008563455194234848,-0.4446563720703125,2.0579376220703125,0.03886699676513672,283.520263671875,31240.1171875,0.0042801001109182835,-2.2846447076840715,0.24859215806854418,-1.7350305081037076,0.297135487030786,13.252685546875,12.317777777777778,0,0,0,0,0,0,1,0,0
Isabel,2009,2009-09-11 14:00:00,18.2665,-70.18533,wind,25.32834282958815,3.2706460330386418,114.84499519391858,8.333333333,1,-3.3330230712890625,0.1812744140625,-0.10816192626953125,295.115966796875,8137.4140625,0.015433816239237785,-4.8538055419921875,0.44317626953125,-0.0017185211181640625,291.338623046875,15313.87890625,0.011776408180594444,-3.0273284912109375,0.480133056640625,0.020002365112304688,282.52783203125,31410.82421875,0.0043728468008339405,-3.100709579015164,-4.590782233825733,-2.948877600620529,4.8739956345230455,12.588134765625,12.29861111111111,0,0,0,0,0,0,1,0,0
Isabel,2009,2009-09-11 15:00:00,18.45733,-70.0275,wind,26.9757968738732,3.331339739006706,38.10571580997066,11.38888889,1,-2.4099884033203125,0.8925933837890625,-0.042365074157714844,295.138916015625,8144.06640625,0.015949681401252747,-3.3073883056640625,0.384765625,0.004014015197753906,291.95703125,15328.6953125,0.010233956389129162,-2.762542724609375,0.1659088134765625,0.043792724609375,282.47314453125,31420.3515625,0.004589102230966091,-0.7848804441143566,-1.738275012326263,-1.574255588424178,3.3296939785249093,12.665771484375,12.300833333333333,0,0,0,0,0,0,1,0,0
Isabel,2009,2009-09-11 16:00:00,18.52533,-69.698,wind,35.56030378692905,3.5989630558219154,77.67115050658731,16.11111111,1,-2.9006500244140625,0.68743896484375,0.18860530853271484,295.52978515625,8112.37109375,0.0148895513266325,-3.778045654296875,-0.21368408203125,0.1420421600341797,292.18359375,15296.87890625,0.009595934301614761,-2.2611846923828125,0.0259246826171875,0.04248332977294922,282.592041015625,31389.79296875,0.004544295836240053,-2.6869722099531814,-3.7365433883484998,-2.203502172787111,3.7840837534157514,12.937744140625,12.301666666666666,0,0,0,0,0,0,1,0,0
Isabel,2009,2009-09-11 17:00:00,18.579,-69.40033,wind,31.941808317543767,3.4947426205573175,79.18456468594388,15.83333333,1,-3.3699951171875,0.1997222900390625,0.018890380859375,296.0263671875,8054.80078125,0.014903498813509941,-3.975982666015625,-1.1316375732421875,0.10152816772460938,292.101318359375,15245.88671875,0.01011139526963234,-1.61126708984375,-0.3900909423828125,0.06106758117675781,282.708984375,31338.3984375,0.0044825635850429535,-3.2726559257767445,-4.11770342105548,-1.6558447045862938,4.133889422520901,13.3173828125,12.3025,0,0,0,0,0,0,1,0,0
Isabel,2009,2009-09-11 18:00:00,18.5835,-69.142,wind,27.232225687745174,3.3404640803812966,88.90600580993402,15.83333333,1,-3.0791168212890625,0.3357391357421875,-0.3391437530517578,296.11376953125,7969.421875,0.015279894694685936,-3.4173126220703125,-1.4571075439453125,-0.13951683044433594,291.859375,15153.3984375,0.01212176401168108,-1.49859619140625,-0.7344818115234375,0.10553169250488281,283.0869140625,31264.015625,0.0050292653031647205,-3.0721454099660503,-3.4445097410984444,-1.5123462228320463,3.714995013668715,13.02685546875,12.3025,0,0,0,0,0,0,1,0,0
Isabel,2009,2009-09-11 19:00:00,18.651,-68.88783,wind,27.81530133472095,3.3609065423984457,74.30476023679165,10.27777778,1,-3.2431640625,0.45965576171875,-0.5629072189331055,296.6767578125,7918.5625,0.014741241931915283,-2.1362457275390625,-0.2472991943359375,-0.3731069564819336,291.651123046875,15111.96484375,0.012297713197767735,-1.0647430419921875,-1.199798583984375,0.09311485290527344,283.01123046875,31213.05859375,0.005385241005569696,-2.9978938878059367,-2.1234936426828996,-1.349613340873028,2.1505121947917667,13.66552734375,12.303333333333333,0,0,0,0,0,0,1,0,0
Isabel,2009,2009-09-11 20:00:00,18.52967,-68.72583,wind,21.76062187009518,3.125031931824021,128.28925610191743,8.888888889,1,-3.7191619873046875,0.307830810546875,-0.4484138488769531,296.14404296875,7900.890625,0.015208577737212181,-2.61724853515625,-1.6807861328125,-0.28174400329589844,291.888427734375,15086.57421875,0.010763254016637802,-1.5171356201171875,-1.76409912109375,-0.01692485809326172,283.1494140625,31188.15234375,0.0050251237116754055,-3.1098844092514786,-1.0127903015157003,-0.09769646023180267,3.1104713339030043,12.99462890625,12.301944444444445,0,0,0,0,0,0,1,0,0
Isabel,2009,2009-09-11 21:00:00,18.42833,-68.56617,wind,20.260740561737194,3.056862205878961,123.76627526877246,11.11111111,1,-3.7304229736328125,-0.0579833984375,-0.09567928314208984,295.79248046875,7900.01953125,0.013330331072211266,-3.3699188232421875,-1.1829376220703125,0.004143714904785156,292.041259765625,15083.48828125,0.009515369310975075,-2.170928955078125,-2.1451263427734375,0.11789226531982422,283.291748046875,31182.22265625,0.004349678289145231,-3.068916963218632,-2.143968869606122,-0.6124438413910132,3.571511485765008,12.500732421875,12.300555555555556,0,0,0,0,0,0,1,0,0
Isabel,2009,2009-09-12 14:00:00,18.55583,-68.39433,wind,10.80738017104648,2.468724774190924,38.87088763246754,10.55555556,1,-3.84991455078125,0.5868682861328125,0.037011146545410156,294.7509765625,8026.71875,0.014561966061592102,-5.15643310546875,0.6736907958984375,0.07699012756347656,290.874267578125,15189.62109375,0.010565702803432941,-4.735076904296875,-2.9894561767578125,0.16365718841552734,282.681884765625,31242.74609375,0.005740890745073557,-1.9591680100553561,-2.711499936029441,-5.299057932720979,5.200255922515003,12.069091796875,12.285,0,0,0,0,0,0,1,0,0
Isabel,2009,2009-09-12 15:00:00,18.3755,-68.27167,wind,23.862902390675217,3.2133768286916635,147.1513957932483,10.55555556,1,-3.691741943359375,0.1705474853515625,0.1352996826171875,295.187744140625,7998.7109375,0.0133100226521492,-5.6269073486328125,0.71124267578125,0.049515724182128906,291.14697265625,15165.8828125,0.010167949832975864,-4.73748779296875,-2.4478912353515625,0.04697227478027344,282.888671875,31227.23046875,0.004948541987687349,-2.1457567148657626,-3.6496728952150628,-0.5132232071213081,5.671679861729717,12.299072265625,12.283055555555556,0,0,0,0,0,0,1,0,0
Isabel,2009,2009-09-12 16:00:00,18.17183,-68.03267,wind,33.907416006002315,3.552699299643602,131.86834198954108,10.0,1,-4.057159423828125,0.446014404296875,0.05972003936767578,295.07470703125,7967.28515625,0.01323077455163002,-5.7056884765625,1.0352325439453125,0.028844833374023438,291.242919921875,15131.39453125,0.009533117525279522,-4.7409820556640625,-1.136810302734375,-0.030165672302246094,283.05322265625,31199.625,0.003790178569033742,-3.3189667088088273,-4.93985071446484,-2.7717852871460864,5.798843627105458,12.021484375,12.280833333333334,0,0,0,0,0,0,1,0,0
Isabel,2009,2009-09-12 17:00:00,18.02567,-67.85067,wind,25.182649970447663,3.265096976537527,130.16547843416038,9.166666667,1,-4.4280548095703125,0.8229217529296875,0.06056785583496094,295.29052734375,7924.9765625,0.013476327061653137,-5.638580322265625,1.43829345703125,0.008540153503417969,291.23828125,15089.7265625,0.00932903029024601,-4.7264404296875,-0.2766876220703125,0.018260955810546875,283.1884765625,31158.625,0.0033117965795099735,-3.9146344935082817,-5.236612807651434,-3.433411088186157,5.819130185790659,12.10205078125,12.279166666666667,0,0,0,0,0,0,1,0,0
Isabel,2009,2009-09-12 18:00:00,17.73017,-67.80267,wind,33.24841889763932,3.533640400070089,171.20466624898245,10.55555556,1,-4.662109375,0.7844390869140625,-0.019063949584960938,295.0810546875,7847.640625,0.01394977793097496,-5.9669647216796875,1.3715057373046875,-0.020082473754882812,291.09228515625,15012.6640625,0.009960364550352097,-4.7102203369140625,-0.371429443359375,-0.012930870056152344,283.276123046875,31083.76953125,0.003253145609050989,-1.488076220274236,-2.2677588260381194,-0.3531561594355209,6.122556326995255,11.804931640625,12.276111111111112,0,0,0,0,0,0,1,0,0
Isabel,2009,2009-09-12 19:00:00,17.41917,-67.7845,wind,34.6352201033019,3.573334477539274,176.80931884095912,8.611111111,1,-5.040496826171875,0.3897247314453125,-0.043094635009765625,294.881103515625,7788.0546875,0.01508694514632225,-5.93231201171875,1.0593109130859375,-0.045296669006347656,290.9453125,14953.96875,0.011122411116957664,-4.433074951171875,-0.1978912353515625,0.025514602661132812,283.244873046875,31022.484375,0.0033520888537168503,-0.6696701763090018,-1.38785602810509,-0.049156551113295144,6.026148472695104,11.63623046875,12.272777777777778,0,0,0,0,0,0,1,0,0
Isabel,2009,2009-09-12 20:00:00,17.12133,-67.75467,wind,33.26941522741606,3.5342532720530424,174.5324715173823,9.722222222,1,-5.455963134765625,-0.07452392578125,-0.03834819793701172,294.691650390625,7752.7578125,0.016002759337425232,-5.292724609375,0.571563720703125,-0.056893348693847656,291.193359375,14921.390625,0.011709020473062992,-3.7422943115234375,0.1772613525390625,0.08588600158691406,283.487548828125,31002.234375,0.0032521861139684916,-0.4456680906570937,-1.0732626396756917,-0.5330267091225076,5.323496865548786,11.2041015625,12.269444444444444,0,0,0,0,0,0,1,0,0
Isabel,2009,2009-09-12 21:00:00,16.79233,-67.79167,wind,36.794189180761194,3.632155365431897,186.14525499192803,9.444444444,1,-6.131378173828125,0.03143310546875,0.031212806701660156,294.837158203125,7701.4609375,0.015517249703407288,-5.68365478515625,-0.0771636962890625,-0.0882720947265625,291.14794921875,14872.6328125,0.012033178471028805,-3.8200531005859375,-0.26885986328125,-0.019034385681152344,283.3779296875,30953.203125,0.0037042214535176754,0.6251079624492863,0.6851522079235708,0.6762493622163213,5.684178564476536,11.459228515625,12.266111111111112,0,0,0,0,0,0,1,0,0
Isabel,2009,2009-09-12 22:00:00,16.49217,-67.792,wind,33.37628769821602,3.537367015596854,180.06040044271884,9.444444444,1,-6.122711181640625,0.710235595703125,0.14725017547607422,295.319091796875,7709.48828125,0.014080788940191269,-6.133026123046875,-0.6398162841796875,0.1957864761352539,291.086181640625,14881.69140625,0.011524781584739685,-2.9880218505859375,-0.2616424560546875,0.06146812438964844,283.352294921875,30957.7890625,0.004882663954049349,-0.7037807221995201,0.6462812813916506,0.26479224266918955,6.16630961787331,11.966796875,12.262777777777778,0,0,0,0,0,0,1,0,0
Isabel,2009,2009-09-13 14:00:00,12.25417,-68.38567,wind,21.203040317945177,3.100229230760058,112.32753072643231,6.944444444,1,-7.2476806640625,3.9613494873046875,-0.023380279541015625,295.556640625,7909.90234375,0.014939799904823303,-6.65655517578125,3.41632080078125,0.022745132446289062,291.787109375,15093.55859375,0.010559198446571827,-2.261474609375,-0.611419677734375,0.056572914123535156,282.79931640625,31167.76953125,0.0037232032045722008,-8.209221713570006,-7.455357740709582,-1.8596469599549357,7.482043479028359,12.75732421875,12.208055555555555,0,0,0,0,0,0,1,0,0
Isabel,2009,2009-09-13 15:00:00,12.15033,-68.293,wind,15.321845983286916,2.7925044548603246,138.89303018681056,1.666666667,1,-7.0226593017578125,4.1297149658203125,-0.049042701721191406,295.64013671875,7908.8359375,0.014604661613702774,-6.1436004638671875,3.624969482421875,0.019855499267578125,291.858154296875,15095.359375,0.01096014492213726,-2.795257568359375,-0.1973876953125,0.09792613983154297,282.80029296875,31176.3046875,0.004059137310832739,-7.728837858542811,-6.7705684087016476,-1.6890609978143796,7.133318330771384,12.83984375,12.206944444444444,0,0,0,0,0,0,1,0,0
Isabel,2009,2009-09-13 21:00:00,12.25083,-68.41167,wind,27.12986961091105,3.3368319872585683,321.9161039990171,10.27777778,1,-6.6280364990234375,-0.20794677734375,0.17569923400878906,296.39501953125,7592.53515625,0.014426466077566147,-5.733245849609375,1.382080078125,0.07940483093261719,292.972412109375,14799.85546875,0.010225534439086914,-3.1727142333984375,0.1685943603515625,-0.21127605438232422,283.052734375,30920.23046875,0.004388623405247927,3.9245934777696667,4.624197005460596,2.0896787192248825,5.897478555655216,13.34228515625,12.208055555555555,0,0,0,0,0,0,1,0,0
Isabel,2009,2009-09-13 22:00:00,12.21633,-68.314,wind,11.285793403801264,2.508443587021748,109.86142064549068,5.555555556,1,-7.4099578857421875,-0.2062225341796875,0.13818931579589844,296.305908203125,7619.73046875,0.0141148641705513,-5.884674072265625,1.26031494140625,0.04832172393798828,292.915771484375,14827.7265625,0.010162953287363052,-2.721038818359375,0.631561279296875,0.09925270080566406,283.248291015625,30945.18359375,0.0042069717310369015,-6.899128778992844,-5.9628240076415056,-2.7737541837772897,6.018121192558948,13.0576171875,12.207777777777778,0,0,0,0,0,0,1,0,0
Isabel,2009,2009-09-14 15:00:00,11.82883,-68.197,wind,22.486108487350712,3.1564091181671143,168.5060311101032,8.055555556,1,-5.930450439453125,2.944915771484375,0.060090065002441406,295.339111328125,7884.3515625,0.014958985149860382,-5.779754638671875,2.8004150390625,0.024166107177734375,291.6142578125,15065.9609375,0.01192400697618723,-3.674224853515625,2.87786865234375,-0.0775613784790039,282.934814453125,31169.8125,0.00788798090070486,-4.067587428000466,-3.8959561925978514,-3.5522985893876884,6.422451874031948,12.404296875,12.193333333333333,0,0,0,0,0,0,1,0,0
Isabel,2009,2009-09-14 16:00:00,11.57033,-68.21917,wind,28.845075741179045,3.396019859435421,184.80281343776997,8.055555556,1,-3.441253662109375,3.6051177978515625,0.19944477081298828,295.747802734375,7838.34765625,0.014386739581823349,-4.34686279296875,3.8995208740234375,0.2112140655517578,291.6669921875,15024.49609375,0.012262246571481228,-3.5243072509765625,2.884521484375,0.17466068267822266,282.91845703125,31128.91796875,0.00853033922612667,-3.3043342546329098,-3.5218798760247907,-2.5793143264441487,5.83964718008208,12.829345703125,12.19138888888889,0,0,0,0,0,0,1,0,0
Isabel,2009,2009-09-14 17:00:00,11.38433,-68.132,wind,22.759335923169278,3.167975544742291,155.3227309783781,8.333333333,1,-2.9423370361328125,3.847137451171875,0.2272624969482422,296.109619140625,7761.3046875,0.013925392180681229,-3.6345977783203125,4.49090576171875,0.2525911331176758,291.97314453125,14955.92578125,0.012113170698285103,-3.5830078125,2.488555908203125,0.12303829193115234,283.289306640625,31077.19140625,0.008239757269620895,-4.724238495891318,-5.598237383098493,-3.757215207724705,5.777415994266781,12.8203125,12.189722222222223,0,0,0,0,0,0,1,0,0
Isabel,2009,2009-09-14 18:00:00,11.10417,-68.07883,wind,31.68746756928291,3.4869917496803406,169.45036281280522,10.55555556,1,-0.8299713134765625,5.0699462890625,0.3310728073120117,297.150634765625,7680.13671875,0.01329721137881279,-1.208648681640625,5.371185302734375,0.01564311981201172,292.338134765625,14888.86328125,0.01144352462142706,-3.4600830078125,1.9473419189453125,0.17887401580810547,283.11669921875,31014.12109375,0.008229498751461506,-5.136204466020343,-5.501682545140095,-2.5479225356601427,5.505493909899582,14.033935546875,12.1875,0,0,0,0,0,0,1,0,0
Isabel,2009,2009-09-14 19:00:00,10.88017,-68.15917,wind,26.40635817868057,3.3107750367913233,199.40384378194773,14.16666667,1,-1.9155731201171875,5.3991241455078125,0.3391590118408203,297.458740234375,7593.87890625,0.013753626495599747,-1.554473876953125,6.843017578125,-0.005705833435058594,292.742919921875,14813.05859375,0.010888011194765568,-3.70819091796875,1.6004638671875,-0.1408710479736328,283.20654296875,30946.67578125,0.00834735482931137,-4.456055756536284,-5.9379025622391195,-0.2776065799147178,7.017355528164254,14.252197265625,12.185555555555556,0,0,0,0,0,0,1,0,0
Isabel,2009,2009-09-14 20:00:00,10.744,-68.5065,wind,40.8458085887282,3.733991638723359,248.27404782026565,10.55555556,1,-2.7474517822265625,3.7024993896484375,-0.6495132446289062,297.2509765625,7576.0625,0.01630280539393425,0.0023651123046875,6.7486724853515625,-0.03055858612060547,291.867919921875,14787.53515625,0.013402365148067474,-3.3155517578125,3.0177764892578125,0.16629600524902344,283.206787109375,30932.17578125,0.008297707885503769,1.181741337206151,-2.5003368068669207,1.9629485432358549,6.748672899785368,14.044189453125,12.184722222222222,0,0,0,0,0,0,1,0,0
Isabel,2009,2009-09-14 21:00:00,10.53683,-68.681,wind,29.90532981592946,3.430928654982118,219.63479547161498,3.611111111,1,-1.5769195556640625,1.438201904296875,-0.3689002990722656,298.586669921875,7527.40625,0.014081481844186783,-0.554962158203125,4.859161376953125,-0.15013408660888672,292.199462890625,14750.6484375,0.01268395222723484,-2.3203887939453125,1.3232574462890625,-0.2218189239501953,283.5283203125,30898.25390625,0.007945564575493336,-0.10169261786361905,-3.3881606841558423,0.46108202905957807,4.890749664858186,15.058349609375,12.183055555555555,0,0,0,0,0,0,1,0,0
Isabel,2009,2009-09-15 15:00:00,10.37333,-68.637,wind,16.035784345340694,2.8353160932194386,146.0720745617832,13.88888889,1,0.2091827392578125,3.39373779296875,0.3941984176635742,297.8681640625,7814.66796875,0.013902478851377964,-1.15594482421875,7.1484222412109375,0.2708892822265625,291.157470703125,15013.99609375,0.013027677312493324,-3.5955810546875,3.040496826171875,0.23791980743408203,282.696044921875,31098.33984375,0.00789119303226471,-2.699165914112714,-6.576524470246474,-4.529694957266802,7.241280893272772,15.172119140625,12.172222222222222,0,0,0,0,0,0,1,0,0
Isabel,2009,2009-09-15 16:00:00,10.294,-68.53283,wind,14.410565467195509,2.735053343480039,127.73408942158494,0.0,0,-1.2750701904296875,3.88568115234375,0.4437274932861328,297.06884765625,7812.55859375,0.01368879247456789,-0.8784637451171875,6.7268524169921875,0.15042972564697266,291.036865234375,15003.29296875,0.013157015666365623,-2.7956695556640625,3.0618896484375,-0.5009078979492188,282.334228515625,31069.9140625,0.00795588456094265,-3.38642932102971,-4.811559571704425,-4.0848513563820985,6.783969486331653,14.734619140625,12.171666666666667,0,0,0,0,0,0,1,0,0
Isabel,2009,2009-09-16 17:00:00,10.26167,-68.39367,wind,14.132398955813379,2.716838071465088,113.07253879559545,9.444444444,1,-0.9544677734375,4.0343170166015625,0.26799964904785156,299.00732421875,7723.4296875,0.014256346970796585,-0.523956298828125,5.4502410888671875,-0.264892578125,291.4228515625,14950.078125,0.013779218308627605,-0.949371337890625,8.675201416015625,-0.09685325622558594,282.347412109375,31026.94921875,0.007814108394086361,-2.4591529121198468,-2.617973573952046,-4.273209158647633,5.475368309973116,16.659912109375,12.161944444444444,0,0,0,0,0,0,1,0,0
Isabel,2009,2009-09-16 20:00:00,10.10683,-68.394,wind,14.329292416754328,2.7297655350509733,151.72833072164008,6.388888889,1,-0.0264129638671875,2.1070098876953125,-0.10701179504394531,295.517333984375,7548.55078125,0.015117593109607697,-0.212860107421875,3.6934814453125,0.29111194610595703,290.478271484375,14713.30078125,0.013457722961902618,1.0642242431640625,7.5287017822265625,0.2907562255859375,282.09716796875,30788.59765625,0.007851057685911655,-1.868178761544545,-3.353713978534027,-6.126542708212744,3.6996100621821437,13.420166015625,12.161111111111111,0,0,0,0,0,0,1,0,0
Isabel,2009,2009-09-16 21:00:00,9.85717,-68.29617,wind,29.75648613950673,3.4261009033757066,158.88884488644544,8.611111111,1,-1.3539276123046875,1.3975677490234375,-0.14208412170410156,294.787841796875,7570.39453125,0.015153104439377785,-0.1063385009765625,2.006256103515625,0.18871021270751953,290.487060546875,14730.0390625,0.013529950752854347,-0.0125885009765625,5.5702362060546875,0.30988407135009766,282.338623046875,30804.15234375,0.007584983948618174,-1.7914233297006044,-1.9099039070601351,-5.200915154000312,2.0090722808509507,12.44921875,12.159444444444444,0,0,0,0,0,0,1,0,0
Isabel,2009,2009-09-16 22:00:00,9.71833,-68.28217,wind,15.514334885235384,2.8042287846581826,174.32408374987688,0.0,0,-0.3199920654296875,1.74267578125,-0.008733749389648438,294.582275390625,7543.78515625,0.015032077208161354,-0.1086578369140625,1.7862091064453125,0.14962482452392578,290.706298828125,14703.5390625,0.012616897001862526,-1.001617431640625,6.2850189208984375,0.024374961853027344,282.566650390625,30784.9453125,0.00723741902038455,-1.76577953145073,-1.7881981550955082,-6.353266364853474,1.7895109660102686,12.015625,12.158611111111112,0,0,0,0,0,0,1,0,0
Isabel,2009,2009-09-17 14:00:00,9.59717,-68.1915,wind,16.36174770227741,2.8542693782592283,144.18349564017223,9.444444444,1,-2.1640167236328125,1.87445068359375,0.04165077209472656,294.0830078125,7901.3125,0.015383012592792511,-2.5081939697265625,3.0276336669921875,-0.03946685791015625,291.046630859375,15060.37109375,0.012394451536238194,-2.401947021484375,2.562469482421875,-0.006884574890136719,282.268310546875,31136.109375,0.006830385886132717,-2.786346942371951,-3.922867110374997,-3.483492878448101,3.931615776150723,11.814697265625,12.149166666666666,0,0,0,0,0,0,1,0,0
Isabel,2009,2009-09-17 15:00:00,9.502,-68.06217,wind,17.694748164737334,2.928242637610201,126.7199312719826,0.0,0,-2.093353271484375,2.8301239013671875,0.043175697326660156,294.51171875,7939.63671875,0.015736151486635208,-2.753204345703125,3.629791259765625,-0.015604972839355469,290.78125,15102.9609375,0.012696514837443829,-2.4003448486328125,2.7765045166015625,-0.03364753723144531,282.169677734375,31172.87109375,0.006860880646854639,-3.3701068335772346,-4.37714647234205,-3.5841221208440235,4.55582251176113,12.342041015625,12.14861111111111,0,0,0,0,0,0,1,0,0
Isabel,2009,2009-09-17 18:00:00,9.41817,-67.965,wind,12.876343892144538,2.630185512033651,136.25078909266256,13.05555556,1,-0.7307586669921875,2.563201904296875,0.002315521240234375,296.366455078125,7715.81640625,0.016680769622325897,-2.701019287109375,3.510345458984375,0.016387939453125,291.295654296875,14905.0390625,0.012457707896828651,-2.21484375,3.2398834228515625,-0.065185546875,281.931640625,30965.8203125,0.007328440435230732,-2.3569109829265438,-4.403543714641607,-3.8719772163317856,4.429224585720288,14.434814453125,12.148333333333333,0,0,0,0,0,0,1,0,0
Isabel,2009,2009-09-17 19:00:00,9.154,-67.97083,wind,29.381330006438766,3.413828275223138,181.248170847924,15.83333333,1,0.0246734619140625,2.1617279052734375,-0.11983680725097656,296.7861328125,7563.91015625,0.01665552332997322,-1.077789306640625,1.961334228515625,-0.11727714538574219,291.62548828125,14760.734375,0.012300352565944195,-1.39776611328125,3.602264404296875,0.059085845947265625,282.486328125,30837.3671875,0.007102423347532749,-2.1617524382000695,-1.9373913991595362,-3.570962175453116,2.2379592814561797,14.2998046875,12.146944444444445,0,0,0,0,0,0,1,0,0
Isabel,2009,2009-09-17 20:00:00,8.93167,-68.093,wind,28.12757129507884,3.371685192798564,208.49692976149836,0.0,0,-0.919921875,0.3580780029296875,0.042083740234375,297.16796875,7523.9296875,0.0164625346660614,-1.1393280029296875,0.638824462890625,-0.005373954772949219,291.826416015625,14730.703125,0.012470584362745285,-2.317779541015625,1.999481201171875,-0.08841133117675781,282.079833984375,30796.98046875,0.0078119561076164246,0.12421122787629191,-0.017839519933796066,-0.6513897564172613,1.306202508283936,15.088134765625,12.145833333333334,0,0,0,0,0,0,1,0,0
Isabel,2009,2009-09-18 14:00:00,8.78767,-68.12633,wind,14.534360270936023,2.7430543621410317,186.65584508066308,5.277777778,1,-2.100799560546875,0.20343017578125,-0.11616039276123047,293.409912109375,7885.49609375,0.01601802185177803,-2.8597869873046875,1.2548828125,-0.11995887756347656,290.514404296875,15040.09375,0.013383020646870136,-3.174102783203125,1.80841064453125,0.06138038635253906,282.916748046875,31127.38671875,0.007728468626737595,0.04143472801132711,-0.9149607202506703,-1.4283270504441181,3.1229973560451714,10.4931640625,12.136944444444444,0,0,0,0,0,0,1,0,0
Isabel,2009,2009-09-18 15:00:00,8.61317,-68.15017,wind,19.579652257705092,3.024302833164268,187.6928877611733,6.388888889,1,-2.008941650390625,0.2632598876953125,-0.05975818634033203,293.912109375,7875.75,0.016105324029922485,-2.6541748046875,1.151947021484375,-0.03133583068847656,290.607177734375,15034.37109375,0.013330135494470596,-3.5235137939453125,0.9994964599609375,0.056488037109375,282.85400390625,31121.5078125,0.007762390188872814,0.00803279864541262,-0.7862830380719443,-0.5188320840630125,2.8933761998994623,11.05810546875,12.136388888888888,0,0,0,0,0,0,1,0,0
Isabel,2009,2009-09-18 16:00:00,8.3565,-68.176,wind,28.681427140679464,3.390521501397868,185.68604420659278,9.722222222,1,-1.5274505615234375,0.2804718017578125,-0.06770515441894531,294.5498046875,7807.828125,0.015556089580059052,-1.80718994140625,0.7520751953125,-0.12470626831054688,290.90673828125,14970.87890625,0.013308757916092873,-3.8716888427734375,0.676422119140625,-0.05119132995605469,282.850830078125,31068.4765625,0.007913323119282722,-0.12775601087422772,-0.5693231455517892,-0.28949716764875555,1.9574352054983226,11.698974609375,12.135277777777778,0,0,0,0,0,0,1,0,0
Isabel,2009,2009-09-18 17:00:00,8.23917,-68.217,wind,13.80444443211895,2.694927435156706,199.0775047040875,9.166666667,1,-1.533477783203125,0.3967437744140625,0.000522613525390625,294.503662109375,7736.1796875,0.01610351726412773,-1.6280670166015625,0.626800537109375,-0.001369476318359375,291.058349609375,14906.3125,0.013455644249916077,-4.060516357421875,0.4739227294921875,-0.04908180236816406,282.791748046875,31008.00390625,0.00817345455288887,0.12625887552046972,-0.06024635611323059,0.8792734465435238,1.7445575725284945,11.7119140625,12.134722222222223,0,0,0,0,0,0,1,0,0
